ngo_name,star_rating,review_text
Blooming Lives Foundation,5,"Blooming Lives Foundation is a growing NGO that works for the betterment of underprivileged children through education and healthcare support. Its efforts reflect care and social responsibility, making a positive impact in society. However, it is always wise to verify details before making any donations."
Blooming Lives Foundation,5,“I am grateful to the NGO for providing free computer education. It is a great opportunity to learn new skills and improve my future.”
Blooming Lives Foundation,5,"Yesterday I visited this organisation and that was the best day of my life. I thought why not to visit there. I salute all the volunteers that workhard there for needy people. I suggest people to visit there because there are beautiful and creative kids. This organisation never make them feel poor and alone and treat them so well. I met Mr. Chandan Sir. His ideas, honesty, pure soul will win your heart. And all the volunteers are amazing. Especially thanks to Megha who invited me."
Blooming Lives Foundation,5,"“We know you have a lot of choices when it comes to donating, and we are so grateful that you chose to donate to our cause. ... …"
Blooming Lives Foundation,5,"Blooming Lives Foundation is doing a wonderful job by educating the slum children and at the same time teaching sewing , computers to the people making them self sufficient.The educators are very knowledgable and impart excellent education to the children and adults. I would encourage people to come and support the foundation which is doing an excellent service to the society."
Aastha Nishtha Foundation,5,"Celebrated my friend's birthday here at Aastha Nishtha Foundation and all I have to say is, this place is full of warmth, big smiles and all things loved. Had an amazing experience interacting with kids, the people of the foundation are the sweetest. Thank you for the incredible experience."
Aastha Nishtha Foundation,5,"I cant express in words my gratitude to everyone at Aastha Nishtha Foundation for making this B'day of mine such a special one!! Every kid that you guys help is really a gem and the way they all cheered for me, I couldn't have had a better birthday party! Looking forward to many more celebrations with you all. Thanks again💖 …"
Aastha Nishtha Foundation,5,"I appreciate your efforts.
People like me are just a shadow, but you guys are the front warriors who directly deal with such nobel cause.

Wish you all the best !
May God gives you guys health and strength to achieve all such goal of making life easier to the needy people."
Aastha Nishtha Foundation,5,"Aastha Nishtha Foundation is an innovative NGO, which is working on ground level with communities to provide basic necessities to deprived children. I have participated in the cloth distribution project, it was fabulously organized and …"
Aastha Nishtha Foundation,5,"Aastha Nishtha Foundation is going extra mile in helping the poor kids who can’t effort education and food. I was overwhelmed when they showed me the pics of donation drive which they did for the poor kids for whom I had contributed, I would encourage people to come forward and donate in whatever is in your capacity for these poor kids"
A Giggles Welfare Organization,5,"It is evident that AGWO takes the sole initiatives and responsibilities of delivering food and clothes, thus empowering the weaker sections of the society. It is indeed a commendable initiative taken by AGWO to have a real impact on the lives of the people who really needs a helping hand for upliftment in the society."
A Giggles Welfare Organization,5,"Giggles Welfare Organization (AGWO) supports needy people, disabled children and elderly and poor people in India. This is the best NGO in Delhi NCR that I have ever seen in my life. This NGO works for people who live in slums and are struggling for regular food. Giggles Welfare Organization distributes fresh and healthy food to poor people."
A Giggles Welfare Organization,5,The NGO's advocacy efforts have been instrumental and bringing about policy changes that benefit marginalized communities. They truly understand the importance of influencing systemic  change.
A Giggles Welfare Organization,5,It's an NGO working for mothers who have been abandoned by society. They provide them employment opportunities to develop status to live a dignified life. Hat's off to them.
A Giggles Welfare Organization,5,I admire the NGOs commitment to fostering sustainable livelihood. Their emphasis on environment sustainable and response practices demonstrate their  forward thinking approach
Relief India Trust,5,"It's very good organization which is running for welfare of childrens. I got a call from this organization for donations. I have donate small amount as a donation and i got receipt. I am very happy that organization come forward 1 step for that people which is living in slum areas. I really appreciate your work.
God bless you."
Relief India Trust,5,"I appreciate how this NGO works hand in hand with local communities, respecting their traditions and values. They truly understand the importance of cultural sensitivity in creating lasting change."
Relief India Trust,1,"Crooks running a fraud agency in the name of NGO. They threatened me too over phone many time. Please stop this. Because of you only I am doubting every NGO, who really are working for real good."
Relief India Trust,1,I used to donate this trust...the moment you donate.. every other week these guys will call you and make unnecessary arguments..they start shouting using abusive language if u deny to make contribution...  They also circulate mobile numbers to other organizations the moment you donate so you start getting calls from various organizations even on same day.. i feel there is no point in donating these people..
Relief India Trust,1,"i got a call, i donated, i donated 30,000. i felt good. i felt like i did my bit to save a child.
i got a call again after a gap of few weeks, i wanted to help again, but a …"
CHETNA NGO for Street Children,5,"Chetna works at the grassroots level, ensuring access to education, life skills, and holistic development through well-structured and child-centric programs. The team’s dedication, professionalism, and compassion truly reflect the organization’s mission to create meaningful and lasting impact.  All the best !"
CHETNA NGO for Street Children,5,"Chetna is doing truly meaningful work for vulnerable children, combining care, education, and protection in a very thoughtful way. Their dedication and on-ground efforts are inspiring and make a real difference."
CHETNA NGO for Street Children,5,"CHETNA NGO is doing amazing work for street-connected children. Programs like Nanhe Parinde bring education through mobile classrooms, while Balaknama and Badhte Kadam empower children by giving them a voice and leadership opportunities. Truly inspiring efforts by a dedicated and passionate team!"
CHETNA NGO for Street Children,5,Chetna NGO has reached at new high level and has been rewarded time to time for its selfless service to the very lower rung community of society. They have achieved a great success and will reach at new level. Great congratulations to the dedicated NGO management and it's due hard workers..
CHETNA NGO for Street Children,5,"Since 2006 and the till today I am with CHETNA. From the bottom of my heart, I thank you and appreciate all you have done. CHETNA your every second dedicates for under privileged children. The way of working is highly admirable, "" even when everyone is staying at home in the days of CORONA period, the dedicated team of CHETNA was exist on street & helping to the vulnerable kids.
""I love the best NGO CHETNA"" 🤩🤩"
PHIA Foundation,5,A new NGO working on rooting out caste and class based discrimination. Support phia foundation in leading the change that we want to see in our society.
PHIA Foundation,5,Working with most marginalized groups
PHIA Foundation,5,Very nice place
India Vision Foundation,5,INDIA VISION FOUNDATION doing the great job. I am inspired by the way of work. Thank you to all the team member of IVF
India Vision Foundation,4,Great to see my ideal Ms.Kiran Bedi
India Vision Foundation,5,I have a very good experience with this services
India Vision Foundation,5,Office  is  always  good
India Vision Foundation,5,Most reliable NGO.
MISSION HEAL,4,"It's an Honest NGO working for children's healt, safety, education, food.....helping them to grow."
MISSION HEAL,5,Every country and society has these types of people who are selflessly working for the needy people without any hesitation.
MISSION HEAL,5,Great work they are helping children and women near slums.
MISSION HEAL,5,nice NGO
Giggles Foundation,5,Great job giggles foundation
Giggles Foundation,5,Great job 👍 …
Giggles Foundation,5,Good 👍 …
Giggles Foundation,5,Great job Giggles Foundation👍 keep it up🤘 …
Giggles Foundation,5,"Focus on your most significant achievements, relevant skills,and experiences that set you apart"
Blue Pen Trust (NGO),5,Wonderful NGO of NCR Delhi region..Kudos to Well educated Volunteers who kept conducting educational sessions for slum kids/Women all over NCR Delhi inspite two year long Covid crisis..God bless you all
Blue Pen Trust (NGO),5,"Wonderful NGO of NCR Delhi region
Amazing NGO...provides education slum and poor children's good work 👏🏻 …"
Blue Pen Trust (NGO),5,This is the right place to worship god. You see the real gods in those kids. You will really feel blessed and the internal happiness.
Blue Pen Trust (NGO),5,"Amazing NGO...provides education/Vocational training to slum/flyover kids/women, every Sunday"
Blue Pen Trust (NGO),5,"Good NGO
God bless you all"
Smile Foundation NGO in Delhi,5,"Asha Foundation is a truly inspiring NGO that works selflessly to uplift underprivileged communities. Their efforts in education, healthcare, and women empowerment are making a real difference. Grateful for the positive change they are bringing to society!"
Smile Foundation NGO in Delhi,5,"Smile foundation has brought itself up as a beacon of hope by transforming communities by understanding and helping them. Their variety of approaches such as focusing on education, healthcare, women empowerment, and livelihood, makes them a vital contributor for the people who need it the most in their current situation."
Smile Foundation NGO in Delhi,5,"Smile Foundation is a revolutionary organization that has not been just education under-privileged children but has also been working to spread it's message to sensitize the society. Hats of to you! With people like you working relentlessly, we will one day surely realize our dreams of no child illiterate.
I enjoyed working their .  teams are good, every department have their own capabilities and positive energy. Its not only work for education of underprivileged children but also work for the health of the communities who are leaving in the far to reach areas like: villages of Bihar... Uttarakhand etc..... Good Going organization.... i hope some day in future....i will be back with same enthusiasm and zeal. Thanks for reaching the unreached population of India SMILE keep rocking :)"
Smile Foundation NGO in Delhi,5,"Smile Foundation is a revolutionary organization that has not been just education under-privileged children but has also been working to spread it's message to sensitize the society. Hats of to you! With people like you working relentlessly, we will one day surely realize our dreams of no child illiterate. :)"
Smile Foundation NGO in Delhi,5,Really doing a Grt job foe Children's Education Womens Health and many more things. We should all unite and help them for the purpose and cause they are fighting for. I wish all the good luck to Smile Foundation.
Child Heart Foundation,5,"I feel truly grateful to be connected with Dr. Vikas Kohli and his amazing team at Child Heart Foundation for more than 9 years now. My son Arnav has been under his care for regular checkups, and the improvement we’ve seen over the years is incredible. Today, seeing Arnav talk to Dr. Kohli so comfortably, almost like friends -  really amazes me.

Dr. Kohli is not just a doctor for us; he has been like a father figure during some of the most difficult times in my life. When my own father was suffering from liver cirrhosis, he personally connected with doctors in my hometown and guided us beyond his responsibility. That kind of care and humanity is very rare.

Every time I meet him, he doesn’t just ask about reports—he talks about health, family, and even life, just like a caring elder would. That bond is something I deeply value.

I would also like to mention Sunita Mam, who is an equally wonderful and supportive personality. The entire team is doing incredible work -- helping, guiding, and supporting every child and family with genuine care.

I wholeheartedly recommend Dr. Kohli and his team. They are not just treating patients - they are touching lives. 🙏"
Child Heart Foundation,5,Child Heart Foundation is one of the best NGOs in India supporting children with congenital heart disease (CHD). Their team helped a family in need access life-saving pediatric heart treatment and surgery support. Their dedication to child healthcare and heart disease awareness is truly inspiring
Child Heart Foundation,5,Dr.V. Kohli is God for child.he is gentle and polite.i met him in Apollo Hospital for my child. Thank you .dr.
Child Heart Foundation,5,"Such a wonderful NGO. This NGO is working for children who has congenital heart disease who are below the age of 18 yrs. From economically challenged families.
A great Salute for Dr. Vikas Kohli and his entire team and staff for their support. I am very thankful 🙏 to Dr. Vikas Kohli sir and Dr. Gaurav Kumar and his team CTVS at Apollo hospital  For doing a best job . They saves my daughter keshvi's life. For me Dr. Vikas Kohli's is not less than God. He makes my daughter happy and healthy."
Child Heart Foundation,5,"""Delhi Child Heart Foundation is truly a blessing for children in need of cardiac care. Dr. Vikas Kohli is not only an exceptionally skilled doctor but also a compassionate human being who treats every patient with genuine care. The staff is equally supportive, professional, and kind, making the entire experience smooth and comforting for families. Grateful for the dedication and heartfelt service they provide."""
Narayan Social Welfare Foundation,5,"I have been associated with the Narayana Social Welfare Foundation (NSWF) as a volunteer for three years and have personally witnessed their impressive work. It is run by teams of doctors, medical students and dedicated individuals. The organization is truly inspired by their vision: “EACH ONE CARE ONE, EACH ONE TEACH ONE”, NSWF provides essential health and education services to those in need, including early detection and treatment of diseases like cancer. I am glad that the services never consider caste, creed or class! I support NSWF for its selfless dedication and its valuable contribution to society. I am honoured to continue volunteering with them to serve society for a lifetime."
Narayan Social Welfare Foundation,5,They helped my mother for her early cancer detection...health camp really helpful for people who doesn't know about serious disease...thank you narayan social welfare and Dr Rajeev for helping us...👏 …
Dhyan Foundation,5,"Recently saw an injured animal and contacted Dhyan Foundation... They sent help instantly and rescued the animal and gave treatment and later rehabilitated at their shelter.

Later attended one of their sessions relating to sanatan kriya and bringing the body into a state of balance... I must say it was a wonderful experience. Very calming and different.

I have also visited some of their animal shelters and gaushalas across the country... Thousands of animals and selfless care being given by the volunteers. Have also seen many high profile people volunteering selflessly here.... Great work being done."
Dhyan Foundation,5,I called them to treat a stray dog. They came on the same day and injected the dog and saved her life. I am really grateful to them for their service. They are doing a commendable job for animal welfare.
Dhyan Foundation,5,This NGO responds quickly and makes every possible effort to help animals in need. Their dedication and care are truly commendable.
Dhyan Foundation,1,"Worst foundation ever! On their page, they mention that they work 24×7. There’s a dog in my friend colony (RK Puram, Delhi) who has been barking for the last 30 minutes and is injured, unable to walk. I thought calling the NGO would be the …"
Dhyan Foundation,1,"i would give 0 if i could, their volunteer are so rude i asked them to help a street cat he still need a surgery. he got injury in his eyes i checked with vet and he told us that cat has conjuctivities and corneal ulcer and it required a surgery to save his eyes, but it costs a lot 30k for whole procedure. i called them to help and provide some clinics which can treat this under low price and they clearly say ma'am aap bologe k hum pocket se nikal kr de de nge to nhi ho sakta ap FB insta pr post kr do humse nhi hoga kuch,, he was so rude i called him on 12th feb'26 at 3:28 PM whoever the guy volunteer that time has no audicity to help just wanted to cut the call anyhow"
Orphans in Need,1,I have reason to believe this is a scam . The address they have on their website. Not just here in India also the other countries. Are not for some other business. Also when to ask to get involved and help they just not answer.
Orphans in Need,1,"Horrible place to connect with. I am a social worker, contacted them to try collaborating with them and help them, the person who picked up the call was so rude. Talked to me as if I’m his slave or something. Disrespectful. Mean. I doubt if this organisation is even real at this point."
Orphans in Need,1,Didn't find the place.. called the given no but no one picked..i think this is totally fraud
Orphans in Need,5,Great work in helping orphans in need.
Orphans in Need,5,I am graduated in bachelor of pharmacy.
Agewell Foundation,5,"The foundation has conducted two workshops for senior citizens at the A and C block Saket, New Delhi. Very nicely and methodically the boys have helped our elders learn the basics of mobiles and computers. Raj and Abhijeet  are very sincere and patient with everyone.  All the participants were very happy and  confident after conclusion of the workshop."
Agewell Foundation,5,Am very much impressed with the work of your organisation. Your trainers have shown immense patience and have been very good at explaining all the procedures. Because of this I am now very much more confident in the use of both mobile and …
Agewell Foundation,5,I am thankful to Agewell Foundation for providing free services to Senior Citizens in computer and Mobile applications. I am equally thankful to Shri Raj Kumar and Sh. Jagdish for the excellent tutorial and dedicated services rendered towards the same. Hope Agewell shall keep on conducting such courses in future too.
Agewell Foundation,5,The training imparted to Senior citizens forum members in Gulmohar park by Agewell Foundation during August 2019 was very useful. We got to know of many practical applications in  Mobile and computer which we could use in day-to-day life.
Agewell Foundation,5,Excellent work. Were very happy and want learn more. Want more classes. Agewell doing very great Job. Abhijeet and Raj very well instructors. They have very patience.
"Sewa Bhawan, National NGO",5,"'National Organisation For Social Empowerment’ is one of the best NGO based in Tughlakabad, New Delhi. They ensure that every underprivileged child is given proper education and healthcare facilities."
"Sewa Bhawan, National NGO",5,I visited ‘National Organisation For Social Empowerment’ and was glad to see the good work they’re doing for the underprivileged people of the society.
"Sewa Bhawan, National NGO",5,‘National Organisation For Social Empowerment’ provides free education to poor children of the society. Keep up the good work guys.
"Sewa Bhawan, National NGO",5,I am so happy to see that ‘National Organisation For Social Empowerment’ provides free music classes to underprivileged students who wants to do something in the field of music.
"Sewa Bhawan, National NGO",5,They are doing a great job for the welfare of the society and are providing free education and health care facilities to the needy people.
SPYM Targeted Intervention Program For IDUs,5,"De-addiction Centre an amazing place to leave all your addictions, a better guidance for future open and supportive environment regular councelling. Patients can easily stay healthy meals separate beds 24/7 doctors from AIIMS for every consultation."
SPYM Targeted Intervention Program For IDUs,5,Best humanitarian work that an organization can do. Must visit to see the passion in the work and its outcomes. God bless DR Rajesh founder of SPYM
SPYM Targeted Intervention Program For IDUs,5,Had a very enlightening experience during my volunteership with SPYM Shelter Home. Would recommend others to join their mission as well for the upliftment of marginalised populations in order to bring a change.
SPYM Targeted Intervention Program For IDUs,5,This place offers deaddiction facility. Doctors from National Drug Dependence Treatment Centre AIIMS New Delhi visit here twice a week. Patients are treated for free. They are given medical and psychological treatment. Their families are educated about the addiction problem and taught how to help their loved one. Even homeless people are admitted and treated in a non judgemental and warm environment.
SPYM Targeted Intervention Program For IDUs,5,This is the best place for leave addiction
Tare Zameen Foundation (NGO),5,"They seek to make positive change in the lives of underprivileged children,women's and divyangs and also encourage like minded people to contribute for it....."
Tare Zameen Foundation (NGO),5,"Tare Zameen Foundation is the place where I learned about love and affection, and how small things can make you happy. And how small steps can make bigger changes in someone's life."
Tare Zameen Foundation (NGO),5,"I must say they are working very hard to spread love all over they can I visited their,staff were really hardworking and children i was fall in love with them.  I really want to get in touch in future also and as well I'll support them ."
Tare Zameen Foundation (NGO),5,"I had the opportunity to work with Tare Zameen Foundation, and I truly appreciate how they are addressing multiple important causes. Despite being a young organization, their dedication and supportiveness are remarkable. Everyone I interacted with was incredibly supportive, and I can see them achieving great success in the future. Wishing them all the best in their mission!"
Tare Zameen Foundation (NGO),5,I had an amazing experience with Taare  Zameen Foundation .They do lots of activities for the underprivileged. I was happy to be associated with them.
Bibharte Ngo Delhi NCR - India,5,"The NGO is doing a great job by helping children learn and grow. The volunteers are kind, supportive, and always ready to help. They organize meaningful activities that make learning fun and help improve the lives of many children. It was a wonderful experience to be a part of such a caring organization. I really appreciate their hard work and hope they continue making a positive difference in the community."
Bibharte Ngo Delhi NCR - India,5,One of the few organisations that truly believes and focuses on women empowerment and child development doing activities round the clock. Feels great to be associated with such an organisation with a genuine cause
Bibharte Ngo Delhi NCR - India,5,"⭐⭐⭐⭐⭐
Bibharte NGO is doing truly outstanding work! Their dedication to helping underprivileged communities is inspiring. The team is compassionate, professional, and …"
Bibharte Ngo Delhi NCR - India,5,"I HAVE A LOT OF CLOTHES , WASHED AND IN GOOD CONDITION ,, ( WOOLEN , SUMMER MIX) ,, SOMEONE PLEASE SUGGEST ME HOW TO SELL / DONATE ONLINE ,, OR SUGGEST ANY IDEA IF U HAVE .. OR ANY NGO PICKUP"
Bibharte Ngo Delhi NCR - India,5,Bibharte NGO is truly inspiring to see a strong focus on women empowerment—highlighting inclusive leadership and fostering a culture of equal opportunity and growth. Kudos to the team for setting a great example!
Youth For Seva - Delhi,5,"I volunteered at two two government school
. They were primary school. It was so new for me to interact with kids and it felt so wholesome. Their smile,their warmth ,their innocence and what not.
They were literally the best.
Love them so much."
Youth For Seva - Delhi,5,"These children are amazing and spending time with them and teach them a opportunity for me
I learned so many things from them …"
Youth For Seva - Delhi,5,Had a great experience. Though it started raining but still everything was managed smoothly. Glad to be a part of Navodit event.
Youth For Seva - Delhi,5,Youth for seva is a national -wide volunteering movement that inspires youth to volunteer &provides them with meaningful opportunity to serve the community
Youth For Seva - Delhi,5,It was a amazing experience and I have learned so much from this experience.
ISHWAR NGO,5,"Ishwar NGO provides a truly supportive and caring environment for children. The teachers give great hands-on attention to every child, making sure no one feels left out. They are patient, kind, and genuinely dedicated to helping kids learn and grow.

The environment is warm, friendly, and safe, which makes children feel comfortable and happy to participate. The activities are engaging and educational, helping in both personal and academic development.

It’s wonderful to see an organization that focuses not just on studies, but also on building confidence and life skills in children. Truly doing meaningful work for a brighter future!"
ISHWAR NGO,5,"Our experience at Ishwar NGO was truly heartwarming. The children were incredibly kind, enthusiastic, and responsive throughout the session, making every activity engaging and meaningful. Their eagerness to participate and learn created a …"
ISHWAR NGO,5,"Ishwar NGO’s computer class is very helpful and well-organized. The teachers are supportive, patient, and explain concepts in a clear and simple way. The learning environment is friendly, and practical training is given importance, which helps students gain confidence in using computers. This computer training program is well-structured and beneficial for building strong computer fundamentals. I am thankful to Ishwar NGO for providing such a great learning opportunity.
Thank you so much 💓...."
ISHWAR NGO,5,"I truly admire the work this NGO is doing for society. Their dedication, transparency, and commitment to helping people in need are clearly visible in every initiative they take. The team works with honesty and compassion, ensuring that …"
ISHWAR NGO,5,"ISWAR NGO is doing commendable work for social welfare and community development. Their dedication towards education, awareness, and helping the underprivileged is truly inspiring. A genuine organization making a real difference."
Volunteers Of Change-NGO,5,"""VOLUNTEERS OF CHANGE"" is the best platform for us to do something well for society and education field. The key to success is devotion,dedication and proper direction given by our co-ordinator. VOLUNTEERS OF CHANGE is now leading organisation, working at grass root level in order to change okhla."
Volunteers Of Change-NGO,5,"Volunteer Of Change is working towards bringing betterment to the lives of others, which is a very kind step for the community. My experience with the organization have been a great source of learning for me.
I wish a lots of success to the organization in future so that they can keep on doing this great work for the welfare of the society."
Volunteers Of Change-NGO,5,"Volunteers for change -NGO is doing wonderful job to bring a positive change in our society.
I would like to thank VOC for giving our group a chance to serve our society.
Then I would like to thank Ata sir who guided and supported us ."
Volunteers Of Change-NGO,5,"I would like to express our feeling towards this NGO.
As a volunteer I will thank full to you and  your work towards our  society.
Your NGO play an vital role to providing education to the children. …"
Volunteers Of Change-NGO,5,I am very pleased to say that my experience of associating with Volunteers Of Change has been excellent and I feel it is a privilege too. My appreciation for the excellent work with Mr. Ata khan sir is carrying out in uplifting under- privileged children.
SMART NGO,4,Very good
SMART NGO,5,Good one
SMART NGO,5,"🙏 Namaste. Greetings from Colombia, South America.
I think your radio station, Mewat, is excellent.
Fighting for gender equality.
It's very sad to see the lack of respect for women on that continent.
Blessings 🙏"
SMART NGO,5,News of Hakam Mahoon
SAMAJ SUDHAR TRUST | NGO | DELHI | INDIA,5,Very good work
SAMAJ SUDHAR TRUST | NGO | DELHI | INDIA,5,SAMAJ SUDHAR TRUST is a really working organisatio. I appreciate the overall team of the organisation for working fearly for the welfare of the needy people.
SAMAJ SUDHAR TRUST | NGO | DELHI | INDIA,5,Very good work sst
SAMAJ SUDHAR TRUST | NGO | DELHI | INDIA,5,Very good work
SAMAJ SUDHAR TRUST | NGO | DELHI | INDIA,5,Excellent work done by Samaj sudhar trust in south east dist in jamiya nagar.... Saheen bagh okhla...
A Way of Happiness Educational Society AWOHES (NGO),2,A new and upcoming nonprofit mainly driven by the passion of committed youngsters. Location is interior with challenging access.
A Way of Happiness Educational Society AWOHES (NGO),4,You are doing a great job. Congratulations!! Keep going...
A Way of Happiness Educational Society AWOHES (NGO),5,"Great place, wherever child and woman educated is equal"
A Way of Happiness Educational Society AWOHES (NGO),5,Well done and well deserved for more appreciation.
A Way of Happiness Educational Society AWOHES (NGO),4,"Nice faculty, amazing teaching style"
Saviour Foundation,5,"I loved how saviour foundation is working towards the wellfare of society , education kits and programs for the underprivilege children . I loved working with them and i will try to be in contact with them in future too."
Saviour Foundation,5,"I had a wonderful experience with Saviour Foundation. The organization is genuinely committed to serving the community through meaningful social initiatives. The volunteers are dedicated, compassionate, and always eager to make a positive impact. Their efforts in environmental awareness, health camps, and community welfare are truly inspiring. I highly recommend Saviour Foundation to anyone who wishes to support or be a part of positive social change."
Saviour Foundation,5,It was a truly rewarding experience to volunteer with your organization during my HVOC program. The dedication and compassion shown by everyone involved were deeply inspiring. I learned so much and felt privileged to contribute to your …
Saviour Foundation,5,"I had a great experience volunteering with Saviour Foundation. The team is supportive, well-organized, and truly dedicated to helping society through education, environmental awareness, and community service. It was a meaningful experience that helped me learn new skills while making a positive impact. I highly recommend Saviour Foundation to anyone interested in social work."
Saviour Foundation,5,"Volunteering with this NGO has been a wonderful learning experience for me. Through different activities like awareness campaigns, research work, and community service, Every task helped me develop new skills and boosted my confidence. …"
Blessings NGO,5,I really admire the amazing work done by Blessings NGO. They are truly making a difference in people’s lives through their dedication and compassion. It feels so good to see how genuinely they help those in need without expecting anything in return. Their efforts towards uplifting society are truly inspiring. We all should support such organizations so they can continue spreading kindness and hope. Keep up the great work! 🙏💖
Blessings NGO,5,Me and my friends had a great and wonderful experience at Blessings NGO. Everyone was very supportive and collaborative during our shoot especially the children and Hina ma'am...Thank you so much for giving us your precious time😊 …
Blessings NGO,5,"My experience at Blessings NGO was truly exceptional. Teaching underprivileged children basic English and computer skills for a month left a profound impact. The team's unwavering dedication, comprehensive curriculum, and focus on holistic …"
Blessings NGO,5,Whole Team of Blessing NGO is amazing . I will recommend everyone who wants to be a volunteer in NGO to join Blessings NGO . Students coming to the NGO they are capable of doing greats in their life and blessings is helping them to fulfill their dreams . If I get free time I will surely go and reach them again . My experience was fantastic 😍 . It was a wonderfull time that I spend there 💖. I would like to say thanks to Mishkat ma'am for giving me the opportunity to be a part of Blessings NGO .
Blessings NGO,5,"It was a great experience at blessings NGO.
Nishat mam and her team is doing a fabulous work to empower women and children and to give them a brighter future. I would recommend many more people to come forward and connect to this NGO and get inner satisfaction and peace."
"TRY NGO "" Transforming Rural Youth """,5,"I am deeply impressed by the incredible work this NGO is doing to uplift marginalized communities. Their initiatives in child empowerment, quality education, healthcare, women's empowerment, and poverty alleviation are creating meaningful and lasting change. What stands out most is their genuine commitment to improving lives and providing opportunities for those who need them the most. The organization is well-organized, transparent, and driven by a strong sense of social responsibility. It is truly inspiring to see the positive impact they are making in society."
"TRY NGO "" Transforming Rural Youth """,4,TRY NGO is doing remarkable work in the field of child development and community welfare. The organization believes in empowering people through education and awareness instead of simply providing temporary assistance. I was impressed by …
"TRY NGO "" Transforming Rural Youth """,5,"I am highly impressed by the work of this NGO. It is dedicated to improving the lives of people and making a positive impact on society. The organization works tirelessly to support underprivileged communities through various social welfare programs, educational initiatives, health awareness campaigns, and community development activities.
The team members and volunteers are hardworking, compassionate, and committed to their mission. Their efforts have helped many individuals and families overcome challenges and build a better future. The NGO maintains transparency, professionalism, and a genuine concern for the well-being of the people it serves.
What I appreciate most is their dedication to creating lasting change rather than providing only temporary solutions. Their projects are well-planned and effectively implemented, benefiting a large number of people. This NGO serves as an inspiration for others to contribute to society and work towards a more inclusive and caring community.
I sincerely appreciate the remarkable work being done by this organization and wish them continued success in all their future endeavors. Their contribution to society is truly valuable and deserves recognition and support.

This NGO is doing excellent work for the welfare of society. The team is dedicated, supportive, and committed to helping people in need. Their efforts create a positive impact on the community and inspire others to contribute to social causes. I truly appreciate their hard work and wish them continued success."
"TRY NGO "" Transforming Rural Youth """,5,"Volunteering with TRY NGO Noida was a valuable and enriching experience. During my time there, I had the opportunity to interact with children and conduct awareness sessions on personal hygiene and healthy habits. One of the key activities …"
"TRY NGO "" Transforming Rural Youth """,5,"TRY NGO is more than just an organization—it is creating meaningful change in the lives of children and communities. Their dedication to educating underprivileged children and empowering women is truly inspiring. Volunteering with the team through teaching sessions, educational activities, and community visits was a rewarding experience. Their compassion, commitment, and vision for a better future are genuinely making a lasting impact. Wishing the team continued success in transforming many more lives!"
Swechha India,4,"I'm Feeling Very Glad that I Visit Here. Best Place With Creative Minded People's. Beautifully Designed Everything either it is Sofa, Mirror, Handbags, Chairs, Pillows, Bottle Bulbs etc. Everything is Mesmerising. I Have Only One Word to Describe the Place and People who Worked Here and i.e. Amazing. You Guys Are Amazing, Your Work is Amazing.!"
Swechha India,5,"Beautiful office, full of life. People are amazing. Love the vibe of this space!"
Swechha India,1,Worst NGO...... everyone is so busy that they can't even fill a feedback form for my internship.....haha.... thankyou for letting me grade  C  in internship project of my university
Swechha India,4,One of the great NGOs of Delhi working the cause of uplifting children and educating them. Their initiative of making Yamuna clean is also very laudable.
Swechha India,5,Dedicated group of people who are working for increasing Delhi's forest cover and setting example on how to use plastic waste in productive way.
SCP FOUNDATION NGO,5,"SCP FOUNDATION is a registered non-governmental organisation (NGO) working in the areas of education, healthcare and skill-development.

To create self-sustaining employment opportunities for the women and youth. To promote the various social causes of SCP Foundation and other social organisations through programmes, etc…

To promote and encourage the education, welfare, empowerment and the uplift of women and children.

Thank for good work
Prasant kumar
Rajnagar, Madhubani
Bihar."
SCP FOUNDATION NGO,5,A place where you feel connected. Dignity of people. Value of the work! I feel amazed and great learning experience whenever I visit SCP FOUNDATION. Thank you for everything 🙏❤️ …
SCP FOUNDATION NGO,5,I am student of scp and i am doing there diploma in graphics designing course.ths institute is doing a great work for digital india it has a great feculity for students there has a great teachers in scp.
SCP FOUNDATION NGO,5,"I like social social Event.
SCP FOUNDATION NGO IS Working as
Skill development program  at  Madanpur khadar sarita vihar delhi."
SCP FOUNDATION NGO,5,"This NGO is help to helpless people and support student education...
So, I like SCP FOUNDATIN NGO NEW DELHI."
Indian Social Responsibility Network,5,"A Committed Organization Driving Social Impact Across India!

Indian Social Responsibility Network (ISRN) is a highly dedicated and visionary organization working tirelessly to create meaningful change at the grassroots level. Their efforts span across critical areas like health, education, agriculture, capacity building, and social awareness, with a special focus on empowering underserved communities.

What sets ISRN apart is its ability to bring together government institutions, civil society organizations, and corporate entities to collaborate under a shared vision of sustainable development. Their professionalism, transparency, and people-centric approach truly make a difference.

Having witnessed their work firsthand, I can confidently say that ISRN not only delivers impactful programs but also builds lasting community engagement and trust. A highly recommended organization for anyone looking to support or partner in social development initiatives in India!"
Indian Social Responsibility Network,5,Mr. Gupta is one of those persons whom you always wanted to come across with. Nice to get his views on few of our upcoming projects. …
Indian Social Responsibility Network,4,Around 800m from South Extn. Metro station (Pink Line)
Indian Social Responsibility Network,5,Superbzzz....alll the stafff of ISRN is Good work ...osmeee
Indian Social Responsibility Network,3,For CRS
Shubh Lagan Divyang Foundation,5,I'm seeing this ngo from past 6 to 8 months and there work are so nice and they help many physically disabled childrens Great work seriously . May God bless this NGO
Shubh Lagan Divyang Foundation,5,I have donated here and this ngo is doing super great work may God bless them they are helping disable childs and poor girls for their education and marriage.
Shubh Lagan Divyang Foundation,5,I have visited personally to ngo and I am very glad to see how they help handicap and disable people I really appreciate for their work and feeling so proud and happy that they giving there 100 percent to there work and giving there precious time God bless you always shubh lagan divyang foundation
Shubh Lagan Divyang Foundation,5,This NGO is genuine and helps the needy in time. Keep up the good work. Godspeed to you.
Shubh Lagan Divyang Foundation,4,"I really appreciate to this ngo work regarding health care, disable people ,etc ..  blessings"
Jiyo Jaago Foundation,5,Excellent
"Asha Foundation (NGO), Best NGO in Delhi NCR,Top NGO in Delhi",5,"I had a wonderful  experience  with this ngo
The team  is dedicated  supported  and genuinely  committed to helping  the community."
"Asha Foundation (NGO), Best NGO in Delhi NCR,Top NGO in Delhi",5,Excellent ngo with a dedicated team highly recommend for education and community service☺☺
"Asha Foundation (NGO), Best NGO in Delhi NCR,Top NGO in Delhi",5,This ngo is making education accessible and helping people achieve their goals 🙏🏻 …
"Asha Foundation (NGO), Best NGO in Delhi NCR,Top NGO in Delhi",5,Highly recommended for anyone looking to learn growth and contribute to the community 😃 …
"Asha Foundation (NGO), Best NGO in Delhi NCR,Top NGO in Delhi",5,"Asha Foundation is one of the best NGOs in Delhi NCR, working tirelessly for social welfare and women empowerment. They offer valuable courses like Computer, English Speaking and Stitching, helping many become self-reliant.

Their work also includes plantation drives, sanitary pad distribution and other community initiatives that make a real difference. A dedicated team, impactful work and a genuine mission, Asha Foundation truly deserves appreciation. ❤️"
Sankalp NGO,5,This is really a good place where u give education to underprivileged children which develop a sense of responsibility in you and also it will make you understand what hardship they face. It’s never too late to help someone like them which will develop a sense of good feelings in you.
Sankalp NGO,5,SANKALP is working for social cause which makes me feel proud.  We have a NGO that is really uplifting the needy people and empowering the society. Thank you for the remarkable work.
Sankalp NGO,5,I enjoyed talking to the children
Sankalp NGO,4,Children is very beautiful gift from god and many more children are in problem this ngo helps the children
Sankalp NGO,5,I really appriciate their work
Sakshi Ngo,5,'Sakshi' is doing some amazing work during the current pandemic. Very impressed with the outcomes they have achieved. Bravo team!
CanKids KidsCan,5,"You will have life time experience, when you visit this center and have interaction with children who are suffering from deadly diseases but their energy level for phenomenal."
CanKids KidsCan,4,This place is designed for kids fun.
CanKids KidsCan,5,This is a good place for cancer patients
CanKids KidsCan,5,Donate for these children... Who r recovering from cancer
CanKids KidsCan,5,Place to stay for Kids with Cancer and thier families
UDAAN - NGO for education development,5,"Udaan is doing a tremendous job by helping underprivileged children. They are working to empower slum children and take them to heights. Reaching to the unreached is their goal. My best wishes to Udaan and prayers for children. All the Best. Kudos to the team. People can help, support, volunteer and be a part of this noble cause which they are doing in improving the lives of children."
UDAAN - NGO for education development,5,If it is about quality education to all udaan is the one place that comes to my mind. Udaan is doing an amazing job by helping young children come a step closer to their dream!
UDAAN - NGO for education development,5,UDAAN is a revolutionary organization that has not been just education under-privileged children but has also been working to spread it's message to sensitize the society. Hats of to you! With people like you working relentlessly.
UDAAN - NGO for education development,5,Path breaking work by Mrs. Suri. Beautiful computer lab setup in Vasant kunj. Wish there are more such people making honest efforts for education to reach the last child in the society.
UDAAN - NGO for education development,5,Absolutely amazing what this NGO is trying to do. Education is the light that can guide people through their lifetime and this organization is giving the same light to these children who otherwise would have not gotten a chance to gain the same.
Prabhaav Foundation,5,Prabhaav foundation  has given the best platform to a lot of students and I believe it has helped in nurturing the life of many kids. The teaching is very systematic and it is an amazing experience volunteering with them. Great Work.. Great NGO… Prabhaav  Foundation.
Prabhaav Foundation,5,Good
LITTERAE Foundation,5,I like the teaching way. I have completed one year diploma course in office management. The teachers were soo good and amazing. I am very happy to be part of this institute. Thanks to litterae foundation. ❤️❤️❤️❤️😊😊😊😊 …
LITTERAE Foundation,4,"My name is Sanjana. I did office management diploma course from Litterae Foundation. I had subjects like functional english, office management, business english communication and Computer.
The teachers were Good. I had a great time there. The education they are providing is excellent. I also had my 6 months internship as Data Entry Operator in MCD School from this institute.
It is best for those who are not doing regular colleges because they took regular classes there with interesting topics everyday. I can say there we had fun and practical learning Both. So I just want to say thankyou so much Litterae foundation."
LITTERAE Foundation,5,"After 12th, students do not understand what to do and what not to do. All the information regarding the course will be provided to you so that you can do it. I have done course from litterae foundation. …"
LITTERAE Foundation,5,I joined litterae foundation right after my school...I didn't know about what to do after my school...but at the right time .. Ms rajni vashisht ma'am came and guided us to do diploma and also sent us school to training. it really helped a lot. From litterae foundation I learnt that experience and knowledge matters a lot not the the other thing.
LITTERAE Foundation,5,"I have completed one year diploma . It's a great experience for me. I learnt many things about teaching. Had a great funn.
Thanks to all teachers ❤️❤️"
EHSAS ’81 Foundation,5,Nice work with children
Helping Hands Ngo,5,Helping Hand is making a powerful impact by turning unused medicines into lifesaving resources for those in need. Their thoughtful approach ensures that nothing goes to waste and every contribution counts. It’s heartening to see their dedication to health and well-being in action.
Helping Hands Ngo,5,This NGO is incredibly compassionate and genuinely dedicated to the well-being of the individuals they support!
Helping Hands Ngo,5,"This NGO is a beacon of empathy, showing unwavering dedication and heartfelt care for those in need!"
Helping Hands Ngo,4,Your contact no
NIKSHAY FOUNDATION,5,Nikshay foundation is a very good NGO for all type of people who are struggling from there life the NGO gives them the opportunity to achieve goals in their life.
NIKSHAY FOUNDATION,4,South delhi best NGO for youth development and women employment livelihood
NIKSHAY FOUNDATION,5,"Excellent Foundation. Here Team Work is on ground level where vulnerable sections of the society get their rights regarding Health , Food,Safety, Hygiene, awareness on several issues that are increasing day by day etc.Always Ready To Serve the Society"
NIKSHAY FOUNDATION,5,Doing really good job. Big aim and open mind set really impressed by current projects and also future or upcoming event and project. All staff members are really sweet and helpful 😊..... Keep spreading positivity and good vibes guys❤️ …
NIKSHAY FOUNDATION,5,Very good NGO for youth and women's
Plan International (India Chapter),5,"One the leading Child Rights NGO in India. Part of Plan International.
A team of dynamic leaders and professionals committed to make positive changes in the lives of girls and boys."
Plan International (India Chapter),1,"Looks fraud. Called their contact numbers to stop deducting money from my account every month, but they always ask me to call another number who never picks calls. I tried few times, but no success. Avoid."
Plan International (India Chapter),4,Such a great organisation and happy culture
Plan International (India Chapter),4,It's a corporate office. Bit of parking issue if you travel via 4 wheeler.  But rest is good
Plan International (India Chapter),5,Nice offices. Well planned building. But reception sometimes has no clue about the offices.
CareForLife Ngo,5,Best ngo
CareForLife Ngo,5,Care for life is doing good job helping people is a sense of satisfaction feel blessed to be a part of it
CareForLife Ngo,5,If u care for others Care for Life is there with u standing in odd times.
CareForLife Ngo,5,"The truest of the true group of humans serving HUMANITY.
Hats off.🇮🇳🇮🇳🇮🇳🇮🇳🇮🇳 …"
CareForLife Ngo,5,Good job care of life ngo
National Rehab center,1,"got a call from one of the executive for help, so I asked her to drop me a whatsapp with all details. so she dropped a whatsapp but I already made I some donation with other ngo and thus I said sorry to her.

Then she wrote me a very big emotional message which I attached herewith.

is this the way to seek help, can understand the feel , and hard work NGO people are doing but  this is no way .

Really disappointed."
National Rehab center,5,"The ‘National Organisation For Social Empowerment’ provides free food to all the underprivileged people under their Project National NGO Kitchen. They feed around 500-600 people on daily basis. Kudos to the team, All the best guys."
National Rehab center,5,"this ngo is taking a great initiative to help to poor for their health and education. i really appreciate the team's work they are doing it all together, i wish them good luck and all the best for the future."
National Rehab center,5,"It’s good to see that in the response to COVID-19, National Organisation For Social Empowerment is helping underprivileged people day and night to ensure food, aid, and medical supplies are delivered to those who need it. Keep up the good work!"
National Rehab center,1,"got a call from one of the executive for help, and due to some reasons i was not able to attend the call again, so they dropped a very big emotional message in name of ""GOD , that all hopes are shattered because of me and GOD is watching …"
Prajna Foundation,5,"Prajna Foundation Centre is doing wonderful work for underprivileged children and the community. The team is dedicated, caring, and genuinely committed to improving lives through quality education, skill development, and a supportive environment. It is inspiring to see how they encourage children to learn, grow, and discover their talents through different activities and workshops. I truly appreciate the efforts of all the volunteers and staff who work tirelessly to make a positive impact. Wishing the organization continued success in reaching and helping many more people.🌸🌸"
Prajna Foundation,5,"Volunteering with Prajna Foundation was really an enriching experience. The team here is supportive and approachable. Interacting with the children and witnessing their curiosity, enthusiasm, and growth made the experience especially meaningful."
Prajna Foundation,5,A wonderful ngo with a dedicated and caring team. Their commitment to educating and supporting children is truly inspiring. I'm grateful for the opportunity to volunteer here and highly recommend supporting their meaningful work!
Prajna Foundation,5,"Such a wonderful place to be associated with! The faculty is very supportive and dedicated to making a genuine impact and  the children are absolute sweethearts, their energy can brighten up the entire place."
Prajna Foundation,5,I admire the vision of Mr. R.K. Sinha. The NGO is not just teaching children but also spreading hope and dignity. A genuine place with genuine people.
Action for Ability Development and Inclusion (AADI),5,The staff is absolutely outstanding! They provide excellent service and offer tailored programs for children that truly makes a difference. Their commitment to empowering families is remarkable.
Action for Ability Development and Inclusion (AADI),5,"The institution form with their students, and if the students are the one with god's grace are blessing to such institute."
Action for Ability Development and Inclusion (AADI),4,Nice place very clam place. Here I am come to learn computer classes.
Action for Ability Development and Inclusion (AADI),5,Doing excellent work by helping the needy ones! 👏👏👏 …
Action for Ability Development and Inclusion (AADI),5,Very professionally run organisation for the differently abled
Nai Disha,5,I am with this Organization since 11yrs. Started going in 2007 as student and still a student here... U guys should visit our school and Organization (Nai Disha)They help in every aspect ..
Nai Disha,5,"This is an extremely good organization, which is doing a lot for children 's education an women empowerment. I am glad to have been able to contribute in it's journey."
Nai Disha,5,I loved this place. Interacting with children was fun. It gave me a mindful insight about their lives. Conducting workshops for them and being a part of them was simply amazing; hope to have a fun time ahead
Nai Disha,5,My mind was so popped up after visiting this NGO. They're doing such a great job. They're have everything to offer from disadvantaged kids to womens. There's no limits to learn from these guys.
Nai Disha,5,I am with this NGO since 15yrs.. Started going in 2005 as student and still a student here... U guys should visit our school and ngo... They help in every aspect
"Indian Cancer Society, Delhi Branch",5,They are the oldest cancer NGO in the country. The Delhi office has dedicated volunteers who work selflessly and make themselves anytime that i have needed them. very hard to find committed souls in this day & age
"Indian Cancer Society, Delhi Branch",5,"ICS Delhi working at full zeal on awareness screening
Of cancer  emotional...support and rehabilitation of cancer patients .The  whole staff from  chair person onwards is dedicated  towards the work allotted. Salute  to all of them"
"Indian Cancer Society, Delhi Branch",1,"This institute has only Veteran doctors , retired , have no support facility , no detection centers , euipments, even they have no ties with or references to any govt. or private hospital for further check-ups to detect cancer stage or type or its spreading. The ambience of its detection centre was worst , you would feel like you are visiting some NDMC or MCD office, where a few aged female staffs are sitting taking sip of tea and enjoy cookies , called a saree-seller on bicycle and buying sarees right in this centre, some male staff is taking print out using office equipments for his son's dusshera and diwali assignments. All these happened so openly and with no fear of any investigation."
"Indian Cancer Society, Delhi Branch",1,"Very bad experience regarding cancer patient, they just FAKE RUMOUR they support cancer patients but today I know lots of time i contribute the donation there volunteers in thier box. To day i call about help some patient he said if they take treatment from they panel hospital's."
"Indian Cancer Society, Delhi Branch",5,Excellent organization with very dedicated volunteers doing a lot of work for creating awareness and also helping cancer patients in hospitals.
HOPE worldwide (NGO),5,"I am the student of your school
Thankyou so much and i wish this ego continue a lot of year"
HOPE worldwide (NGO),5,Very prompt and wonderful work done..
HOPE worldwide (NGO),5,The best foundatation school
Alhikmah Foundation,5,It is an NGO that works for public welfare.  Skill development programs are conducted here and girls are educated.This NGO is playing an important role in educating the society.  The Alhikma Library is a very good place.  Well-organized and suited to the learning environment.  I go to here everyday.  This is a good place. Such a library should also be in other parts of the country.
Alhikmah Foundation,5,"neat and clean, comfortable chairs peaceful environment, and one major point is very near to the masjid abubakar Siddique."
Alhikmah Foundation,5,"Hakeem Ziauddin is handling this organisation well, helping students and ladies who wish to do something in life. Hakeem Ziauddin is gem of a person, more such organisations are required for better world"
Alhikmah Foundation,1,"I wanted to join the library
But they said the girls are not allowed
Then why the hell are they saying it's for both girls and boys education??"
Alhikmah Foundation,5,Nice environment and very clean library.
PHASE NGO- People for Human Rights and Sustainable Environment,5,So good
Helping Hut (NGO),5,"Had a really meaningful experience volunteering with Helping Hut Foundation during their initiative for underprivileged children. The team is genuinely dedicated towards creating a positive social impact and working at the grassroots level to support communities through education and basic learning support.
What stood out the most was the passion and sincerity of the volunteers and organizers. Seeing the enthusiasm of the children and the efforts being made to provide them with better opportunities was truly inspiring.
It’s great to see an organization working consistently towards building a more inclusive and supportive society. Wishing the entire Helping Heart Foundation team continued success for the amazing work they are doing. Highly appreciated!"
Helping Hut (NGO),5,"I had a wonderful experience volunteering with this NGO through their Community Development Program. I had the opportunity to teach students, and it was both meaningful and rewarding. The team was supportive, well-organized, and truly …"
Helping Hut (NGO),5,"Helping Hut NGO is doing remarkable work for society. Their team is truly dedicated and passionate about helping underprivileged communities. From organizing food distribution drives and education programs for children to conducting awareness campaigns, their efforts have been impactful and inspiring.

The volunteers are hardworking, humble, and always willing to go the extra mile to bring a smile to someone’s face. What stands out the most is their transparency, sincerity, and the personal involvement of every member in each project.

If you are looking for an NGO to support or volunteer with, Helping Hut is an excellent choice. They are not only changing lives but also spreading hope and positivity. I genuinely appreciate their contribution and wish them continued success."
Helping Hut (NGO),5,"Today me and my friends members of Rotaract Club of Delhi Heights had a wonderful experience with Helping Hut NGO, Dwarka and spending time with the children. 💙 …"
Helping Hut (NGO),5,"This NGO is doing incredible work for children living in slum areas. They provide education, basic necessities, and emotional support to help children build a better future. The team is dedicated, transparent, and truly passionate about making a difference. Highly recommended!"
KHIDMAT CHILD FOUNDATION,5,"They are genuinely very good doing a hardwork with the deep of their heart on those unprivileged children they provide them good education , books and other things which helps them. I have been lots of NGO's most of them forget about there main motive but they are very focused and dedicated to achieve their aim ."
KHIDMAT CHILD FOUNDATION,5,This is best work for needy people and u guess doing well i hope this will work forever.
KHIDMAT CHILD FOUNDATION,5,"Hard working and polite nature.
I am impressed to see your work."
KHIDMAT CHILD FOUNDATION,5,Wonderful place ...they are really helping underprivileged kids by educating them
KHIDMAT CHILD FOUNDATION,5,best organization and best volunteers doing great work on study toward slum kids
Global Family NGO,5,It's a great NGO for the children safety.
Global Family NGO,5,Shiv Mandir
SHODH,5,It is a professional NGO and are doing good job. Keep itup foe great contribution toward humanity. 👍 …
SHODH,5,It is a professional NGO and they are doing exceptional work on hunger and malnutrition. I appreciate their work towards the society.
SHODH,5,"Shodh is working remarkably in the field of social upliftment under young and dynamic leadership. Keep it up, Team Shodh."
SHODH,5,"Organization working on low cost and providing healthy food. Great work
People should contribute ."
SHODH,5,Excellent NGO under a great leadership team.
Sarva Hitam Manav Seva Sansthan,5,Sarva Hitam Manav Sewa Sansthan continues to make a remarkable impact by empowering women through education and self-defense programs. Their unwavering commitment to social welfare and community upliftment is truly inspiring. We applaud their efforts and wish them continued success in their noble mission!
Sarva Hitam Manav Seva Sansthan,5,Sarva Hitam Manav Sewa Sansthan is doing an incredible job in empowering women through education and self-defense training. Their dedication to social service is truly commendable. Keep up the great work!
Sarva Hitam Manav Seva Sansthan,5,I am truly impressed by the efforts of this NGO in providing education and self-defense training to women. Their workshops are well-structured and impactful. Highly recommended!
Sarva Hitam Manav Seva Sansthan,5,"I'm really impressed by the dedication and impact of Sarva Hitam Manav Seva Sansthan. This NGO is a real source of hope for many underprivileged communities. Their commitment to helping the marginalized and offering essential services like education, healthcare, and job training is truly commendable."
Sarva Hitam Manav Seva Sansthan,5,Sarva hitam manav seva sadan doing great work for females. They covered all rural areas for health education n helped all ledies.
The Community Library Project - South Extension,5,The library is wonderful. I really enjoyed it here. I also made a support. I received my project. Thank you for getting the bag.😇 …
The Community Library Project - South Extension,5,Very good community good space for study and good environment fantastic program
The Community Library Project - South Extension,5,"Quiet peaceful place! Admins are good 👍
Friday closed! Have some decent amount of books …"
The Community Library Project - South Extension,5,"One of my favourite place in Delhi.
The ambience The staff everything is so soothing. You can issue books for free, wifi works properly, if you study for long hours you can have evening tea, which is offered by the staff.
The room is underground so its cool and airy.
Washroom are great. Clean and properly sanitized.
You can issue books for free.
Just love this place. My comfort place for sure."
The Community Library Project - South Extension,3,Library is become gossip place. There is noise everywhere. People and staff talk alwaya in high volume. People come here for playing vedio games and gossiping in groups.  Best gossiping couple spot. If you have brilliant concentration study …
Freedom Life Center Delhi,5,This is the good place to worship living god
Freedom Life Center Delhi,5,Blessed place to worship the Lord in spirit and truth ! Strong emphasis on study of the Word and practical living.
Freedom Life Center Delhi,5,"Best church in town. This is very humble and transparent church. The lead pastor of the church is a great theologian, humble person and he is also a great counselor."
Freedom Life Center Delhi,5,"Dwelling Place of the LORD
The best church, humble, Open & transparent"
Freedom Life Center Delhi,5,"If you feel lonely INSPITE of 10,000 people around you...If you feel lost INSPITE of having 2 to 3 shelter places...If you feel sad INSPITE Of all worldly pleasures and luxuries....Your Medicine to your unmeaning ful life is JESUS..ONLY JESUS..Come to the right destination with Jesus and you are never lonely again..Thankyou GCLC and the entire team for your divine counselling and holy spirit filled guidance to live our daily life.."
Naz Foundation,4,"I am willing to give a donation of INR 10 lakh to Naz Foundation, how do I get in touch with the project manager of the foundation.! 🤠 …"
Naz Foundation,5,Great experience in naz and they also help  to improve life
Naz Foundation,4,"Naz foundation is good. Have been doing great service for the society.
But i still feel that peer counselors musy be under supervision under expert. They imperatively need to brush on their basic counselling skills.
Especially training in different forms of validation in lived experience shared.
This r my personal view."
Naz Foundation,3,It's helpful about Google it's really really wonderful aap it can solve any problem google like rain who give my crops water thank you so much google 🌸 …
Naz Foundation,5,"This establishment is extraordinary and pioneer is providing social, economical and emotional support to  the members of LGBTQ community and vulnerable groups"
Language and Learning Foundation (LLF),5,"Excellent work been done by them, nice place, good team, in-depth and  very detailed program on education"
Language and Learning Foundation (LLF),5,llf is the way of primary language teaching method. i am student here as a teacher llf 2017 batch chhattisgarh from mahasamund district
Language and Learning Foundation (LLF),5,"Strong foundation, better future"
Language and Learning Foundation (LLF),5,"Good team members, and kindly behavior."
Language and Learning Foundation (LLF),5,Good and friendly people here
Shanti Sahyog NGO,5,"Shanti Sahyog ngo is a reliable and inspiring organization making a real difference. Their dedication, transparency, and grassroots efforts are truly commendable."""
Shanti Sahyog NGO,1,Parlour is not good.
Shanti Sahyog NGO,5,Parlour
Shanti Sahyog NGO,1,Bad experience.
Shanti Sahyog NGO,5,EXCELLENT 👌👌 …
ActionAid Association,1,"Super suprised how this NGO takes its donors for granted!! My agreement with them was to fund a child for one year and after year when I got revert from them, I informed I would like to discontinue my service. But they have been going ahead and deducting the amount even after my denial and was never able to contact or connect with any of their team members. This is highly unprofessional and will not recommend this NGO . Better to search for a professional one."
ActionAid Association,5,Visited as a guest. It is so homely. Very nice. Had some good time with Mr. Bharath sir. Though it is compact it is very nice..
ActionAid Association,4,It is a good place. I came here for my summer internship. All the people are very friendly. Working environment is good.
ActionAid Association,5,The office is quite out of the busy town. You won't feel that you're in Delhi. The staff are very welcoming and helpful.
ActionAid Association,5,"ActionAid Association is aNGO registered in India and an affiliate to ActionAid International, which has presence in 42 countries globally."
Divya Darshan kisan Foundation - NGO,5,"""Thank you, Divya Darshan Kisan Foundation, for your guidance on planting and for spreading much-needed awareness. Your work makes a real difference."""
Divya Darshan kisan Foundation - NGO,5,"I was a really busy person due to my office work and found it difficult to find inspiration and peace in my life. After a discussion with the Divya Darshan Kisan Foundation, my mental stress was reduced. They suggested I start some planting and gardening on my rooftop, and after just a few months, I felt much better. I'm now successfully managing both my office and personal life. I truly appreciate the fantastic support."
Divya Darshan kisan Foundation - NGO,5,"I am so grateful for the work Divya Darshan Kisan Foundation is doing. Their educational initiatives in school have created a good foundation for the children's learning. As a teacher, I know the value of this, and I really appreciate the fantastic work the volunteers are doing."
Divya Darshan kisan Foundation - NGO,5,"Comment: I was so inspired by the gardening short videos from Divya Darshan Kisan Foundation. As a housewife, I'm now motivated to spend time making my own environment more eco-friendly and dust-free. I truly appreciate the fantastic work the volunteers are doing."
Divya Darshan kisan Foundation - NGO,5,The educational programs free basic computer 3 months course for girls are wonderful. They are empowering women in our community. A fantastic NGO.
Katha Khazana N.G.O,5,I study there and it's not the same as other school. It's Different.....but my fav❤️
Katha Khazana N.G.O,5,"Best school and my best madam, I don't remember the name, it has been almost 20 to 25 years now, but my childhood is also spent there, I had many friends of that time but it is a matter of sadness, now no contact miss you all teachers and my friends........"
Katha Khazana N.G.O,5,This school is best school in delhi and nios regular student are 10 class12  class reading thankyou✌️✌️✌️✌️✌️✌️👌 …
Katha Khazana N.G.O,5,"What an amazing place , one of the best NGOs one should definitely visit to see how amazingly this organisation working for the underprivileged people"
Katha Khazana N.G.O,5,Thank you so much. katha lab school. Mera school hai.. i love my school.
Punarjagran Samiti,5,Punarjagran Samiti work is excellent
Punarjagran Samiti,5,Punarjagran samiti Good work
Youthreach,5,I attended a workshop which was for four days (Youthreach Training).....that time will be one of the best time of my life . I made a strong bond there with Evey single person......!
Youthreach,5,This is a best palace for party meeting and function activity but these place are near to sabji mandi so there is lot of crowd and trafic jam issue all over
Aider N.G.O.,4,"Aider ngo is such a worthful ngo for all of us.it provide a lot of beneficial things for us for free. Each and every teacher are giving there best for there students.So that we can achieve our best and worthful position in future. They also provide various kinds of health and medical camp, free for sure."
Aider N.G.O.,5,My Aider NGO is the best NGO in Delhi NCR . We get  best technology prefer.
Aider N.G.O.,5,Aider is a good N.G.O.This ngo work for women empowerment . We can learn a lot of things in aider ngo
Aider N.G.O.,5,Aider NGO is doing well in Badarpur area for the upliftment of below poverty line people.
Aider N.G.O.,5,One of the best NGO in delhi badarpur their class rooms are cleaned and u get the best knowledge from here 👍 …
INDIA REHAB CENTRE,1,"FRAUD NGO, DON'T DONATE : I received call twice within 3 month from INDIA Rehab centre NGO asking about donation for same child named Manvi (2 yrs.) whose body was 87% burnt.  When i enquired found its fake.

I am seeing many complains were made do different forum but no action to put these guys behind jail and block such NGO.

kindly share the concern authority details to report such fraud."
INDIA REHAB CENTRE,1,Don't belive them. I got a call for help related to manvi kumari.I simply asked for details of the case . they whats app me all the details . And then it all started they started calling and messaging me one after other and making …
INDIA REHAB CENTRE,1,"Today I received a call saying a baby named ""Manvi Kumari"" had severe burns. Need to operated immediately otherwise she may die.  I donated money. But now while going through these chats, I see a review posted 6 days back  by someone that they received call for saving the same baby ""Manvi Kumari"". Seems this is fake calls. I pray it should be a fake call."
INDIA REHAB CENTRE,1,"This is a fake organization, they do emotional blackmail, cases are not genuine, do not cheated. I fell for their emotional black mail once , lost money realized fake after donating, they will urge you to do immediately without time to review. FAKE Registered NGO."
INDIA REHAB CENTRE,5,Guys I was also little doubtful seeing all these reviews. But then their person spoke to me & was very soft & cordial. They engage few of the volunteers & being inexperienced sometimes they resort to rudely behavior. I requested that Senior …
Manzil Mystics,5,"I found myself again after 15 years
this place is a heaven for musicians and audiophiles 🙂‍↕️🎶🧿 …"
Manzil Mystics,5,"I attended last chai coffee music 🎤🎼🎹🎶 and it was really awesome the important thing is they give chance to new comers on stage which I saw on event. School groups and mantash tooo.

Perfect thing is it's always start on time and end on time.

So if u get a chance to join someday these events guys join them you really enjoy it 😍😇"
Manzil Mystics,4,"Organization working on education through music. Works with Government school children. There are music fellows here who come here to learn music. 🎵 🎶 songs focusing on menstrual hygiene are also produced. Anurag, Anuradha and other people in organization are all musicians. Love this place. …"
Manzil Mystics,5,"Manzil Mystics is doing something truly special at the intersection of music and social impact. Whether you are looking to support their cause, join a workshop, or book them for a performance,"
Manzil Mystics,5,"Good staffs with good behaviour, musical environment ❤️"
Bethesda Prayer Fellowship (Ngo),5,Praise God 🙌 …
NGO Consultancy,5,"NGO Consultancy gives good services for NGO Registration, funding and support. They give excellent advice on NGO associated matters."
NGO Consultancy,5,NGO Consultancy for NGO registration.
NGO Consultancy,5,NGO Consultancy.
NGO EXPERT,5,The team provides practical solutions in time and work professionally.
NGO EXPERT,5,"Good and faster service, additionally, Five stars all the way! The service and the overall experience were outstanding. I will recommend that to take this for everyone."
NGO EXPERT,5,"My experience is too good

To opt the Expert Services"
NGO EXPERT,5,Very nice place
SwaTaleem Foundation,4,Wonderful learning
Change Alliance (CAPL),3,"We believe that every human irrespective of his caste, colour, race or economic background deserves a life of equality, justice and dignity. In order to achieve that, we partner with businesses, foundations, government and civil society to find solutions to create a more equitable and just world where everyone has an opportunity to grow, prosper and lead a dignified life."
Change Alliance (CAPL),5,Working with exceptional civil society organisations across India and consulting services for the corporate social sector.
Change Alliance (CAPL),3,Nice development
Change Alliance (CAPL),5,works for the underprivileged
Salute Tiranga,5,"Run by one of my mentors and idols, this is a great organization"
Salute Tiranga,5,Feeling honored to be a member of this incredible organization.
Salute Tiranga,5,Awesome..
Salute Tiranga,5,Very good org and very good people .and iam feel very proud to be with you always
Salute Tiranga,5,Yes.. It's very fruitful for us. Salute Tiranga office address.
Noble Nonprofit NGO In Delhi,5,Exceptional NGO! Noble Nonprofit truly makes a positive impact in the community. Their commitment to creating lasting change is evident through their well-executed projects and dedicated team. I highly recommend supporting and getting involved with Noble Nonprofit – a beacon of hope for those in need.
Noble Nonprofit NGO In Delhi,5,Amazing work guys. I went on a on-site visit with this team and loved the way they treated those who need help. God bless you people!
Noble Nonprofit NGO In Delhi,5,"I am always looking at ways to help people, and Noble Nonprofit has given me an easy way to help. The good thing is that I know that my donations are used to help the poor... Well done, and keep up the good work."
Noble Nonprofit NGO In Delhi,5,I consider you a real superhero because you have helped all these people without any personal interest. People like you are hard to find. Thank you and best of luck
Noble Nonprofit NGO In Delhi,5,Good step taken by you all go ahead 💓keep it up ♥ 🌟 Great work. …
Possit Skill Organisation HO,4,What a place
Notears Foundation,5,Great initiative guys….
Smartech Foundation,5,"All of you are doing a good job, stay blessed always."
Smartech Foundation,5,Smartech Foundation is doing very good for the welfare of society as well as students. We expect the same in future. Thanks.
Smartech Foundation,2,"The google location is not showing the exact place.
Also there is no number to contact them.
It’s really challenging to find the place."
Smartech Foundation,5,Good initiative to cultivate the seeds of development
Smartech Foundation,5,Best ngo for poor students
CRY - Child Rights and You | NGO in Delhi,5,CRY organization does a lot of good work for children. It does a very good job in educating and protecting children. CRY is a very supportive organization for all people. We appreciate the work of CRY.🙏👍 …
CRY - Child Rights and You | NGO in Delhi,3,A very renowned NGO which is working towards the social work and striving towards the welfare of the underprivileged kids. My experience with few of the fellow members working here was not very satisfactory. I used to contribute which lately I have stopped doing. I hope the actual purpose behind running the organisation benefit the society and the children.
CRY - Child Rights and You | NGO in Delhi,5,"Child Rights and You, a great step towards save child and social work, excellent place to repay human life via devoting service to humankind   and become a volunteer and help the needy child!"
CRY - Child Rights and You | NGO in Delhi,3,Don't know much about the organisation but please teach your sales people to do proper follow up after they have received donation.
CRY - Child Rights and You | NGO in Delhi,5,"If you have all the joys of the world dont think everybody else too have that.
Get some time out of your busy life and dedicate it to childrens who are little less fortunate than you."
The Antara Foundation,5,Orgatation work  is too good
The Antara Foundation,5,Well behave supporting staff.
The Antara Foundation,5,Good
The Antara Foundation,4,Very good environment
The Antara Foundation,5,Nice.
MADE EASY FOR YOU,5,Best coaching centers for preparation for GATE and ESE . The faculty members are excellent 👌 they regularly motivate you and solve your every problems . …
MADE EASY FOR YOU,4,"This place is a coaching center for coaching of IES, Gate examination
In this center this is less capacity and per room around 500 students can sit, and seats and all thing are not good  very congusted.
Located in a very high traffic area, usually cross the road to get there and be aware of safety while going there as traffic is very high in this area..."
MADE EASY FOR YOU,4,"One of the oldest MadeEasy branch for CSE students.
The entire building having 3 classrooms dedicatedly for gate CSE students.
There is no proper parking area as this building is in the Delhi village. …"
MADE EASY FOR YOU,4,"It was rellay very good
Faculties are really empressive and helpful and they have vast knowledge on their core subject it was really good that i am a part of it"
MADE EASY FOR YOU,2,"They do not allow to go outside the building in even 30 minutes break. If anyone wants to have snacks, they are forced to buy from inside canteen."
SKS Hope Foundation,5,"Shubhra is passionate about enlightening kids and their families with her knowledge and wisdom of our Indian mythology. Sometimes we are left in awe to know the depth of our cultural when she reveals the untold and corrects misconceptions which our grandparents didn’t even know. Not to mention her unique ways of telling it.

SKS is her beautiful work of dedication towards selfless working for society and so inspiring the way she has collaborated her two passions of story telling on mythology and social work. Wishing her and SKS foundation a great success in each endeavour."
SKS Hope Foundation,5,"SKS Foundation is doing a great job by education new generation about our culture and history. I would Love to join their sessions on regular basis, and will definitely do that in my retirement days! 🤠🤠🤠 …"
SKS Hope Foundation,5,SKS Foundation has helped kids connect with their roots in the most fun filled ways of mythological stories. It is the need of the hour to help kids connect with their inner soul and fight the adversities of life. Thankyou soo much for your lovely efforts shubhra. We love you.
SKS Hope Foundation,5,Shubhra is an amazing story teller. The effort she puts into researching stories and presenting the content to the kids is much. It takes a huge effort to capture and retain the attention of these gadget savvy kids and Shubhra does it with absolute ease. I would recommend her sessions to parents who want to introduce their kids to the world of Indian mythology.
SKS Hope Foundation,5,An absolutely unique and essential initiative led by Shubhra Maheshwari. The new generation needs to be taught to stay connected to the roots and at the same time fly high to reach the sky. It also helps instill great values in the young …
Protection of Women & Empowerment Organization,5,We live in the same building and i have seen her help people in need and provide them with the facilities they need . She is a great person and i have seen her do the work .
Protection of Women & Empowerment Organization,5,"This ngo is amazing for helping
This ngo solved countless cases....
So that if u want any type of help u can contact them....."
Protection of Women & Empowerment Organization,5,This organization is the best nd the most great thing about this that helps women nd needy people!!
Protection of Women & Empowerment Organization,5,"My name is Tabrez Anwar . My wife went to Mrs. Sujata Singh, who is the founder of Women Protection and Empowerment organisation for help, as we had a normal dispute going between us which any normal couple would have.
Sujata Singh Ji called me for reconciliation so that me, my wife and children could have a good future.
But on contrary, my wife  started blackmailing me that rather sending her Rs. 40,000 I should send her Rs. 100, 000 out of which she’ll share with Sujata Madam ji. If I did not agree with my wife she would get me entangled in dire legal consequences.  However the fact is that there is no any monetary demand from the NGO in discussion.
This really upsetted me a lot. I was devastated emotionally and mentally. Therefore I contacted Sujata Madam Ji.
Madam Ji is a very understanding woman. Her organisation is really helpful and provides all sorts of assistance which is expected from a reliable and upto the mark NGO. She wanted the best for me, my wife and my children. She helped my wife a lot by supporting her mentally, emotionally and showed a lot hospitality. Madam ji was trying her best to sort out all the misconceptions but my wife just wants the opposite and just lingering  the issue.
Despite the wholehearted efforts of me and Sujata Madam the whole issue is as it is and misconceptions and false notions still going on."
Protection of Women & Empowerment Organization,5,"I have personally mate with the member of PWEO organization foundation ,they are playing a great role to help the poor children for their education and other requirements. The are also work for Women Empowerment Hats off to entire team member of group."
Hamari Pahchan NGO | Delhi,5,"My Experience with Hamari Pahchan NGO

Volunteering with Hamari Pahchan NGO has been a really meaningful experience for me. What I like most is that the organisation doesn’t just talk about social change — it encourages young people to actually become a part of it.

As a volunteer, I got the opportunity to work on different tasks and campaigns, including spreading awareness about important social causes. Even small tasks started feeling meaningful when I realised that they could help bring attention to issues that genuinely matter.

What makes the experience even better is the flexibility. As a student, it can be difficult to balance college, assignments and volunteering, but Hamari Pahchan gives volunteers opportunities to contribute according to their availability and skills.

I also feel that volunteering here has helped me become more aware of the world outside my own routine. It reminded me that social work isn’t always about doing something extraordinary. Sometimes, sharing a post, raising awareness, helping with a campaign or simply giving your time can make a difference.

I would definitely recommend Hamari Pahchan NGO to students and young people who want to explore Social Work and contribute to a meaningful cause. It’s a great place to start if you want your volunteering experience to be more than just something to add to your resume.

Overall, my experience has been positive, eye-opening and genuinely rewarding. I’m glad I decided to be a part of Hamari Pahchan and look forward to learning and contributing more along the way. 🌼"
Hamari Pahchan NGO | Delhi,5,"Hamari Pahchan NGO is doing commendable work in empowering underprivileged communities through education, skill development, and social welfare initiatives. The organization creates meaningful opportunities for youth to build a better …"
Hamari Pahchan NGO | Delhi,5,"I am truly impressed by the work Hamari Pahchan is doing for society. Their dedication towards women empowerment, education, environmental awareness, and community welfare is inspiring. The team works with honesty and compassion to create meaningful change. Proud to support such a wonderful NGO. Wishing them continued success in making a positive impact."
Hamari Pahchan NGO | Delhi,5,"I've been volunteering with Hamari Pahchan across several of their programs for a while now, and what keeps me coming back is how tangible the impact feels. This isn't an NGO where you show up, take a few photos, and leave wondering if …"
Hamari Pahchan NGO | Delhi,5,"An organization dedicated to bringing positive change in society through various awareness and welfare programs. Hamari Pahchan NGO's efforts toward education, empowerment, and community support are truly commendable. Wishing them continued success in their mission."
OPCAR FOUNDATION,5,"""I'm deeply grateful to OPCAR FOUNDATION for their tireless efforts in empowering individuals of all ages through education, healthcare, and support initiatives. Their scholarship programs have been a lifeline for many, including myself, for the past 3 years. I'm proud to be a beneficiary of their generosity and commitment to creating positive change.

Their work with widows and underprivileged communities is truly commendable, providing vital assistance and hope for a brighter future. OPCAR FOUNDATION's dedication to education, health, and social welfare is an inspiration to us all.

Thank you, OPCAR FOUNDATION, for your selfless service and for making a real difference in the lives of many. May your efforts continue to uplift and transform communities, creating a more compassionate and equitable world for all.""
Inderjeet kumar verma"
OPCAR FOUNDATION,5,"I'm very thankful to Opcar foundation and founder & chairperson of opcar foundation Dr. Rekha banka ma'am.
I'm getting scholarship from this foundation since last 6 years.
Also I'm volunteering here from my school days."
OPCAR FOUNDATION,5,"Opcar foundation works whole heartedly to  support meritorious students who belong to economically weaker sections.. I'm also a beneficiary of opcar foundation. And am really very thankful to the foundation and it's chairperson (Dr. Rekha Banka) ma'am for helping me and hundreds of meritorious students out there..
Thank you 😊 …"
OPCAR FOUNDATION,5,"Opcar Foundation has a tremendous support to shape my Educational career and Future.
A special ThankYou to Dr. Rekha Banka Mam , Chairperson & Director of Opcar …"
OPCAR FOUNDATION,5,"Thank you Opcar foundation for giving me such an amazing opportunity ❤️. Very thankful for your monthly scholarship.
Also thanks to Dr. Rekha Banka mam (chairperson)for a very kind behaviour.❤️☺️"
Prashraya Welfare Foundation (Team Aashraya) Delhi,5,Having such a beautiful journey with Aashraya 💗 …
Prashraya Welfare Foundation (Team Aashraya) Delhi,5,I've been a part of Aashraya since last last 7-8 months and there's not a single day I don't feel grateful for joining here. I have learnt a lottt and I'm still learning. It has been a beautiful journey so far. Everyone is so supportive. It's no less than a FAMILY. Super- grateful and proud to be a member 🫶 …
Prashraya Welfare Foundation (Team Aashraya) Delhi,5,"I had the incredible opportunity to volunteer with Aashraya, a renowned NGO in Delhi, India, and it was truly an unforgettable experience. The team's dedication to providing education and support to underprivileged communities is genuinely inspiring"
Prashraya Welfare Foundation (Team Aashraya) Delhi,5,It has been a great experience working with the Prashraya Welfare Foundation (Aashraya). I joined Aashraya in February 2024 and have been working under Team Delhi. All the members of our team are very supportive and helpful. I look forward to continuing my work with Prashraya.
Prashraya Welfare Foundation (Team Aashraya) Delhi,5,"Incredible people doing incredible work.
Team Aasharya is a testament to what can be achieved when we work together for a better tomorrow.
#let's_serve_together"
Aarohan,5,"""Aarohan NGO is doing incredible work on the ground to uplift underprivileged children and empower women. Their dedication to providing quality education, vocational training, and healthcare to marginalized communities is truly inspiring. The staff is passionate, transparent, and genuinely cares about bringing positive change. Highly recommend supporting or volunteering with them!"""
Aarohan,5,one of the best and genuine NGO’s there. Suraj Sir is very polite. I wish Aarohan NGO gets more support.
Aarohan,5,"I have interned here in the past, this is a genuine case, legit, facility is good and they truly care about the children. Wishing Aaron continued success in doing more good."
Aarohan,5,A non profit organisation where underprivileged kids gets to learn new things and they also teach computers to those who cannot afford them..
Aarohan,1,President of the organisation is very rude don't know how to talk to volunteers. First she gives her number as the main consultant and then gets mad and prickly when called like it's our fault that they aren't replying to any other type of …
Self-Reliant Initiatives through Joint Action (SRIJAN),5,"SRIJAN is a NGO, which are enhancing the life of tribal, it fully dedicated to increase their source of income"
Self-Reliant Initiatives through Joint Action (SRIJAN),5,The way it is helping poor Peoples nobody do for their betterment.
Self-Reliant Initiatives through Joint Action (SRIJAN),5,to the program of (GIVEN TAKE). Srijan india foundation_ it galobal are country.& Social comentment. Provied to publik magrftion for work job
Self-Reliant Initiatives through Joint Action (SRIJAN),5,Great organisation with very nice people on board. Have worked with them for the first time but the experience was wonderful.
Self-Reliant Initiatives through Joint Action (SRIJAN),1,Located at highly conjusted IGNou Road. Mostly IES aspirants preparing from made easy liive in this area.
Nav Srishti,5,"Nav Srishti is doing truly impactful work in the Neb Sarai community of Delhi. The organization is dedicated to empowering children, youth, and women through education, awareness programs, and skill development initiatives. I was really impressed by their commitment to creating positive social change at the grassroots level.
Their team is passionate, supportive, and actively involved in the community. The awareness classes, especially for children, are interactive and meaningful, helping them understand important topics like education, hygiene, and environment in a simple way.
Nav Srishti provides a safe and encouraging space for learning and growth. It is inspiring to see how they are helping individuals build confidence and improve their future opportunities.
Overall, Nav Srishti is a highly recommended NGO for anyone looking to volunteer, support, or collaborate for a good cause."
Nav Srishti,5,"Nav srishti , me mane yuva batch  join Kiya h or ye best hai for all boys and girls because nav shristi staff and Mam's are very helpfull."
Nav Srishti,5,A good institution.. Doing their best for the marginalised section of the society
Nav Srishti,5,"I know the Navshrishti NGO since last 5 years and it's very good and doing well in my fields. Many of my known did many course, stitching course and other skill development courses. They helped many during COVID.
Great Job. All the best for future."
Nav Srishti,5,"I recently had the privilege of learning about Nav Srishti and I am genuinely impressed by their unwavering commitment to child and women development. Their holistic approach effectively addresses the needs of both children and women, providing essential resources, education, and support."
Almighty NGO,5,"I have had the opportunity to collaborate with Almighty NGO on multiple initiatives, and my experience has been consistently positive.
This is a vibrant, women-led organization driven by strong purpose and genuine commitment to community welfare. Their work spans critical areas such as women’s safety and self-defence training, environmental initiatives, geriatric care, and child health, all delivered with notable energy and professionalism.
What truly sets them apart is their integrity, transparency, and hands-on approach. The team demonstrates accountability in their activities and maintains a high level of trust with stakeholders and beneficiaries alike.
I would strongly recommend Almighty NGO to individuals and organizations looking to support or partner with a credible and impactful grassroots initiative."
Sunshine Project,5,"Sunshine project is best place to grow as a human.
The environment of this place is very good, they provide education, enjoyment, growth to all children in there whole journey and make there life worthy. This is the place where I feel myself the most."
Sunshine Project,5,"Wonderful opportunity for supporting humankind. Good work by the owners Mr n Mrs Arora👏👏  When we help others, our brains release oxytocin, serotonin and dopamine. These hormones have the effect of boosting our mood and counteract the effect of cortisol (the stress hormone). Visit the place, give goodies of any kind, and release your own stress."
Sunshine Project,5,I feel very happy here..this is the great place of learning skills. They also accomplish the basic needs of the students...
Sunshine Project,5,"The session was excellent 👍 All topic were compatetive. Excellent teaching with proper Examples..
Please guys do it will help you 🙏 …"
Sunshine Project,5,This is an amazing experience of being here. Helping children in their education is truly a blessing.
NewLife Shelter Foundation,5,"I am truly impressed by the impactful NGO work in empowering children and women. Their dedication shines through in providing education, healthcare, fostering positive change. This organization's commitment to creating a brighter future is commendable, making a real difference in the lives of those they serve."
NewLife Shelter Foundation,5,"I really appreciate their work which they has bees working its is very nice NGO i like the work they are doing helping is the best thing which they are doing
bless you newlife shelter foundation.  All the very best."
NewLife Shelter Foundation,5,I am very happy to see there work. They are doing such a great job.
NewLife Shelter Foundation,5,"Such a great work, best organisation i have ever seen. Keet it up"
NewLife Shelter Foundation,5,"you guys are doing amazing work, especially the way of your working of you guys which is fantastic may you guys get alot of success ahead....... every one knows about your NGO.......👍👍 …"
THOUSAND THOUGHTS,5,"Rishikesh Retreat with Thousand Thoughts is one of my most memorable trips. I being a senior citizen was quite apprehensive to go on such a retreat but Divyangi, Rohit and all the members made be feel so much at ease. The retreat was total fun + mind reset.
The three days I spent with them were truly magical. I rediscovered myself amongst lot of laughter, peace and silence too .
Thankyou Rohit and Divyangi for being loving, caring and teaching many unforgettable life lessons."
THOUSAND THOUGHTS,5,"I had an incredible experience at Hrishikesh wellness retreat organized by thousand thoughts. From the moment I arrived, I felt welcomed, supported, and truly cared for. The environment was safe, peaceful and thoughtfully designed.
The mentors both Rohit and Divyangi were incredibly welcoming and thoughtful. Communication was smooth from start to finish, and they made sure everyone was comfortable during the stay. They were kind and attentive, and every activity felt intentional and nourishing. I left feeling calmer, more grounded, and reconnected with myself. The retreat helped me disconnect from stress and reconnect with myself. If you’re looking for a space to slow down, reset, and genuinely focus on your well-being, I can’t recommend this retreat enough. I definitely returned home with more clarity, energy, and tools I can actually use in daily life."
THOUSAND THOUGHTS,5,"I recently attended the Kasar Devi retreat with the team, and it was a truly memorable experience.

Rohit and Divyangi don’t just conduct sessions—they bring genuine care, warmth, and presence into everything they do. Hosting the retreat in a hill station like Kasar Devi created the perfect space to step away from daily hustle and reflect inward. The sessions and interactions were extremely valuable.

Despite challenging conditions—recent snowfall, traffic disruptions, and road blockages—the retreat was handled beautifully.

The Hosteller staff were excellent, ensuring clean rooms, good food, and uninterrupted power despite running on generators throughout.

Managing a diverse group of participants is never easy, especially with delays caused by late arrivals and weather issues. Rohit and Divyangi handled this with remarkable patience, flexibility, and a strong focus on everyone’s safety and inclusion.

Having also attended a retreat with them at Bir, I can say their energy remains infectious.

Thank you, Rohit and Divyangi, for a wonderful and handling a challenging retreat with grace.
One small suggestion—being a little stricter with latecomers might help, instead of constantly reshuffling plans to accommodate everyone’s “creative sense of time” 🙂."
THOUSAND THOUGHTS,5,"I attended my first-ever wellness retreat organised by Thousand Thoughts in Rishikesh, and honestly, I had a thousand thoughts before joining😀—whether it would be worth it, safe or comfortable, especially as a first-timer. But it turned out to be an absolutely amazing experience ❤️❤️
The organisers, Divyangi and Rohit, made me feel comfortable right from the beginning. Even after coming back from the retreat, I reached out to them with a few doubts, and they genuinely took the time to patiently address my queries.
The sessions were well planned and included Art Therapy, NLP, and other insightful activities that helped in self-reflection, emotional clarity, and inner calm. Along with the retreat, they also thoughtfully arranged experiences like Ganga Aarti and a visit to Neelkanth Mahadev Temple, making it a beautiful blend of wellness, spirituality, and nature.What truly stood out was the thoughtfulness—the organisers even made efforts to celebrate one participant’s birthday at midnight, which was incredibly touching. Thank you, Divyangi and Rohit for this beautiful journey 🙏🙏
Highly recommended—a must-try for anyone seeking wellness and self-discovery 👍"
THOUSAND THOUGHTS,5,"My experience with Thousand Thoughts has honestly been beautiful.

What stands out the most is how Rohit and Divyangi have cared for me across the …"
Dawn Child Foundation (NGO),5,"DawnChild Foundation is doing incredible work in supporting infants, toddlers, and families. Their team is compassionate, dedicated, and always focused on creating safe and nurturing spaces for children. The programs are thoughtfully designed, and the staff truly cares about every family they meet. Proud to see such meaningful work happening in our community"
Dawn Child Foundation (NGO),5,"In a world of giant NGOs being run like corporations, Dawn Child breathes fresh life into social work and community empowerment. With a small but committed team hired from the community, every aspect of their work with marginalized parents …"
Dawn Child Foundation (NGO),5,"Dawn Child Foundation is doing remarkable work to support and uplift children, Their dedication, transparency and compassion truly set them apart."
Dawn Child Foundation (NGO),5,"""A safe place where we live without judgment, without limits. Here, we are free to be ourselves, to explore, to grow, and to truly understand who we are."" 🌿✨ …"
Dawn Child Foundation (NGO),5,Great organization👏🏻✨ …
United Way of Delhi,5,"A team of dedicated social workers, working with zeal and passion for the holistic development of society."
United Way of Delhi,5,"Beautiful people on the earth. Very kind, helping and humble nature persons."
United Way of Delhi,5,Nyc
United Way of Delhi,5,Awesome beat in Sarvpriya Nagar
United Way of Delhi,5,Excellent  experience.
Lakshyam NGO Delhi (Head Office),5,"We had a wonderful experience visiting Lakshyam NGO, Faridabad Centre.
Ayushi, with whom we coordinated for donations, truly stood out as the backbone of the entire process. Her dedication, responsiveness, and support made everything smooth and meaningful.
A special mention to Priyanka, who is managing the Faridabad branch so efficiently. Her leadership and commitment are clearly reflected in the way the centre functions.
The children were extremely active, well-disciplined, polite, and well-mannered, which speaks volumes about the values being instilled in them.
We truly appreciate the incredible work your team is doing and feel grateful to be associated with such a genuine and impactful organization.
Warm regards,
Little Cambridge Team"
Lakshyam NGO Delhi (Head Office),5,"I had a very positive experience with Laksyam NGO. Their work creates meaningful impact at the grassroots level, and the dedication they show toward social development is truly commendable. The tagline “Hands to Hearts” beautifully reflects their mission and the genuine care they bring to the communities they serve."
Lakshyam NGO Delhi (Head Office),5,Lakshyam NGO demonstrates strong commitment to social responsibility by empowering underprivileged children through education and extending compassionate care to rescued and abandoned animals.
Lakshyam NGO Delhi (Head Office),5,Had a great time working with them...what they are doing for the society is really commendable
Lakshyam NGO Delhi (Head Office),5,Great experience
Saksham Foundation,5,"Great Service to the Nation.

Kudos to Team Saksham Foundation and Mr. Rachit Khosla for their relentless and responsible efforts in working towards and changing the lives of the kids who come from humble backgrounds and need support in their upbringing.

From taking care of the education, nourishment, social skill development, personality development, technical skill training, organising and participation in outdoor events and many other such activities, this team is really passiaonate about bringing a progressive change in the lives of these kids and perhaps on a larger side building the youth of your nation.

I have been fortunate enough to have been associated with them since over 7 years and truly am grateful for the service they are doing to mankind. Salute to their love, determination, passion, perseverance and commitment.

Would really request and encourage people to be a part of their movement in whatever ways possible. The best can be taking out time to spend with the  kids, which can maybe 1 hour a week.

My best wishes and love are always woth Team Saksham.

Regards
Garvit"
Saksham Foundation,5,"Thank you so much for your support during the distribution drive. Your work towards the welfare of underprivileged children is commendable. Your help was essential in making it a success, and we couldn’t have done it without you. It was a great experience."
Saksham Foundation,5,"My inner peace 🙂

Started as a stranger and ended as a family ❤️ …"
Saksham Foundation,5,"Saksham Foundation is really a great place which works for the betterment of underprivileged children and their families. I took a session with the kids and they seemed very enthusiastic, also they participated eagerly during the session. This place is a blessing for them aiming to provide overall development. Recently Saksham also helped the Covid patients by providing oxygen cylinders and other kinds of help, Great initiative guys!!!👍"
Saksham Foundation,5,Saksham Foundation is doing their best for upliftment of down trodden children and distressed women mostly from other states who come to delhi for their livlihood. Saksham itself means to make someone self dependent. Overall it's a good non-governmental organisation.
SAATHII - Delhi Office,5,They helped me and my partner a lot and i really thanks to Khushi Pahuja RPS Delhi and the whole team of SAATHI. I also thanks to Advocate Anupradha for her excellent job and support through out the case and fighting for our Case from Delhi High Court 🙏 I will always be thankful to you all . …
SAATHII - Delhi Office,5,Very nice
SAATHII - Delhi Office,5,Good Not for profit organization
SAATHII - Delhi Office,5,love it
SAATHII - Delhi Office,5,NGO
Udyogini,2,Wasn't upto the expectation. Not properly maintained.
Udyogini,5,It was nice experience.
Udyogini,1,fake ngo.
Udyogini,5,Good
Udyogini,5,Very good
DOCTORS FOR YOU FOUNDATION,1,"This is to strongly refute your response stating that the camp was conducted by a “different NGO.”

The name of the NGO is clearly mentioned and visible as “Doctors For You (DFY)”, which is a foundation partnered with Sensodyne and Haleon for the mobile dental camp. Therefore, your assertion that this was a different NGO is factually incorrect and misleading.

At the time of inspection, no doctor was present at the camp, and the available staff were found sleeping. As confirmed by the driver on site, the doctor had left the camp unattended to attend a meeting elsewhere. This is a serious lapse and defeats the very purpose of organizing a medical/dental camp.

Such conduct raises grave concerns and gives a strong impression that the camp was being organized only for documentation and reporting purposes, rather than for providing actual healthcare services to beneficiaries.

If you still maintain that this camp was not conducted by your organization, then it is your responsibility to immediately lodge a formal police complaint regarding this fraudulent misuse of your NGO’s name, branding, and partnerships. Failure to do so will clearly indicate acceptance of responsibility for the conduct observed at the camp.

Given the above, your reply lacks due diligence and reflects either a failure to verify basic facts or a deliberate attempt to misrepresent the situation. The responsibility of DFY in this matter cannot be denied, as the NGO’s name and branding were explicitly displayed at the camp."
DOCTORS FOR YOU FOUNDATION,5,This is a fantastic initiative to provide medicines & medical help to people travelling on the highway.@ Khalapur  Food mall. This is the second time we availed this facility . I was having a terrible headache due to cold & that was when we came to know about Doctors for you which is free service by this foundation. It was such a relief as there is no medical shop on the highway. This time it was a bout of acidity & we took a strip of chewable a from the centre. Apparently these free centres are in 27 states in our country!! Highly recommend their service as they have 24*7 facility with doctors whom you can consult as well. The provide off the counter medicines for trivial problems too.
DOCTORS FOR YOU FOUNDATION,1,"🚨🚨FAKE ALERT 🚨🚨

DFYF misusing DOCTORS FOR YOU NGO name and fame, calling their hardwork as DFYFs …"
DOCTORS FOR YOU FOUNDATION,1,DFYF is a new organisation which is using the brand name of DFY to loot hard earned money of people. Please do not fall prey to this. They are nothing but a fake NGO group with no credibility.
DOCTORS FOR YOU FOUNDATION,5,"I m admitted in covid center Delhi common wealth games stadium , and here DOCTOR FOR YOU TEAM WORKING LIKE GODS MAN , GOD BLESS YOU GUYS , WE FEEL MORE SECURE , AND THESE STAFF IS AWESOME , DEDICATED AND VERY POLITE."
GUNJA DEVI CHARITABLE TRUST GDCT,5,"Dharmik yatra best option for your family's senior citizen, gdct trust team managed each and everything carefully with safe travel quality meals 02 times, and medical facilities. We done recently Adi kailashyatra withgdct trust dharmik yatra."
GUNJA DEVI CHARITABLE TRUST GDCT,5,Best Social services across Delhi NCR specially food Distribution kindly connect with #gdcttrust
GUNJA DEVI CHARITABLE TRUST GDCT,5,Best social services done by Team Gdct Trust
GUNJA DEVI CHARITABLE TRUST GDCT,5,Thanks to Gunja devi charitable trust gdct to running free food distribution drive to help poor hungry peoples. Gdct trust team help humanity every sitution for everyone
GUNJA DEVI CHARITABLE TRUST GDCT,5,"From this NGO, children, the elderly, and animals will receive a lot of help and support, and they will also be able to live a peaceful life they deserve.
Best wishes to GDCT, you are doing great work 👏🏻 …"
Shubh pahal,4,I would like to share my feedback about SP. I am really impressed by the way of approach and quick help by the team.
Shubh pahal,4,Shubh Pahal is an amazing NGO who believes taking small steps can bring a big change at large . Keep it up !👍 …
Shubh pahal,4,I came across street kids who wanted to study and have shelter.whole helped kids in providing education.
Shubh pahal,4,I must say that ngo is doing a great job and making a difference in thousands of poor students.
Shubh pahal,4,Your NGO such a great work for needy people and children's.
B.S.S NGO,5,Good
Society for the Promotion of Youth and Masses (SPYM),5,"I had a very positive experience with this de-addiction centre. The staff were compassionate, respectful, and genuinely committed to helping individuals recover. The doctors, and counsellors took the time to understand each person’s needs and created personalized treatment plans. The environment was clean, safe, and supportive, making it easier to focus on recovery. The therapy sessions, group activities, and regular follow-ups helped build confidence and encouraged long-term sobriety. I would highly recommend this centre to anyone seeking professional help for addiction or looking for a supportive place to begin their recovery journey."
Society for the Promotion of Youth and Masses (SPYM),5,"I had a very good experience participating in the SPYM training. It helped me learn how to deal with children/Adults in a friendly and effective way and work with them more comfortably. I also learned how to use the NICE Formula to say “No” appropriately at any level. Overall, the training was very useful and enriching."
Society for the Promotion of Youth and Masses (SPYM),4,"My name is Mohd Kashif, a second-year B.A. (Hons) Social Work student at Dr. Bhim Rao Ambedkar College, University of Delhi. I am currently doing an internship at the Society for the Promotion of Youth and Masses (SPYM) under the TI and …"
Society for the Promotion of Youth and Masses (SPYM),4,"The training was very informative and useful. I learned many new skills and gained practical knowledge. The trainer explained all the topics clearly and patiently. The activities and group discussions made the session more interesting and interactive. This training has increased my confidence and improved my overall understanding of the subject

However, the other facilities such as drinking water and washroom arrangements were very poor. These basic amenities need improvement for a better training experience

Thanku
Sunita Negi
RAWAT NGO"
Society for the Promotion of Youth and Masses (SPYM),5,"SPYM is doing outstanding work in the field of substance abuse rehabilitation and community welfare. Their dedication to reforming lives, especially among vulnerable youth and children, is truly commendable. The staff is deeply committed, …"
SEEDS India,4,Nice place. Decent environment
SEEDS India,5,Great Experience. SEEDS is doing Great job
SEEDS India,3,"Born in 1994, SEEDS (Sustainable Environment and Ecological Development Society) had one ultimate goal: protecting the lives and livelihoods of people exposed to disasters. Today, we persist along the same path, continuing to focus on integrating locally based approached into each of our programs. Behind this work lies a diverse SEEDS team consisting of young professionals from various development- related fields. It is governed and advised by a board of eminent academicians and practitioners from international organisations.

Over the years, this team of committed individuals, has reached out to families affected by earthquakes, floods and cyclones; restored schools and homes; and has invariably put its faith in education to build long term resilience of the communities. SEEDS continues to advocate for and work with communities across Asia to build a safer and more sustainable world.

Dr. V. K. Sharma, President.

He is a Professor of Disaster Management & Convener of the Training Advisory Committee at the Indian Institute of Public Administration (since 2006). Formerly, he was the Chief of Party, Program for Enhancement of Emergency Response (PEER), a USAID funded program for six Asian Countries.

Dr. Manu Gupta, Vice President.

He is the co-founder and director of SEEDS. His 19 years of experience in the sector covers national and regional advocacy, mobilization of community led efforts in recovery and risk reduction, climate change adaptation and emerging issues including humanitarian partnership, accountability and community resilience. He holds a doctorate degree in community based disaster management. He completed his Masters in Urban Planning and the Bachelor’s degree in Physical Planning. He currently serves as the Chair of the Asian Disaster Risk Reduction and Response Network, an active network of national NGOs from over 17 countries in Asia. He is part of the Steering Committee of the Global Network of CSOs for Disaster Reduction. He is also the Global Advisor for UN-ISDR on the Resilient Cities Campaign. He is a contributor to UN-ISDR’s Global Assessment Report, 2011; and expert reviewer for the IPCC, SREX report.
At the national level, Manu is the co-founder and member of the core group of the Alliance for Adaption & Disaster Risk Reduction in India and serves on various national committees of the Government of India"
SEEDS India,5,"Rehabilitation of remote areas affected by natural disasters requires commitment and grit.
And above all courage."
SEEDS India,5,Seeds doing incredible effort on grass roots for the disaster victim's people nd their community...Congrats for 23 year devoted nd dedicated contribution...
Vasudha Foundation,5,Outstanding work being done by Zakat Foundation here. Mock interviews of civil services are conducted by an expert panel.
Vasudha Foundation,5,Great Organization!
Vasudha Foundation,4,"Good place,,"
Vasudha Foundation,3,Ol
Vasudha Foundation,3,Sophisticated place
Muskaan-PAEPID,5,"Loved the place and kudos to the teachers and Seema Mam who helped us around the ngo. The work they are doing is just awesome, they have created a second home for adults with disability. These adults are not just taken care of but they are taught some vocational skills through which they earn money. The rooms , the cafeteria everything is so well maintained. Would love to visit them again and help them in any way I could because there is some magic happening in this place, once you go in you come out happy and calm."
Muskaan-PAEPID,5,"It's Ngo Work on different abiled child ... wonderful working algorithm, safe , neet and clean , experienced teachers"
Muskaan-PAEPID,5,"Just loved the place, life time experience, motivated after visiting the place.. teacher are very helpful in developing the skills of underprivileged children..."
Muskaan-PAEPID,1,Very poor behaviour by security guard at entrence gate. No empathy by staff. Have interacted with Mr Rohit however he is unable to justify the behaviour at security guard and he has not even ask me for the purpose of my visit and whether …
Muskaan-PAEPID,5,Real impactful work done with adults with disabilities
Ujjwal Manthan Bharat Seva Foundation | Ngo,5,Very good parson sonia sharma ji ❤️
Ujjwal Manthan Bharat Seva Foundation | Ngo,5,Very nice 🙂 well done worker 👍👏 …
Ujjwal Manthan Bharat Seva Foundation | Ngo,5,Excellent
Ujjwal Manthan Bharat Seva Foundation | Ngo,5,"You are doing a great job, and my team and I are with you.

Radhe Radhe 🙏🏻🔱🚩
Jai Gau Mata 🙏🏻🔱🚩
Anshul Pandit, Cow Servant 🙏🏻🚩"
Milaan - Be The Change,5,"Milaan has significantly strengthened my leadership abilities, boosted my confidence, and given me a clear direction in my career. Through consistent guidance, valuable opportunities, and meaningful engagement with communities, I have experienced the true impact of girl-led change.

I feel deeply grateful to be part of this inspiring movement that empowers adolescent girls to speak up, lead with confidence, and create lasting change within their communities."
Milaan - Be The Change,5,"I have been a part of Milaan for the past eight years, and joining this organisation gave me a safe and encouraging space where my voice was heard. It is because of this space and support that today I stand confident and independent."
Milaan - Be The Change,4,I had the opportunity to mentor a young girl through Milaan Foundation.  I enjoyed the opportunity to understand her and her life better. It was a humbling and learning experience for me. I am not sure how much she appreciated the …
Milaan - Be The Change,4,"This girl icon program was really a great experience for me. Communicating with my girl icon and discussing with her likes, dislikes, her problems was overall a different experience for me.

Milaan Foundation is up with this really good effort towards girls because it's just not about a call, it's about how you communicate with the person and tries to understand her problems, to make her a good friend of yours so that you may help her in any way possible."
Milaan - Be The Change,5,A fantastic nonprofit working for the upliftment of adolescent girls & boys from some of the most underserved communities across rural India. God Speed!
Aashalata Victoria Wilkinson Memorial Charitable Trust,5,"The best part about this memorial is you'll get a free guide here. It was a new experience. The girl who explained the things was really good at her job. She started with a question, how many times Queen Victoria visited the memorial. If you know the answer write it down 😜 …"
Aashalata Victoria Wilkinson Memorial Charitable Trust,5,"Victoria Memorial in Kolkata is a majestic testament to India's colonial past and a stunning architectural marvel. As I stepped into its grand courtyard, I was immediately transported to a bygone era of British rule in India. The memorial's imposing white marble structure, adorned with intricate carvings and surrounded by lush gardens, exudes an air of regal elegance.

Exploring the galleries inside, I was captivated by the vast collection of paintings, sculptures, and historical artifacts that vividly depict the rich tapestry of Indian history and culture. From portraits of British monarchs to exquisite displays of Indian artistry, each exhibit offered a glimpse into the shared heritage of two nations intertwined by history.

The highlight of my visit was ascending the memorial's central dome, offering panoramic views of Kolkata's skyline against the backdrop of the Hooghly River. It was a surreal experience, standing atop this architectural masterpiece and contemplating the legacy it represents.

However, amidst the grandeur, I couldn't help but reflect on the complex colonial legacy that the Victoria Memorial embodies. While it serves as a symbol of India's cultural heritage and resilience, it also serves as a reminder of the colonial exploitation and oppression that shaped the country's history.

Overall, my visit to the Victoria Memorial was a profound and enlightening experience, offering a nuanced perspective on India's past and present. It's a must-visit destination for anyone seeking to delve into the rich tapestry of Indian history and culture."
Aashalata Victoria Wilkinson Memorial Charitable Trust,5,"A Great place to go with your family and friends. The museum had a well-preserved rich cultural history of India. The gardens are well maintained.
Note- Please do not litter waste in any garden or around monuments it disturb flaura and fauna both."
Aashalata Victoria Wilkinson Memorial Charitable Trust,5,"This place holds the 100 +war victory of India. The place where joy of victory is seen .Victoria Memorial hall ,1,queens way ,maidan ,Kolkata, west Bengal 70071.Elegant ,domed,white marble museum, opened I'm 1921,housing...it was beautiful All along .must visit"
Aashalata Victoria Wilkinson Memorial Charitable Trust,5,Nice to stay
Common Cause,5,They are doing very good work for our society by raising awareness about people's rights and trying to protect these rights. People should support the Common Cause organization. I thank all Common Cause members for their hard work for our society without any interest in personal benefits.
Common Cause,5,A public interest organisation of long standing that has had an enduring impact on governance in India through its PILs and policy advocacy.
Common Cause,5,"To fight the bad elements of the business firms, the consumer needs to stand together against them and fight for their right. This Non-Profit Organizations is working towards these consumer affairs. This organizations is dealing with the concerns faced by consumers."
Common Cause,5,its a non profitable institute good location and have a good returant inside.
Common Cause,5,A crusade against corruption by some dedicated and experienced lawyers
Centre for Health and Social Justice,5,Ngo working for health have basment office. One issue is network.
Centre for Health and Social Justice,5,Dedicated and hardworking people for Health rights. Know them since 2007
Centre for Health and Social Justice,3,"Needs better care, located conveniently"
Centre for Health and Social Justice,3,Nice place
HAQ Centre for Child Rights,5,Visit at honk it was such an amazing service by rino.Awesome flavours of food lovely
HAQ Centre for Child Rights,1,"They are the worst people upon this planet
They help nirbhaya culprit free away
They definitely going to hell
there family suffer like nirbhaya than they know pain"
HAQ Centre for Child Rights,1,They wanted mercy for Azmal kasab and signed a mercy petition for that. Recognise the enemy within.
HAQ Centre for Child Rights,3,What can't they see so many under privileged children on the streets of Delhi
HAQ Centre for Child Rights,5,Raghav is awesome
Ritinjali NGO,5,"This is the best NGO I have seen in my life, there is a lot of exploring here like workshop, explore visit, education, guidance, and it's also support for boys from Delhi, there is a proper hostel for them with all the facilities."
Ritinjali NGO,5,It is beautiful  NGO. Here you can learn so many  things.
Ritinjali NGO,4,Doing good work for the poor sections of society
Ritinjali NGO,5,Good 👍🏻👍🏻👍🏻😊 …
Ritinjali NGO,5,Very good 😊 NGO …
Humana People to People India,5,One of the Top and Best NGO in India. They work honestly and has a decent ground team. Their work on the ground speams itself.
Humana People to People India,5,Good place
Humana People to People India,5,Very good charitable organisation... Have lots of kind hearted people...
Humana People to People India,5,"One of the best organization in the world 🌎 which is working for Humanity, Sustainable Development & skill Development …"
Humana People to People India,5,"Coz they good people,and I have excellent experience . good service.caring."
Aastha Foundation (NGO),5,I love the helping nature of all team members ❤️
Aastha Foundation (NGO),5,Great NGO near aerocity mahipalpur. I love their services
Aastha Foundation (NGO),5,Such a kind and humble team  . Best NGO in delhi
Aastha Foundation (NGO),5,I found such a great NGO near me ( Mahipalpur) . Superb & supportive team members
Aastha Foundation (NGO),5,Such a great NGO I found nearby Aerocity Mahipalpur in Delhi
Umeed NGO,5,"Greetings Sir/Madam
I am Hina Jain a front end web developer and I would like to contribute to  Umeed by developing a website from scratch.This website will help Umeed  to reach organic audiences via search engines, leverage digital advertising to boost lead generation.I am happy to do my work without any charges as a token of contribution towards Umeed. You can reach out to me on my Email id : hina.designs06@gmail.com so that we can discuss further about the content for website."
Umeed NGO,5,"I myself joined this..
Nd here's the motive is actually helping the needy.. Knowledge for All program nd go green programs.. All these programs are helping either the slim areas students or the environment.."
Umeed NGO,4,"Yeah, it do exist ""humanity"" if you wanna see just visit umeed...
And you will feel it, see it, belive it. :)"
Umeed NGO,4,It's a good social service NGO .diongservi e to those who crave for help.
Umeed NGO,1,Bad choe
Doctors For You ®,1,"At the time of inspection, no doctor was present at the camp, and the available staff were found sleeping. As confirmed by the driver on site, the doctor had left the camp unattended to attend a meeting elsewhere. This is a serious lapse and defeats the very purpose of organizing a medical/dental camp.

Such conduct raises grave concerns and gives a strong impression that the camp was being organized only for documentation and reporting purposes, rather than for providing actual healthcare services to beneficiaries."
Doctors For You ®,5,"DFY works in 23 States of India to provide medical relief in disaster, managing Covid hospitals, Covid vaccination drives, capacity building of Hygiene Technician, Community development Initiatives, Mobile Medical Unit - Health Camps . It's Amazing"
Doctors For You ®,5,"Dfy organization has done a very good job in the corona call, has vaccinated more than 50,000 people and has a very good team in which doctors nursing staff data entry operators all people cooperate each other by working in this institution we get a lot feel good."
Doctors For You ®,5,"DOCTORS FOR YOU is dong very good job and I surely say because I had seen their work for cancer patient. they are doing their best for helping them and i must say once you choose hope anything is possible ,
thank you team DOCTORS FOR YOU"
Doctors For You ®,5,"Good organization aiding govt. for vaccination for fight against COVID19
Nice, helpful , supportive staff.
well maintained …"
Udyam Trust,5,"Wonderful place, lovely atmosphere, great teachers trying there best to give every support they can to these beautiful children."
Udyam Trust,5,"The kids will make you smile, instantly 😊 …"
Udyam Trust,5,NGO devoted for the upliftment of underprivileged children and women.
Udyam Trust,5,"This organisation work for unprivileged sectors, community, education of children and women."
Udyam Trust,5,Great NGO.
Literacy India Saket,5,I went to teach music and I loved the simplicity and determination of the kids for music. It's an NGO.
Literacy India Saket,5,Very good NGO ( Literacy India )
WhiteHope Foundation,5,Great foundation help atlot
WhiteHope Foundation,5,nice NGO.
SAPNA,5,Truly genuine Experience. Thanks for genuine efforts. Loved it.
SAPNA,5,AGARWAL packer  and movers  very good
SAPNA,5,True place
Population Foundation of India,3,One of the well known NGOs working towards population/health education is Population Foundation in India which is located in Qutub Institute Area near Katwaria Sarai. It was founded in 1970 by JRD Tata.
Population Foundation of India,5,"This is Non Governmental offices area.

Nice Place
Near Heart of Delhi Sanjay Van ❤️❤️💜💜
Near Katwaria Sarai
Sanjay Van is really like heaven.
Sab kuch shant shant h yaha par"
Population Foundation of India,3,Kind of useless building.
Population Foundation of India,5,Nice
Population Foundation of India,5,Very well known and reputed NGO.
Bharat Rural Livelihoods Foundation,4,BRLM is doing extremely well for the development of rural communities but they should  involve the NGOs directly.
Bharat Rural Livelihoods Foundation,5,They are doing exceptionally great work for poor and needy
Bharat Rural Livelihoods Foundation,4,Good NGO
Bharat Rural Livelihoods Foundation,2,Just ok
Bharat Rural Livelihoods Foundation,5,Great work
Umeed Foundation,5,"Best school best education 👏 🙌
May Allah bless this school with all success 🙌 and Allah bless all children for success.

Zainab khan from Lucknow"
Umeed Foundation,5,"Best place for study , and computer learning , Thanks to Mrs. Natasha mam."
Umeed Foundation,5,Is this by wali rahman???
Advocate Rumpa Dhibar & Associates (Women & Child Specialist Lawyer),1,"Rude, does not listen to needy people st all."
Advocate Rumpa Dhibar & Associates (Women & Child Specialist Lawyer),5,"She is a highly skilled and professional lawyer. She listens patiently and provides clear, helpful legal advice. Her behavior is polite and respectful. She completes work on time with full dedication. I am very satisfied with her services and would definitely recommend her to others."
Advocate Rumpa Dhibar & Associates (Women & Child Specialist Lawyer),5,"She very good human being with kind and great heart,she is very dedicated person about work and passion she handled every situation very well. Great person with fully dedication..✨"
Advocate Rumpa Dhibar & Associates (Women & Child Specialist Lawyer),5,"I am deeply grateful for your support and dedication. Your expertise and guidance have transformed my life,
Thankyou so much Mam meri life me itni khushiyan dene ke liye.
From Riya"
Advocate Rumpa Dhibar & Associates (Women & Child Specialist Lawyer),5,"He is a very good advocate for the girl and the children and is also a great supporter.
Especially girls should take their help because they understand very well and also advocate very well."
The helping hand trust,5,"This is NGO is very nice 😊😊😊😊
I'm also associat with this NGO …"
The helping hand trust,5,Good work 👍👍 …
Peepul,5,The office is spacious and good place to work with a good wifi! The walls have such amazing paintings created by students. It was wonderful to visit office!
Peepul,5,Working great job in education with innovative ideas.
Peepul,5,Amazing office place. Prime location. High security. Great infrastructure. Beautiful ambience
Peepul,5,NGO which is currently working in education with SDMC.
Peepul,5,Not interested
Expert Solutions 4 Non Profit,5,"I recently engaged with Expert Solutions for Nonprofit, and the experience was exceptional. As a dedicated NGO consultant, they offered tailored strategic guidance that helped us maximize donor engagement and operational efficiency. Expert Solutions not only understands the unique challenges of nonprofit organizations, but they also bring a wealth of experience in fundraising strategies and grant writing. If you are an NGO looking to grow, or need expert advice on nonprofit management, I highly recommend Expert Solutions for Nonprofit. Their dedication to NGO success is truly unmatched."
Expert Solutions 4 Non Profit,5,"I will only recommend Expert Solutions for Nonprofit highly enough. As an NGO consultant, they were pivotal in transforming our organization’s approach to growth. They provided in-depth strategic planning tailored to our nonprofit’s …"
Expert Solutions 4 Non Profit,5,"Expert Solutions 4 Non-Profit LLP has been exceptional in supporting NGOs with their expert guidance and practical solutions. Their team is highly professional, responsive, and genuinely dedicated to creating a positive social impact. They have helped streamline operations, strengthen fundraising strategies, and improve overall organizational efficiency. Their insights and support make a real difference for any non-profit aiming to grow and scale its impact. Highly recommended for organizations looking for reliable and knowledgeable partners in the non-profit space."
Expert Solutions 4 Non Profit,5,"Expert Solutions 4 Non-Profit is doing an incredible job in supporting NGOs with professional guidance and innovative solutions. Their team is knowledgeable, responsive, and truly committed to social impact. They helped improve efficiency, …"
Expert Solutions 4 Non Profit,5,"I had a really good experience with this NGO. They are doing great work to help people and make a positive difference in society. The team is kind, supportive, and truly cares about the people they help.

What I liked the most is that they focus on real problems and try to create long-term solutions. They are honest, hardworking, and dedicated to their mission."
MaxAtHome,5,"We would like to express our heartfelt gratitude to the wonderful home nurses who cared for our father. Your kindness, compassion, professionalism, and dedication meant so much to him and to our entire family.

Thank you for the excellent care, patience, and support you provided during such an important time. Your warmth and commitment brought comfort and peace to all of us. We will always be grateful for everything you have done.

With our sincere appreciation, thank you Devrat from the bottom of our hearts."
MaxAtHome,5,"I availed Max@Home services for my newborn, and the entire experience was smooth and reassuring. The nurse was assigned without any hassle, and the management provided clear guidance throughout the process. …"
MaxAtHome,1,"I called Max@home for a 12 hour attendant for my father. They quoted a figure which is much higher than market rate, but I was ok with it, hoping that the service will be prompt as it was an emergency. The person said they will arrange a call back soon, I waited for an hour and called again they said don’t worry we will call back. I kept waiting and called again after two hours when the executive said now you will only get a call the next day in the most callous manner as if he is selling cakes and not health care services. This apathy and non responsive behaviour is really frustrating. Why should anyone pay premium for such callousness?"
MaxAtHome,2,We have been using 12 hour Max attendants for my 91 year old father for almost 4 months. We are extremely frustrated in the quality of care and the responsiveness of the TL. The attendants just want to sit and watch their reels mostly. They …
MaxAtHome,1,Poor service. The attendant was supposed to come at 8 and he reached at 9. This company is using Max name to fool the people. They are not at all professional. I got calls from 6 different people for information. The attendant sent was 16 year old boy and didn't know any work. He was not even wearing the mask.
Centre For Media Studies (CMS),5,Scribd test Centre for media studies with pdf
Centre For Media Studies (CMS),5,A well known research think tank...
Centre For Media Studies (CMS),5,A research think tank
Centre For Media Studies (CMS),5,Very nice☺
Centre For Media Studies (CMS),5,Nice !
Prayas Saket centre,5,Do visit
NGO Anahita,5,Great
Restless Development India,5,"It’s a global agency for youth-led development. The Agency (NGO/CSO) works in various states across India and caters to millions of young people esp. young girls and boys. The NGO has its state offices in Ranchi, Ganjam, Munger and Alwar and it’s Country Office is in Delhi. Headed by a woman, this agency works with a range of partners and stakeholders. For this agency, Young People are the leaders of today and not the future which makes them an awesome choice for all the young people in the country. Also, it works in a lot of countries across Asia and Africa."
Restless Development India,4,It's an NGO doing great work in terms of youth and girls. They do take volunteers in case you want to contribute.
Restless Development India,5,Incredible work!
Restless Development India,5,Good
Buddha Charitable Foundation(India),4,It's a very nice noble cause done by this Organisation
Buddha Charitable Foundation(India),5,Jay Bhim Jay Bharat
Lakshyam NGO ( Vasant Kunj Center),5,Wws there for a workshop against child sexual abuse. The founder is such a good person and down to earth. The place is very nice and simple.
Lakshyam NGO ( Vasant Kunj Center),1,It was greatful experience.
Lakshyam NGO ( Vasant Kunj Center),3,As usual
Dream Future NGO,5,"The Dream Future NGO is doing a great work in its field, its a very nice NGO."
Dream Future NGO,5,They are doing good work
Dream Future NGO,5,There work is good!!
Dream Future NGO,5,The Dream Future NGO intention is really good and they are doing the right thing in a right direction. The team is very supportive.
Dream Future NGO,5,Best
Sunaayy Foundation,5,"An honest NGO, spearheaded by a compassionate, intelligent, able individual, taking care of education & nutrients, health needs of street children, vulnerable women and also environment in South Delhi, Jharkhand, Bihar, Bengal"
Sunaayy Foundation,5,Genuine work for the underprivileged
Buddh Jyoti Foundation,5,The organisation is doing social services and charity work. Dedicated and committed team doing great work 💪. …
Buddh Jyoti Foundation,5,A Ngo work to kids education and medical support
Buddh Jyoti Foundation,5,Wonderful initiative of charity work done by this organization.  Keep the good work going....
Helping Hands,5,Thankyou helping hands
National Association for the Blind,5,"Since I had sponsored lunch today, I visited the hostel and I was really impressed as everything was so well organised. The children were extremely happy. The quality of food served was superb. The cleanliness., the staff everything was very good."
National Association for the Blind,5,"The NAB is a best school as place for disabled people from eyesight. Good performance school for blinds , printing services available in Braille. Very attractive and intelligent teaching staff there. I impressed a teaching staff name as Mr. Amit Goswami ji and his wife. They are 100% Blind and both are trainer for training and computer education for blind students. We meet many blind students, they are happily live and learning. First time experience and very great. Rest all staffs are very kind hearted person. As we are team of #MarutiSuzuki CSR we donate headphone for their best learning. God bless all staffs and students."
National Association for the Blind,1,I am visually impaired myself—though I do have some residual vision. Let me tell you all: everyone who claims to work in support of the blind is not actually doing it for the blind; they are doing it for themselves—specifically for their own income.
National Association for the Blind,5,"They are a part of an excellent initiative
I would request people to be connected with them not only in kind, goodsor funding  but find time to support their cause by giving time to support their operations"
National Association for the Blind,5,Extraordinary work. I have more respect for my vision and better understanding of those who don't. Everyone should visit and experience.
V-Shesh,5,Nice Ngo job provided for handicapped
Gurukul Trust,5,Now working in tbsp by yumyumtree
Gurukul Trust,5,Very good delivery
Welthungerhilfe,5,This NGO does excellent work.
Welthungerhilfe,5,One of the best INGO in the world
Welthungerhilfe,5,It's very nice organisation and working on real ground
Welthungerhilfe,5,International NGO. One of the best in its field.
Welthungerhilfe,4,Best place visiting
Streebal NGO,5,"It's very Genuine NG organisation which is ceaselessly working twds women empowerment,  children's education besides it also has physiotherapy, dentist and medical help ."
Streebal NGO,5,"Streebal is a non-profit organization that teaches sewing to poor people, conducts computer classes for children and also runs a charitable hospital."
NCPEDP India,5,They are working as non-governmental guiding force toward policy making and laws enacted by Government of India. They are a dedicated organization for the welfare of disabled and special needs citizens.
NCPEDP India,5,Their work and contribution in highlighting issues related to people with disabilities is commandable. They help Government to make policies for this section of our citizens.
NCPEDP India,5,An office in a residential area that hides the wonderful work this group is doing. Nice office and great people to work with.
NCPEDP India,5,well maintained and very good place accessible for person with disability working highly in benefit of person with disability
NCPEDP India,5,Nice NGO
WEN - Women Entrepreneur Network,5,"Best place for freshers to learn hiring . People here are so supportive. They conduct regular webinars to help budding recruiters, housewifes etc. Best source of income from work from home with time flexibility."
WEN - Women Entrepreneur Network,5,"WEN ,Women Entrepreneur Network is Systematic and methodical in its approach to clients and employees. Giving their employees an opportunity through work from home,  encouraging women in building their self confidence and helping them in earnings ..All the very best  WEN"
WEN - Women Entrepreneur Network,5,"Excellent talent search firm -quality wise, TAT and clear on client needs! The team of Consultant are professional and very helpful."
WEN - Women Entrepreneur Network,5,Best platform for any age group if u r looking for second careers option or fresh.. glad I got connected to it..
WEN - Women Entrepreneur Network,4,Great place for womens who want to restart their work and earn extra income with flexible timings
Community Foundation for Children and Aging,4,The NGO is Great has  a Visionary Leader and Dedicated Staff
Community Foundation for Children and Aging,3,Ngo
Bal Vikas Dhara(BVD),5,My work place.
Bal Vikas Dhara(BVD),5,Ngo with great doctors
Bal Vikas Dhara(BVD),1,God
FHI 360 India,5,"There are many NGO's working great but fhi is a way more beautiful and heart warming, everytime we do any event those smiles of kids fills me with so many good positive vibes & the volunteer they are more like a family love from FHI JAIPUR 💖 …"
FHI 360 India,5,I miss a lot of Memorable time while Behaviour Change Communication  Training with Ms. Sonali Mukherjee and Neetu Singh with Vishal.
FHI 360 India,4,"Good place to seek advisory services for development work in HIV, family planning areas."
FHI 360 India,5,One of the best international Non Government Organization
FHI 360 India,5,No Need to Mention Lajpat Nagar in this Address .Lajpat is Different Area .
Federation of Indian Women Entrepreneurs,5,"I had a very good experience with this company. The people here are professional and work hard. The managers are helpful and keep everything running well. The best part is how well the team works together. Everyone helps each other and does their job nicely. Overall, it’s a good company with a great team."
Federation of Indian Women Entrepreneurs,5,People in Fiwa are very cooperative and helpful. They are hardworking and have alot of knowledge. Must say it is a realible company to collab with
Federation of Indian Women Entrepreneurs,5,Good agency.Always think about assessor.Timely payment.FIWE is good platform for work.
Federation of Indian Women Entrepreneurs,5,Like - it's a good organization
Federation of Indian Women Entrepreneurs,5,For those only who are willing to learn. Not for lazy people
The Community Library Project - Khirki Extension,5,"This place is everything I could ask for!
It’s run by an NGO, so everything is completely free—no charges at all.
If you’re a student looking for a quiet place to study or just want to read books, this is definitely your spot.
I’ve been visiting for the past year, and every experience has been wonderful.

The collection of books is huge, with a special section dedicated to kids as well.

One of the best parts is that you can use the computers for free by simply booking a one-hour slot.
For booking you can simply just go to the counter by entrance and say you wanna book a slot and they'll do that for you after which you're free to use the computers.

Also they're closed on Friday so keep that in mind.

They also provide free Wi-Fi, and the place has such a cozy, welcoming vibe that makes it perfect for reading or studying.
The staff are polite, and always helpful.

It truly feels like heaven for book lovers.

Highly recommend!"
The Community Library Project - Khirki Extension,5,"I enrolled here a week ago!!
And can't describe how much I'm in love with this place...
It's a beautiful place to read and learn... …"
The Community Library Project - Khirki Extension,5,TCLP khirki extension is Awesome as always - wish I had started going there a few years earlier than I did and it's a place everyone must visit atleast once and if possible regularly
The Community Library Project - Khirki Extension,1,Library and staf is good but students not serious... Too much noise.moslty people talking in side like a cafe .
The Community Library Project - Khirki Extension,5,"The Community Library Project Library (TCLP) is a place where I feel free to read books.There are 13,000 books in Library.There are three branches of TCLP KHIRKI,SIKANDARPUR,SOUTH EX.I GO KHIRKI branch since I was 3 years old.They are very …"
SILF,5,Working effectively for people affected by leprosy and their families. People here are doing a great job as they are working hard to bring positive change in the lives of those who are living with highly stigmatised disease.
SILF,4,A great experience to help SILF to spread the message #youarenotalone with my friends
SILF,5,An organization work hardly on the social issue leprosy and makes  people live without any dependence.
SILF,5,A foundation working on leprosy and trying to make a change in the Indian society.
SILF,5,Nice place for social work contribution
Minal Yuva Sangthan,1,"Beware from these type of people, who consist you to ngos project and grants they'll are fake nothing gonna happen what they say"
Minal Yuva Sangthan,5,"Hard working Ngo, Good projects well done team minal thanks to give me projects work ."
Minal Yuva Sangthan,1,Looting people on the name of csr projects & all . Stay away from these kind of fraudsters . He tries to trap you .
Minal Yuva Sangthan,5,HELPING PEOPLE VERRY GOOD PROJECTS
Minal Yuva Sangthan,5,Best NGO In India
Haqdarshak Empowerment Solutions (Delhi Office),5,I want to join you .
Room to Read India Trust,2,"Saw their teammates (in big numbers) enjoying a gala outing with a lavish two-night stay at Marriott Resort & Spa, Jim Corbett, India. It certainly appears they have a very generous budget for team activities, something even many commercial establishments may find difficult to afford.

One only hopes that such expenditures are being funded transparently and not through donations collected for social causes."
Room to Read India Trust,5,Nice people working towards transforming education.
Room to Read India Trust,5,Room to Read India Trust is an international NGO that focus on imparting education in the society
Room to Read India Trust,5,Very good organization
Room to Read India Trust,5,My office
Savram Foundation,5,"I completed my 3-month teaching internship at Savram Foundation, an NGO dedicated to great causes. Under the guidance of Jyoti Ma’am, who was always supportive in resolving my queries, I had a valuable and enriching experience. Overall, it was a great learning opportunity!"
Savram Foundation,5,A foundation with noble intentions.
Savram Foundation,5,We love you.
Friedrich-Ebert-Stiftung,5,Here is a NGO works for improving present of women in panchayti raj other political activities
Friedrich-Ebert-Stiftung,5,A beautifully designed and very friendly organization working in the development sector...
Friedrich-Ebert-Stiftung,1,Not visited.
Friedrich-Ebert-Stiftung,5,Nice Place.
Little Umbrella Foundation | Not for Profit | Children's NGO,5,“An excellent and heart-touching initiative Your love and dedication towards children is truly inspiring and brings beautiful smiles to their faces.”
Little Umbrella Foundation | Not for Profit | Children's NGO,5,“Excellent and truly commendable work 🌸 Your efforts for children are genuinely inspiring and bring a lot of positivity and smiles.” …
Little Umbrella Foundation | Not for Profit | Children's NGO,5,"Little Umbrella Foundation is doing truly commendable work for underprivileged children. Their initiatives are thoughtfully designed and create meaningful, on-ground impact, especially in the areas of education, healthcare, and overall …"
Little Umbrella Foundation | Not for Profit | Children's NGO,5,"I really appreciate the work that Little Umbrella Foundation is doing for underprivileged children. Their programs are well-structured and genuinely impactful, focusing on education, healthcare, and overall child welfare. The dedication of their team is truly inspiring—they go above and beyond to ensure that children get the care and opportunities they deserve. It’s amazing to see an organization so committed to making a real difference. Their efforts create a positive change, and I would highly recommend supporting them in any way possible!"
Little Umbrella Foundation | Not for Profit | Children's NGO,5,The initiative taken by LUF is very appreciative. This is a vital need for the society and I am glad to see that an organisation is working towards it. We need more and more people to come forward and co-operate for this cause. It's nice to see world hasn't actually lost it's humanity and love.
Smilynation Foundation,5,"NGOs India is information dissemination network and platform for the Non-Profit Non Government Organisations and social activists who want to get information resources to run and mange their organisation and group for social welfare and social development purpose in well professional and managed way to make positive social changes in society. NGOs India supports, guides and entertains only the persons, groups and organisations who are practically doing social work.''good work smilynation"
Smilynation Foundation,5,"smilynation is an NGO that has headquarters in New Delhi. It works for poors and below poverty line people who are deprived of food, shelter and clothing. It do helps to maintain the social activities which keeps on spreading the revolution …"
Smilynation Foundation,5,"Without proper food, clothing n shelter life for them is full of struggles. But the determination I see in them. Inspires me to be humble n grateful. I would give up anything to help these children fulfill their dreams n live a better life. Support smilynation. Com"
Smilynation Foundation,5,"Good organisation, I would love to see if more people comes to help them Raise.superb work smilynation"
Smilynation Foundation,5,"A very good organisation.
They are helping to many people in aiims need more of these type og NGO,s"
Vardaan Senior Citizen Center - Dementia and Paralytic Care,5,"When I arrived as a guest, it was in the midst of a birthday party and I was welcomed with cake and different types of Indian food; the Vardaan Senior Citizen Center assures that your senior relatives are well taken care of and are treated like family. They do not simply cater to their medical needs but also to their emotional needs which I believe is very important when considering a home for senior citizens. Highly recommended for those looking for a loving home for your elderly loved ones!"
Vardaan Senior Citizen Center - Dementia and Paralytic Care,5,"My father, a senior citizen has been under the care of Dr. Rekha Khandelwal and her amazing team at Vardaan Senior Citizen Center for the past two months. The team has not only provided the appropriate medical attention to my father but has …"
Vardaan Senior Citizen Center - Dementia and Paralytic Care,5,"My father stayed here for two months and we observed a marked improvement in his health. The staff is very caring, attentive and supportive. They shared photographs regularly to keep us updated on the activities. The fact that the centre is associated with with a hospital is an added advantage . The stay is very reasonable priced and facilities are pretty good. Heartfelt gratitude to Dr Rekha and the team"
Vardaan Senior Citizen Center - Dementia and Paralytic Care,5,"Vardaan senior citizen is the best NGO I've ever been too. The way they care for their citizens is amazing. They provide them with all comfort and facilities. Each and every employee there is so helpful and humble. It is really ""a home, away from home"". :)"
Vardaan Senior Citizen Center - Dementia and Paralytic Care,5,"I visited Vardaan after 10 years.to relive the fond memories I had of Vardaan Senior Citizen centre.
My grand aunt was living in Vardaan for 3 years. She was being looked after by …"
EkamSikh Trust,5,Best ngo working for the needy
EkamSikh Trust,5,very humble staff very helpful people❣️
Bal Umang Drishya Sanstha,5,"BUDS NGO is a remarkable organization dedicated to empowering young women and children through education, skill development, and holistic support. Their focus on fostering self-reliance and nurturing personal growth in underprivileged communities is commendable. The NGO not only provides educational resources but also offers emotional and psychological support, ensuring that the beneficiaries develop confidence and resilience.

Their programs for young women are particularly impactful, promoting gender equality and encouraging leadership. By offering vocational training and life skills workshops, BUDS equips young women with the tools they need to achieve financial independence and make informed decisions about their future. Similarly, their child-centric programs emphasize the importance of education and personal development, ensuring a brighter future for the next generation.

In summary, BUDS NGO stands out for its holistic approach to addressing the unique challenges faced by young women and children. Their commitment to empowering individuals and creating long-lasting change in communities is truly inspiring."
Bal Umang Drishya Sanstha,5,"BUDS NGO works passionately for education of children, especially women. It is working tirelessly to give women a safe space where they can seek education and get social support. It also works in the sectors of health and has built a …"
Bal Umang Drishya Sanstha,5,"BUDS is doing remarkable work supporting children and adolescent girls. Their programs focus on education, empowerment, and life skills, helping young people thrive in challenging environments. The staff’s dedication and commitment are evident, as they not only provide academic support but also focus on emotional and social well-being. Their efforts to promote gender equality and create awareness about important issues like girls' education and rights make a lasting impact. Overall, BUDS is making a real difference in the lives of the girls and children they work with."
Bal Umang Drishya Sanstha,5,"BUDS NGO is dedicated to improving the quality of life of children in need with education or health.
The volunteer opportunities offered are well organized and fulfilling. BUDS having the great environment of working for both males and females."
Bal Umang Drishya Sanstha,5,This ngo working for specially children's health but it's van helping poor people of every age and help them to find right treatment and guid them. Staff is helpful and humble and kind. And very cooperative and active.. medicine quality is really good as it works quickly. Thankyou
Centre For Holistic Development-CHD,5,"⭐⭐⭐⭐⭐

It was a wonderful experience visiting this Place . The session was very informative, inspiring, and full of valuable life lessons. Sir explained the importance of discipline, punctuality, and socializing in a very simple and practical way. We also got the opportunity to introduce ourselves and learn from his guidance. The environment was welcoming, and everyone was very supportive. This visit motivated me to become more responsible and confident. Thank you for such a meaningful and memorable experience. I highly recommend everyone to visit and learn from this Place."
Centre For Holistic Development-CHD,5,"I am deeply thankful to the Center for Holistic Development (CHD), Delhi for offering students the opportunity to complete their internship. The CHD department is doing commendable work for the betterment of society. My experience there was …"
Centre For Holistic Development-CHD,5,"This NGO is doing truly impactful work by helping homeless people get jobs, food, and shelter. Their efforts are genuine and visible in real life. They treat everyone with dignity and care. It’s inspiring to see such honesty in their work."
Centre For Holistic Development-CHD,5,"It’s heartwarming to see an NGO actually delivering what they promise. They help homeless people with food, shelter, and work opportunities. Their approach is practical and effective. A very reliable and inspiring organization."
Centre For Holistic Development-CHD,5,"( CHD ) department is working good work for people. I am truly grateful to the Center for Holistic Development (CHD), Delhi for providing the opportunity to complete internship for students.This experience was highly enriching and offered …"
SRUTI,5,Well maintained office
HelpAge India,5,"Yes, HelpAge India, C-14, Qutub institutional Area, ND
Here my solar team completed 25KW solar power plant.
And my a lot's of memories are here."
HelpAge India,5,"It's an NGO in Qutub Institutional Area, near Hauz Khas metro station. They rescue and treat the elderly who don't have enough money to get themselves treated or who are facing abuse (any form). They've written articles which you can check online or collect brochures from their main office. Every Monday, they visit different places in the NCR region with a team of physio therapists facing any kind of joint pain."
HelpAge India,5,"HelpAge India is doing truly commendable work for the elderly across the country. Their programs in healthcare, elder rights, and livelihood support are making a real difference in the lives of many senior citizens. The team is dedicated, …"
HelpAge India,5,"I have been there for a plantation drive.
Notice that helpage India NGO which help elderly people
These guys are doing a great job.
Campus is also very good with greenery.
And people usually come here for social service like doing plantation drive and other stuffed.
The security guard is also doing great job check everything properly before giving permission to enter in the campus."
HelpAge India,5,"Wonderful NGO working for the cause and care of the elderly.

HelpAge India is a leading charity in India working with and for disadvantaged …"
Family Health and Education,5,Personalised attention and enough time to explain problems
Uday Foundation,5,"I wholeheartedly appreciate and thank the Uday Foundation team for their exemplary dedication and commitment to serving the needy. Your selfless efforts have brought hope and positivity to the lives of countless individuals.

Your organization's initiatives and projects have provided vital support to the underprivileged, empowering them to live with dignity and self-respect.

Please accept my sincerest gratitude and best wishes for your future endeavors. Your work is truly commendable

""Thank you, Uday Foundation, for feeding the hungry and bringing hope to their lives.""
Great job, Uday Foundation! Your food distribution is making a big difference.

Thanks to Uday Foundation for providing food to those who need it most.""

Thank you and best wishes!."
Uday Foundation,2,"I approached Uday Foundation with the intention of organizing a food donation on my father’s death anniversary—a deeply personal and emotional occasion. Unfortunately, the overall experience turned out to be quite stressful. …"
Uday Foundation,5,"I have been using the services of Uday Foundation for the last 5 years. They're very efficient and do the needful as per your specific requests.  Besides food to the patients and their care givers at AIIMS, dry ration, warm clothes and blankets are also distributed by them. Donations are exempt from Income Tax also. I would give them 5 🌟."
Uday Foundation,5,Uday foundation of doing a noble cause for our society and the needy. I recently went there to donate two boxes of clothes. I had some problems reaching there by cab initially. Ms Reen who manages the place and I had been in touch earlier …
Uday Foundation,5,Team at Uday Foundation is really doing and amazing and selfless work of giving back to society. Uday foundation's shraadh initiative helps people like us to do something good in name of departed soul and Uday foundation's team makes sure to carry out drive in a well organized manner. Thank you Uday Foundation team to inspire us and giving us an opportunity to serve to society and make a difference.
Bhavya Building Contractor,5,A very blind friendly centre. Enjoyed the atmosphere and surrounding they have set up for the visually impaired women who are at their hostels. Appreciate the work and programs run by this centre.
Bhavya Building Contractor,5,"Amazing learnings from a very organised setup. Very good to see the brave girls learning life skills and excelling at them.

Vision is our handicap - that we can't imagine a world without it. It's not a handicap for the girls who learn there."
Bhavya Building Contractor,5,This is a non profitable organisation NGO specially for the girls with Visual impairment. Free personal and professional training and Accommodation is provided for the visually impaired girls and women of all ages …
Bhavya Building Contractor,5,"Awesome place. They have a variety of products like cakes, handicrafts, biscuits, spa etc.. while helping blind women by training them  in various skills."
Bhavya Building Contractor,5,Disadvantaged people who have lost their sight can get free residential skills and training classes that imbibes not only different sight and confidence to see the world but also to make a respectful living.
Digital Empowerment Foundation,5,"This place gives immense opportunity to learn the centuries old trading, current arts & culture and about hundred of heritage monuments and their spacialities"
Digital Empowerment Foundation,5,Not for Profit organization working since 2002 towards bridging last mile access and connectivity
Digital Empowerment Foundation,5,I saw yours 52 parindey on YouTube. I am a yoga teacher and naturopath and very inspired towards concious natural living for well being of all by guiding people of simple steps to natural living. Really appreciate you bring the real people through your video for inspiration of all.
Digital Empowerment Foundation,5,very good and professional trainer I enjoyed and found this workout most helpful Thank you
Digital Empowerment Foundation,4,Our Project (schoolreportcards) is the winner of Manthan Award South Asia 2010. It is a team of dedicated professionals led by Mr. Osama Manzar to reach unreachable.
The VIDYA Foundation,5,"The Vidya Foundation is a revolutionary organisation that has not been just education underprivileged children but has also been working to spread it's message to sensitise the society. With people like you working relentlessly, we will one day surely realise our dreams of no child illiterate.    :)"
The VIDYA Foundation,5,One of best foundation in new Delhi NCR..they have done such a great things in his NGO..they Are help people to grow up in there academy life and help to educate  well..not only this Volunteers are also very good..
The VIDYA Foundation,1,Talked rudely and not having sense to listen the caller
The VIDYA Foundation,5,The Vidaya foundation  provides the education to less privileged children and youth. Being as a worker I believe education has the power to change the lives of children and youth.
The VIDYA Foundation,5,"Awesome work is being done by the vidya foundation for the society, having mission education to employment, helping so many slams students to be educated.👍 …"
Centre for Civil Society,5,Centre for Civil Society drives impactful social change through insightful public policy research and advocacy. Their efforts are instrumental in shaping a more informed and empowered society. Highly recommended!
Centre for Civil Society,5,"Centre for Civil Society advances social change through public policy. Our work in education, livelihood, and policy training promotes choice and accountability across private and public sectors. To translate policy into practice, we engage with policy and opinion leaders through research, pilot projects and advocacy.

We are India’s leading liberal think tank, ranked 81 worldwide by the annual study conducted by the Think Tanks and Civil Society Program at the University of Pennsylvania."
Centre for Civil Society,5,Amazing people clubbed with a nice coffee machine to fulfill caffeine needs along with nice work culture
Centre for Civil Society,5,A society for civil work
Centre for Civil Society,5,What a great team! It's amazing to know people at the CCS who are always so willing to guide and help other organizations.
Chintan Environmental Research and Action Group,3,"It's a great initiative, but despite multiple follow ups on DM and in the WhatsApp group, our trash hasn't been picked up in 3 weeks. The lack of response is disappointing."
Chintan Environmental Research and Action Group,1,I want to donate polythenes and wrappers in New Delhi.Does this organisation collect these for recycling.I am unable contact on the provided number.
Chintan Environmental Research and Action Group,5,The team put together by Pragun and Kirti made the removal of our items a breeze. Thank you guys for managing the whole operation so efficiently and well.
Chintan Environmental Research and Action Group,4,"NGO based in Delhi, working on different environmental and livelihood aspects and working with waste collectors in different cities in India for better, safe and proper waste management."
Chintan Environmental Research and Action Group,5,One of the leading environmental NGOs in the country focused on environmental justice through sustainable production and consumption of materials and improved disposal of waste.
Draupadi Dream Trust,5,All good
The Humsafar Trust - Delhi,5,"I am mature gay man, my visit was great to Humsafar Trust. The guided well on PrEP, the counsellor and staff helped me to clear the doubts. I am happy to start my PrEP. Today I have received the 2nd refill of PrEP confidentially at my home. - Thank You Humsafar Folks 👍🏼 …"
The Humsafar Trust - Delhi,1,"I heard about humsafar from 1 of my friend and social media but my in-person visit experience was totally opposite, reception staff was totally unprofessional and laughing on me with my cover face (I was not comfortable as i m discreet), at the same time their all the counselor was very nice and offer me services and try to convince me, but first time entry at a community space  and mockery on me with my trauma was my horrible experience... I suggest to all if you visiting this place, be prepared for this trauma🤞"
The Humsafar Trust - Delhi,3,"I am into touch with them,  services offered are very slow. Let's see if I could be alive or not."
The Humsafar Trust - Delhi,5,"Great experience and wonderful support by The Humsafar Trust Delhi . Mannu Bajwa sir is a very great, very helpful, and very kind hearted person."
The Humsafar Trust - Delhi,5,I always loved it. I have friends there. I do go and meet them for a while. It's a safe heaven for LGBTIQA+.
Access,5,It is very important place for women development
Access,4,It is the office place for one of the NGO in Hauz Khas Village in New Delhi who contributes to different non profit workings for several organizations and tie ups
Access,5,"Beautiful office, lively location.
But, the new address is 22 instead of 28."
Access,4,Have a good office and is located in heart of Haus Khas village
Access,5,Well laid out inside....optimal utilization of space
sumaitri,5,"Sumaitri provides a vital, judgment-free space for anyone experiencing depression, acute emotional distress, or suicidal thoughts. Operating 365 days a year, their trained volunteer team offers completely confidential, empathetic active listening without unsolicited advice or criticism. When reaching out via phone, callers are met with genuine warmth and anonymity. It’s a powerful, cost-free mental health support system for those who feel they have nowhere else to turn."
sumaitri,5,"Sumaitri is the perfect comforting landing place, when you are feeling overwhelmed or distressed. They are there with you with complete anonymity and zero judgement."
sumaitri,5,Sumaitri is one of our oldest organisations working on Suicide Prevention. It's our few go to place for anyone in need. Fully Volunteer based. Kudos to All of Sumaitri Volunteers down the years and present. I urge young professionals to also join and contribute with skills.
sumaitri,1,"it's bad , really bad.I  called to seek help them a few months back and the lady who picked up was just really rude, like she insesitively told me that she's not a doctor and she doesn't have time to talk to me and cut the call straight on my face, I was just so hurt.She was so insensitive and rude to me as if I'm disturbing her by calling and as if I'm just some idiot calling her in time of distress, like how rude can you be especially to people going through distress."
sumaitri,5,India gate new Delhi
NAB India Centre for Blind Women & Disability Studies,5,Good place. If u want to experience the meaning of life and humanity u should visit this place
NAB India Centre for Blind Women & Disability Studies,5,The atmosphere at NAB is very pious . The whole space has an aura of sincerity and dedication . The admin and the staff is very helpful. They do provide space for meditative events at a very competitive price. Their garden canteen needs a …
NAB India Centre for Blind Women & Disability Studies,5,"NAB was a serene and
quiet place. Staff was sincere and helpful. The cafe serves u piping hot and delicious food cooked by the empowered blind students."
NAB India Centre for Blind Women & Disability Studies,3,"Awesome place and really working nicely for differently abled girls...
Me and my friend went here for basic medicine donation for girls.
If you guys can't donate please visit this place and enjoy cafe ,buy handcrafts made by visually challenged girls."
NAB India Centre for Blind Women & Disability Studies,5,"If you want delicious food in Delhi then I recommend Blind Bake Cafe in Hauz Khas, you will get both delicious food and a place of peace run by blind women of nab india centre …"
Navdanya Head Office,5,Amazing office
Navdanya Head Office,5,Good place
Navdanya Head Office,5,It is a very beautiful place
End AIDS India Campaign,5,It's doing really well ...I and attended a event organised by Galaxy magazine # go Besharam
End AIDS India Campaign,1,"your organization volunteers took my bank details, i didn't know  on that time why and how i gave you those details, i just wanted to help those peoples, but they volunteers told me, with only single mail they will close my membership, but up-to now i didn't get any reply from them,
please remove my all account details otherwise i need to block my account. or i will complaint regarding this"
End AIDS India Campaign,1,Froud people here suddenly meet on road I requested to the people please stop deduction from my account I lost my job I'm not able to donate now but people never take any action on this countieslying payment discussion in process my …
End AIDS India Campaign,1,These people suddenly meet on road and asked to sign the mandate saying its only for 3 months.. But its been more than an year by now and seriously i blocked my card and did all things possible to stop payments to these people but nothing helped.I dont even remember the Campaign name and i had to spend a whole day to search and find this.You people succesfully made me decide not to donate to any campaigns further.. Please stop depostiong cheques into my account.. otherwise I will have to take further actions. A GOOD CAUSE CANNOT SURVIVE WITH WRONG AND FRAUDULANT METHODOLOGY LIKE THIS..
End AIDS India Campaign,1,"Endaids India is good organisation but some organisation like volunteers collecting bank details and pan card and Aadhar .what is this why u r collecting like this.someone behave is very bad with my friend,so please remove my details iam not interested your organisation"
CARE PROMISE WELFARE SOCIETY,5,"Care Promis Welfare Society is one of the best NGOs in Delhi they helped me for my uncle cancer treatment without any demands...
& DR. Rajesh is a decent heart individual he supports us and guides how we can fight with situations...
I just thanks to this Organization and Dr Rajesh for helping us...
Thank You Care Promis Welfare Society..."
CARE PROMISE WELFARE SOCIETY,5,Because it is a life curing plan All the best
CARE PROMISE WELFARE SOCIETY,5,Very good
CARE PROMISE WELFARE SOCIETY,5,It is a nice programme...
CARE PROMISE WELFARE SOCIETY,4,Just....
NLR INDIA FOUNDATION,5,Doing great job during covid19..helping too much in this time.
NLR INDIA FOUNDATION,5,"Very good organization, serving humanity"
NLR INDIA FOUNDATION,5,great working and learning.
NLR INDIA FOUNDATION,1,poor performance bad management
NLR INDIA FOUNDATION,5,New Learning and supporting Management
Red Paws Rescue Head Office,1,"I hv a 3 month old cat for adoption, its an indie and non vaccinated. We don’t want to abandon her but couldn’t find any other choice.Please keep help us in finding a adoption for her, she’s really adorable…text me on insta @rajiv.sinhaa"
Red Paws Rescue Head Office,4,"If someone has a cat up for an adoption. Not more than 2 months old. Any breed will go except Indie, maine coon and burmese.
You may leave a comment here with contact information."
Red Paws Rescue Head Office,5,If you want to adopt a German and indie dog 2 month old plz dm me in insta rohan_yumn
Red Paws Rescue Head Office,3,If anyone wants to adopt a cat for free then message me on my Instagram I'd @chandtaretumhelaakedu_
Red Paws Rescue Head Office,5,"If anyone wants to adopt a tabby kittens, please let me know"
ANGANA,5,"One of the few places in Hauz Khas serving marvelous artistic handicrafts! Loved them! Also, a social cause attached to supporting rural women entrepreneurs. Great initiative by Angana!!"
ANGANA,5,Awesome place for shopping and very unique products.
ANGANA,5,Great place to visit.  Worth buying
ANGANA,5,Good place to shop in.  Beautiful
ANGANA,5,My favorite shop  had a wonderful experience
Foundation for Reproductive Health Services India,5,Very nice service
Foundation for Reproductive Health Services India,5,Serving community by providing family planing services
Foundation for Reproductive Health Services India,5,Good place to work.
Foundation for Reproductive Health Services India,5,Nice
WRI India,5,Love how green and soothing it is. And the best part are the campus cats.
WRI India,5,A beautifully designed office place to spend your working time.
WRI India,3,Office of WRI India is located there.
WRI India,3,Good fun
WRI India,5,Ngo
Humanity Foundation,5,"I volunteered here .My experience was overall amazing and I did reasearch also on stem topic being a part of this ngo .
Thank you"
Humanity Foundation,5,They are doing really nice work. God bless them👏🏻 …
Humanity Foundation,4,"Humanity Foundation is doing meaningful work with compassion and dedication, creating real impact at the grassroots level. Truly inspiring and commendable"
Humanity Foundation,5,"I visited this ngo today,and it's soo good and well mannered...truly appreciate their work..!"
Humanity Foundation,5,the initiatives your NGO runs actually make a real difference. Loved how organized and mindful everything felt
Miracle Foundation India,1,"I receive calls from 10 different numbers in the starting of every month claiming that they are talking on behalf of Miracle Foundation. They message on WhatsApp, call on WhatsApp as well as normal calls to an extent that it feels irritating and very much forced. Donation is something which is willing and not an obligation.
I really think I made a blunder donating in  the Miracle Foundation.
They are harassing us. Please please stop calling these many times and mending false stories between every 1st to 5th of a month.
They call me on 1st of the month saying it is an urgency we need to operate in 2 hrs
Emergency comes only between 1st to 5th days of the month????

Stop exploiting people who are thinking to donate
Really work on youe team"
Miracle Foundation India,1,"I have made donations earlier as well but never experienced such harassment.
They call from different numbers and will say mam baby is so serious what is the problem why can’t you donate and blah blah with such a rude tone. And these people are from organisation only since I did make some donation after such call and they were going to Miracle foundation only.

Though I appreciate the noble efforts, but they have to be made in noble way only. You can not obligate anyone to make donations.

The way your Team is putting in effort is nothing less than harassment.

Pls stop calling from different numbers all the time and pressuring people. Donations should be made willingly and not by any pressure or compulsion."
Miracle Foundation India,1,I made the mistake of donating in this foundation once or twice and I have been getting hounded by repeated calls with some story or the other. The best part is the telecallers are so entitled that they feel they can get a donation by hounding and pressurising others and then have the guts to try to shame them into parting with their hard earned money. Provide better training. Stop harassing people.
Miracle Foundation India,1,Donation is a gift and choice and not a tactic to guilt others and pressurizing to do something. I would rather donate to someone who understands this. Very bad experience.
Miracle Foundation India,1,"I respect the noble work this NGO claims to do, but I strongly advise against donating. After a single donation, they began harassing me with 4+ calls daily, each time with a new case. I’ve blocked over 118 numbers, yet the calls continue. They use emotional blackmail and guilt tactics to pressure more donations. Absolutely pathetic behavior — avoid at all costs."
Indus Action,1,"Staff is rude and ungrateful to volunteers. They do not do the work themselves and if volunteer does it for them, they deride her, down the line. Thankless."
Indus Action,5,"The team is doing such amazing work, hope to see more successful projects"
Indus Action,5,Ngo working in education sector advocating equal rights for the underprivileged population
Indus Action,1,Good😂 …
Indus Action,5,Progressive & innovative
Maitrayana Charity Foundation,5,Ngo with extremely driven members. Many sports activities to strenghten girls and women.
Servants of People Society,4,Servants of the People Society is an organization of historical value. It was started by Lala Lajpat Rai in 1921. It is located in Lajpat Nagar near the Moolchand metro station.
Servants of People Society,5,This is one place I'd definitely recommend for any ailment of the poor. So beautifully done.
Servants of People Society,4,"Located near moolchand metro station, the place is quiet and beautiful. Balvant rai school in its complex, has facilities of library, park, doctors, yoga centre, masala store, juice shop etc. The beauty of nature can be felt here."
Servants of People Society,5,"It hosts a good spacious library, a charitable hospital, dental hospital and diagnostic services.Recently they have also resumed ayurvedic clinic and dispensary.

One may donate old books to the library. Auction of books is held every Saturday.

These guys are doing wonderful job. Kudos to them.Truly non-profit organization."
Servants of People Society,1,The translation is so hilarious. Google is such a well-known corporate. But they cannot employ some knowledgeable Indians who know about these historic organizations. Servants of the People Society ( लोक सेवक समाज ) was founded by Lala …
Sai Prerna social welfare society,5,"This NGO is doing amazing work for child welfare, offering vital support in education, healthcare, and emotional well-being. Their dedication to improving the lives of vulnerable children is inspiring, and the team is compassionate and committed. I’m truly impressed by their impact and highly recommend supporting this organization. Their efforts are changing lives and creating a brighter future for children in need."
Sai Prerna social welfare society,5,Very genuine and helpful organisation. People should join their hands in helping needy patients and people
Sai Prerna social welfare society,5,"SAI PRERNA SOCIAL WELFARE SOCIETY is an admirable organization dedicated to providing critical medical support to underprivileged individuals in need. In India, where many patients, particularly those facing serious illnesses like cancer, …"
Sai Prerna social welfare society,5,Sai prerna is a society on which I trust completely that whatever donations are being made are used for poor and needy. The trustee of the society is so humble and personally takes care of the people in need. She is doing great work for society improvement.
Sai Prerna social welfare society,5,An NGO with very noble welfare cause for under privileged chindren in Delhi NCR
INNOVATIVE EDUCATIONAL and WELFARE SOCIETY,5,"Innovative Educational and Welfare Society, located at L-25, Block L, Lajpat Nagar II, is doing commendable work in the field of education and social welfare. The organization focuses on supporting learning, skill development, and community welfare initiatives, creating a positive impact at the grassroots level.
The staff and members are dedicated, approachable, and genuinely committed to their mission. The premises are well-managed and reflect a sincere effort toward providing a supportive environment for beneficiaries. Overall, it is a trustworthy and meaningful organization contributing to social upliftment in the Lajpat Nagar area.
As a Google Local Guide and Google-trusted 360° Virtual Tour photographer, I feel that a Google 360° Virtual Tour can help showcase the organization’s facilities, transparency, and working environment—building greater trust and awareness through Google Maps."
"BAL RAKSHA BHARAT, NGO in Delhi",1,"Don't donate, they leak our phone number to other NGOs and are spammed."
"BAL RAKSHA BHARAT, NGO in Delhi",5,"I am so grateful to be able to support such a worthy cause through Bal Raksha Bharat, and the tax benefits that come with my donations is just an added advantage. So proud that I’m able to donate to Bal Raksha Bharat and support the causes they stand with! Along with that I get tax benefits on the donations as well!!"
"BAL RAKSHA BHARAT, NGO in Delhi",5,"I’ve been donating to Bal Raksha Bharat for the last 2 years, and I’ve seen them working closely with the local communities in different aspects like education, health and nutrition, etc. The efforts by the team are tremendous to experience as it is impacting the lives of so many children in our country!"
"BAL RAKSHA BHARAT, NGO in Delhi",5,"This is a good place to donate. Bal Raksha Bharat is an honest NGO. They provide receipts on your donations that help you qualify for tax exemptions. .  I’ve been donating here for the last 3 years now!  Excellent NGO which helps children gain  quality education, health awareness and works towards child protection too!"
"BAL RAKSHA BHARAT, NGO in Delhi",5,"I am so grateful to have found this NGO, Bal Raksha Bharat, that is making such a positive impact in the lives of underprivileged children in India. It feels great to support this organisation through donations, which is making a real difference."
NGOs India Consultancy,5,"NGOs India Consultancy has been a very valuable information support for our organization. Their understanding of the NGO sector, documentation requirements, legal processes and project related support is highly professional and practical. They are well experienced and they guide us well for management and expansion of our work.
Their support in NGO related consultancy, documentation and guidance for development focused work reflects strong experience and commitment towards the social sector. Their information support service is helpful for improving social work structure."
NGOs India Consultancy,5,"Very professional, expert and supportive NGO information resources and consultancy. They guide clearly for the NGO management, project proposal compliance process and related documentation smoothly. …"
NGOs India Consultancy,5,"Best NGO Consultancy service to prepare project proposal to get grants. Experienced in documentation, Annual Report writing, Income Tax exemption Registration Service. Recommended professional consulting service for social service organizations."
NGOs India Consultancy,5,"Best NGO Support and Consultancy service for Project Proposal, Registration for Tax Exemption under 80G and 12A. Good experience for Society Registration and other related registration service for our associated organization."
NGOs India Consultancy,5,"NGOs India's NGO support centre provides support to NGOs in management, project proposals and funding."
Lords Education and Health Society (LEHS),5,An organisation dedicated to improve primary healthcare systems through innovations
Lords Education and Health Society (LEHS),4,An organisation with its priorities set right
Lords Education and Health Society (LEHS),5,Good NGO
Lords Education and Health Society (LEHS),5,Great
Lords Education and Health Society (LEHS),5,Good location.
SAMARTHANAM TRUST FOR THE DISABLED,5,"I had the pleasure of attending the Divyangjan Rozgar Mela organized by Samarthanam Trust for the Disabled at Sri Guru Gobind Singh College of Commerce in Delhi. The event was well-organized, and the staff and volunteers ensured a smooth experience for all attendees, including both persons with and without disabilities.

The job fair featured a range of reputable companies offering job opportunities, and the management took care of all the candidates, providing guidance throughout the process. They even provided lunch for everyone, which was a thoughtful touch. What truly stood out was their commitment to making sure every candidate left with valuable opportunities. I personally attended interviews, and I was impressed with the variety and quality of companies present.

Overall, it was a fantastic experience, and I truly appreciate the effort that Samarthanam Trust put into this event. Their dedication to inclusivity and employment opportunities is commendable."
SAMARTHANAM TRUST FOR THE DISABLED,5,Samarthanam trust for the disabled is a really good place for pwd students who want to learn and start thier career. I am fortunate to be associated with it as a student. The teachers are amazing .
SAMARTHANAM TRUST FOR THE DISABLED,5,"Samarthanam Trust for the Disabled is a eminent NGO which works for empowerment of Differently abled students and underprivileged people through developmental intiatives, focusing on education, social, economic, cultural and technical. …"
SAMARTHANAM TRUST FOR THE DISABLED,5,"Samarthanam trust for the disabled is a Wonderful place & all teachers in this are very helpful nature & placed all the students for different places to the different jobs.
I also placed a reputed company also."
SAMARTHANAM TRUST FOR THE DISABLED,5,Being a student at Samarthanam trust for the disabled is a great oppurtunity to learn skills and grow in life. Im grateful to be a student of samarthanam trust for the disabled.
Binary Foundation,5,A remarkable organization dedicated to shaping brighter futures through quality education for children and meaningful empowerment for women
Concern India Foundation,5,First step of your career.. Best institute Joining Hand🎗 …
Concern India Foundation,1,No  Contact  Details
Mental Health Foundation,5,"Mental health groups are great to help one another. This is because even doctor have very little knowledge regarding this disease. I Myself was diagnosed as bipolar disorder patient by doctors of chl apollo indore, chennai, delhi, bhopal, mumbai. I Was medicated for 18 years by licab lamotrigine valence od , deepakote, cipralex .

I am now totally medicine free and perfectly healthy as I choose gluten free  casein free diet but that alone was not sufficient. I Also had to change oil with ghee and little oil as tadka. I DONT EAT  husk of fruit and vegetables such as brinjal, tomato, pumpkin, apple, almonds or any other fruits or vegetable . I have also reduced the salt and sugar complete no no to rtea coffee not even black tea or cofee"
Mental Health Foundation,5,Only one institution in India works dedicatedly for promotion of Mental Health.
Mental Health Foundation,4,It will certainly help the people having depression
Mental Health Foundation,5,Good
Mental Health Foundation,5,Good initiative
Breakthrough Trust,5,"Thanks to Breakthrough team, who works against domestic violence and for women empowerment. Dalits will feel more secure now due to you. Thank you so much."
Breakthrough Trust,2,"They have brand name . But they have poor implementation experience. It is quite visible in Uttar Pradesh team. Poor Leadership, decision making and most important common sense."
Breakthrough Trust,2,"No network at all,not even a bit ,no chance to communicate if you are outside that area .Should firstly have access to internet and good signal"
Breakthrough Trust,5,Fantastic and nice place with great NGO team (Breakthrough) in India works.
Breakthrough Trust,4,Breakthrough is an women centric ngo which works for women safety and empowerment.
Socio-Legal Information Centre - Human Rights Law Network,5,"A completely different law firm in Delhi. The entire team is dedicated to the results of the case. Give a lot of time on understanding the issues and involve themselves in detailed results. Once they quote a fee they don't pester for money on ancillary things. If the case involves a larger interest, they do everything needed to get relief to the customer.

It's a very ethical and honest in their dealings and efforts to get justice.

I have always got great response from their team. Mugdha, when I handed over the case had no knowledge on the topic. In 2 weeks she soaked so much knowledge that I was left surprised. Colin sir also gave a lot of time to me and research on the subject"
Socio-Legal Information Centre - Human Rights Law Network,1,"As told this organization is registered ngo but they don't work like ngo
Fees of mr.cilin gonsalves is 1lakh but he will hardly do any work instead case is handled by very junior advocates …"
Socio-Legal Information Centre - Human Rights Law Network,5,"Courteous and Helpful Staff, Ms. Raina was helpful, Spooky Guards, Narrow Staircase to the office, awkwardly hanging bulb at the entrance, There's an AC repair shop Paaji opposite the office and he's helpful in killing the time if you are waiting outside, there's a Nariyal pani and Juice cart outside aswell... struggle for car parking, there's a guy who sells kullad wali chai nearby but it ain't worthy

Sarkaghat"
Socio-Legal Information Centre - Human Rights Law Network,5,As a clients We are very satisfied with the communications and proceedings of High Court for our demolition ordered of plots and cluster and good luck to Ms. Kawalpreet Kaur for her Bright Future. ❤👍🏻🙏 …
Socio-Legal Information Centre - Human Rights Law Network,1,"There is a junior lawyer here named Kabir Zia who baffled us with his utterly unprofessional behaviour. Litigants, beware! please don't ever consult Kabir.
Adv Colin Gonsalves heads hrln and he is a well established lawyer but is usually too occupied with work. Recently he is working on the Rohingya issue."
MC Mehta Environmental Foundation,5,I tried contacting but the number is not reachable please let me know any other option to contact i need to contact on urgent basis please
MC Mehta Environmental Foundation,1,Unprofessional approach.
iVolunteer Delhi,5,"Had a great sunday. I volunteered in CHITTHI AAYI HAI and it felt so good to write letters to kids bcoz nowadys where we chat on whatsapp or on social media, writing a handwritten letter is something we all should do for each other. 😊 We all need love and kindness and those kids deserve this too. Thank you ivolunteerindia for giving us this opportunity to spread love and kindness through these letters for the people who need the most."
iVolunteer Delhi,5,"Attended the Christmas volunteering opportunity with them in 2022. Got a chance to play real life Santa to some wonderful kids in a children's home, spent time with them and spread some joy. Was a truly memorable and warm experience, was …"
iVolunteer Delhi,5,"Had a memorable and delightful experience at the DMRC Children Home classroom painting activity.
Sinve it was my first time, shoutout to Aakansha and Shahnawaz for managing and coordinating everything so smoothly without a hitch."
iVolunteer Delhi,5,"I volunteered to paint the walls of a classroom and a counsellor's room along with the metro pillar 65 ;) at DMRC children's Home. Working with ""iVolunteer"" and meeting many new people who were willing to devote their time and energy for the good cause was a great experience.We received support and assistance from my team, ""Expressions:The Art Society of MAIT, Delhi"", in making the event a success."
iVolunteer Delhi,4,"Spend a really good time at DMRC children's orphange to paint wall for those kids .
Being a part of art society called Expressions in MAIT we all have our creative …"
Parivar Seva Sanstha,5,"A Clinic like Stree Clinic, A Clinic of Parivar Seva Sanstha, is not only serving the women of all ages by treating their health related problems, at the same time trying to provide the full support under one umbrella so that a Woman or a lady or a girl need not go here and there for the medicines also. The cost of  Services are  reasonable. The ambience of the clinics are mostly friendly. After visiting for one problem, a Woman can get the solution of some other problems also regarding which she never thought of...better to say she had neglected.
A couple need not blame each other for not having a child. At Stree Clinic, couple counselling and treatment done with proper guidance by a Competent Gynaecologist.
A lady who had always seen her husband to be very fit and steady. One day suddenly after getting a proper Counseling by our Counsellor got  a Comprehensive Medichek done for her husband and came to know that the condition of the heart of her loving husband, whom she loves so much started compromising due to the rise of some lipid enzymes.....thank God due to PSS's guidance in time a life has been saved from sudden emergency.
The Clinic team is also friendly.
First time found that post treatment feedbacks also taken from the clients by the competent team members.
Lots of Good Wishes to Stree Clinics of all over India-----"
Parivar Seva Sanstha,5,"Parivarseva Sanstha provides a range of quality, affordable reproductive health services and products. Medical & Non medical staffs are all very nice & helpfull. I am very happy to part of The Pss family. Spl Thanks to my GI , She always guides & support me like a guardian."
Parivar Seva Sanstha,5,It was a short but fantastic journey with Parivar Seva Sanstha.  Learnt new area on Sexual and Regards Heath  in  India as a public health expert. The most important thing impressed me about leadership quality of President Ma’am Mrs Sudha …
Parivar Seva Sanstha,5,"Very hygienic, qualified doctors,safe services of gynae at very nominal price, cooperative staff.
Experienced apno jaisi dekhbhaal.
Nice working place too."
Parivar Seva Sanstha,5,"Paribar Seva is just like a family to me.Its culture and job towards this society is so wonderful and i am very to be a part of this organisation as i like to serve humanity.I joined since 4 months ago and i found all the staffs and the doctors are so much helpful and coordinative.I think Paribar Seva is one of the best Organisation in India, which serves females indeed across all over India.very happy 😊"
Charitable Medical Clinic in Delhi - SOPS | NGO in India,4,"The clinic started under one of the trees in Lajpat Bhawan. Sopsdelhi have 22 doctors from various specialties like Eye, E.N.T, Pediatrics, Surgery, Orthopaedics, Dermatology, Gynaecology, Gastroenterology, Psychiatry & Dental"
Charitable Medical Clinic in Delhi - SOPS | NGO in India,5,Amazing
Charitable Medical Clinic in Delhi - SOPS | NGO in India,3,As usual
Charitable Medical Clinic in Delhi - SOPS | NGO in India,4,Good and secure
People to People Health Foundation (PPHF),4,Its a Non profit organization work on public health related issues
People to People Health Foundation (PPHF),5,People health best
People to People Health Foundation (PPHF),4,👍👍👍 …
People to People Health Foundation (PPHF),5,A health oriented organisation working to improve public health scenario in India with community engagement.
People to People Health Foundation (PPHF),5,"PPHF is doing meaningful work in public health by strengthening communities, improving access to healthcare, and creating lasting social impact."
Sahyog Charitable Trust,5,Helpful people and Reena Madam is very very kind and helpful.
Sahyog Charitable Trust,5,This is best one of the ngo nd they really doing nice job with honestly
Sahyog Charitable Trust,5,Very helpful 👍 …
Sahyog Charitable Trust,5,Good job
Sahyog Charitable Trust,5,Good work 👍 …
India Cares (Clinic) New Delhi,5,"I have been visiting this Clinic since 2023 for my tests and my experience has always been excellent. The overall service is very professional, and the staff is extremely supportive and caring.

I would especially like to thank Dr. Karthik, who is incredibly kind, gentle, and calm. He explains everything clearly and patiently, which makes me feel more comfortable and well-informed during every visit.

I truly appreciate the care and support I have received here over the years. The clinic provides a positive and trustworthy environment. I highly recommend India Cares Clinic to anyone looking for reliable testing and treatment services."
India Cares (Clinic) New Delhi,5,Great plc nd great service by gagan mam thq so much for understanding counseling ❤️
India Cares (Clinic) New Delhi,1,"Not receiving the call ,if anyone has the contact number of this NGO please give me plzz🥹😪 I really need it plzz🙏🥹 …"
India Cares (Clinic) New Delhi,5,Very friendly and helpful staff. Recommended for LGBTQ+ Community.
India Cares (Clinic) New Delhi,5,"An NGO helping HIV positive people in Delhi NCR and even PAN India, plus they also distribute free HIV medicines.
Organisation is also dedicated to help weaker sections of society."
Sajag Sarthak Foundation,5,"They are doing very good job for the society, for uplifting the underprivileged community and differently able."
Sajag Sarthak Foundation,5,Good work
Sajag Sarthak Foundation,5,Great
Dulari Devi Foundation,5,"This is an NGO in Delhi where a learning center (Gyan Shala) is run. Here, children of all ages are taught. There are also Katran Kala classes where sewing is taught. Along with this, English speaking and computer skills classes are also provided. Children and women receive a lot of support here. The learning environment is very good and the teachers are very helpful. It is a very good initiative.😊
Thank you"
Dulari Devi Foundation,5,"India's no.1 NGO. Top in Education, skills, and health awareness program."
Dulari Devi Foundation,5,One of best NGO In my area. They take care of education
Dulari Devi Foundation,5,I see that you do a very good job. I am very happy to know that you think so well about the children. I pray for you from the bottom of my heart and may you always keep helping the children like this and may the children
Dulari Devi Foundation,5,I have been watching Dulari Devi Foundation for a long time. I think the foundation works very well. It helps many children and also helps in studies.
An Initiative Touch Your Soul (AITYS),5,An Initiative Touch Your Soul is an NGO that lives by its mission of “No child Hoyle be deprived of education because of poverty”. With their continuous visits to the schools they ensure proper usage of donations. It’s their endeavour to see that these children grow up as self dependent individuals adding value in their environment
An Initiative Touch Your Soul (AITYS),5,"I came to know about AITYS from my meditation group. I am really touched by the great work it is doing in distant villages of Uttarakhand where the help is not easily reached. Since it is run by volunteers, I got the chance to visit as volunteer to one of the camp it organised in Pauri Garhwal region. I must say this is the one NGO which walk the talk. The kind of grassroots development work the NGO has done is really commendable. It has run the causes from education sponsorship to poor children to building safe toilets. The most important project which I feel is providing sanitary pads to school girls, where the subject itself is taboo. Listening to the feedback and positive impact stories from the village women makes one wonder and it only strengthen the one’s belief - where there is a will, there is a way. The change has started. Thank you AITYS for helping our children."
An Initiative Touch Your Soul (AITYS),5,the way she teach n explained about yoga is just awesome ❤️😘.. miracle in her hand ..thankuu for coming in life ...love u lot god bless u lot …
Railway Children India,5,I would like to appreciate the wonderful work being done by Railway Children India. Their dedication to protecting and supporting vulnerable children is truly inspiring. The team works tirelessly to create a safer and brighter future for children in need. Their efforts are making a real difference in many lives. Keep up the excellent work! ⭐⭐⭐⭐⭐
Railway Children India,5,Beautiful initiative for helping children who are often ignored by society. The dedication of the team and the impact they’ve created over the years is genuinely commendable. Highly appreciate their efforts.
Railway Children India,5,I came across Railway Children India recently and was touched by their mission. It’s inspiring to see an organization working tirelessly to protect and reunite children with their families. Their work truly makes a difference.
Railway Children India,5,i feel so happy after donating for the needy kids !
Railway Children India,5,They are working on the good purpose please help them as much you can
Youth For Seva,5,Its an NGO office It's very welcoming warm and friendly place. All are welcome to volunteer
Wagging Tales Foundation,5,"I am not getting any contact details actually near mother diary 30 amar colony block E there are stray dogs and oneof the back dog got allergy and in severe condition if can guy can help please give him some treatment it wil be. Great help 🙏🏻🙏🏻 ( three dogs are there light brown colour dog, black and white female dog and black dog( he is the one who needed the treatment also look that of other dogs have that allergy or only he has ) please help the needy one"
Wagging Tales Foundation,1,Called to rescue an injured cat. Called 6 times but did not pick up the call
Wagging Tales Foundation,5,"Excellent service, we are very happy and so is our dog."
Wagging Tales Foundation,5,Dogs are also living things..  like human..
Wagging Tales Foundation,1,I tried to contact them via message and call to admit my stray dog. But no one check messages or call back. It is just like NGO asking for donations but don't do anything.
PAIGAM (People's Association in Grassroot Action and Movement),5,Very very nice 🙂 …
PAIGAM (People's Association in Grassroot Action and Movement),5,Ok
BloodConnect,5,"Met the team today at hauz khaz metro station magenta line.
During dan utsava it's really a great work your team is doing.
More power to you."
BloodConnect,5,I am proud of you guys for the work that you do! Although you are college students but you guys are awesome! I got 3 corporate blood donation camps done by you and you were great. I really liked it and I would like to have more camps done by you.
BloodConnect,1,"Feedback on a conversation with BloodConnect POC in Delhi-NCR: I contacted her to get help sourcing a blood unit for my Nana ji (who is in ICU & in critical condition). On knowing that I required 1 unit of O+ve blood group, she started berating me on how I should be reaching out to my friends & family for blood and not be contacting her directly. While I understand her points would be valid, she had absolutely no empathy in the conversation. Needless to say, I don't want to be reaching out to associations which have zero empathy for people."
BloodConnect,1,"The address is wrong there is no contact number.
there is something else running at the given address it's sad atleast give a contact number."
BloodConnect,5,BEST DECORATOR IN SOUTH DELHI WITH ALLMOST 100 % SATISFACTION  RATES IN THERE WORK AND HOSPITALITY SERVICES
Samadhan Abhiyan,5,"Best NGO, works on child sexual abuse"
Samadhan Abhiyan,5,Meet beautiful people around...everybody has different story to tell.... adds to you
Samadhan Abhiyan,5,Great NGO working for under previleged kids and females
Samadhan Abhiyan,5,Archana Agnihotri is a dedicated and great Lady
Samadhan Abhiyan,5,Best NGO
Feminist Approach to Technology,5,awesome place for girls and women to learn and collaborate together on various technologies and keep up with them.
Feminist Approach to Technology,3,Small but meaningful impact they make
Satya jeevan leprosy society,5,This place is good for doing donation. Very well managed place. You can directly distribute the goods with your hands once you go there. They have about 70 laproscopy affected people.
Satya jeevan leprosy society,4,Very crucial for those who are beneficiary.Great job by Some ngo to help mankind.Samarpan too is doing for upliftment of the underpdriviledged people.The place is very good. Need to work forcleaniness.
Satya jeevan leprosy society,5,"These poor people needs help, as there is no aid being provided by the Govt."
Satya jeevan leprosy society,3,May be supported by people and Government
Satya jeevan leprosy society,5,Nice
Kaysan HR global Education Association,3,My visit visa not sure because of shiet of show money ..They shown a simple way and was done.
Kaysan HR global Education Association,5,Very good experience with us and my daughter 🙏 …
Kaysan HR global Education Association,1,Staff was unhelpful and rude. He/she doesn't even want to help me in my admission
Kaysan HR global Education Association,5,Very much satisfaction having medical information rhrough ur what's up message.
Kaysan HR global Education Association,5,Excllent service
COHAS Community Centre,5,"I visited the cohas community today and also celebrated Independence Day.. I enjoyed alot..
I also saw the hard work of the cohas team.."
COHAS Community Centre,5,Amazing 😍 …
Kashmiri Samiti Delhi,5,"Undeniably, the staff here are extremely helpful, courteous, and amiable. Despite the horrendous genocidal ethnic cleansing history  endured by the Kashmiri Pandit community, everyone working here inculcates a sense of compassionate empathy towards others."
Kashmiri Samiti Delhi,5,"It is a Delhi based Prime Organisation of Kashmiri Pandits that Projects the Cultural Ethos of said Community & also renders Free help to Community-persons in day to day Matters of Social,Cultural,Existential,Educational,Legal,Religious & all other similar or Related ones.The Samiti Publishes a Cultural Journal called ""Koshur Samachar"",which gives a deep glimpse of Kashmiri Value under present Changed Political & Social Scenario...."
Kashmiri Samiti Delhi,4,"Good Place!!!!
Just opposite the Arya Samaj Mandir."
Kashmiri Samiti Delhi,3,A place belong to the kashmiri Hindus since 1962 after 1990 activities done here for kashmiri migrants.Koushur Samachar published from here for kashmiris.A samiti for kashmiri migrants working here for welfare of kashmiris.Members of samiti …
Kashmiri Samiti Delhi,3,"This is an office for a NGO namely Kashmiri Samiti. They are a non profit organization and have their own publication periodical ""KAUSHUR SAMACHAR"". They are chiefly involved with the upliftment of KASHMIRI society with verious projects which are self financed. After migration of original Kashmiris (Hindu Pandits) who refused to bow down to Pakistan sponsered radicalization & fanatic Muslim Terroists, this Samiti was organised. They are working very well."
Navjivan Foundation,5,"Certificate no. 015536
#Posh Act"
Navjivan Foundation,1,It's not a good clinic of physiotherapy.
Karma Points,5,"I have been donating to ngos all my life, but one central challenge I've always faced is, finding The right ngo, and if I am in a new city then the difficulty is all together on next level.

A friend recommended me karma Points, and after spending my own sweet time on the website, studying about them, how they work and what kind of charities they work with, I felt, I finally landed up on a great search engine for charities.

So if you too are looking to donate to an ngo, do spend some time in studying what this brand does.

Cheers 🥂
Nimit"
Karma Points,5,It is simple to use and gives me ka large collection of charities to donate. The rewards are great as well. Looking forward to volunteering options in the future.
Karma Points,5,Super yoga really it's worth for me bcz I have knee pain today I have no pain and energetic
Karma Points,5,"Saurabh sir yoga session is very energetic, & giving mental peace."
Karma Points,5,The company is doing some amazing work in the upcoming social tech space. Had a good experience while donating.
Friendicoes SECA,1,"🛑 I kindly request everyone not to blindly trust this place without knowing how the animals are treated.

Based on my personal experience, the vet here was unqualified and lack experience. We lost 3 cats after they received treatment, and upon investigation, the medicines and treatment given to them made their condition much worse instead of helping them recover.
It was a heartbreaking experience for us. If your pet needs medical care, I strongly recommend visiting a qualified and experienced veterinary hospital instead."
Friendicoes SECA,2,"Visited Friendicoes SECA and had a below-average experience.

While the organization does important work for animal welfare, the on-ground …"
Friendicoes SECA,1,"I am writing this to warn all pet owners about a terrible experience I had with my dog at Friendicoes hospital. If anyone ever asks me which is the worst hospital, I will say Friendicoes without a second thought. Action should be taken against them.

A few days ago, my dog had fits(दौरे)we took him to Friendicoes. The doctor gave medicines, but after 15 days my dog’s back legs stopped working. When we went back, they told us to stop the fits ( दौरे )medicine and charged a lot of money — ₹600 just for giving an injection, even though I had already bought the injection myself. They also did an X-ray and blood tests which already cost ₹1800, and still told us to pay ₹3600 more for further tests to find the problem.

Thank God I stayed calm, because they were also saying my dog would never recover. We consulted another doctor, and thanks to him, my baby is now better and we were given hope. We are extremely thankful to Pet Vet Clinic, Devli, and the doctor  for saving our dog’s life. Because of their proper treatment and care, our baby is now healthy again. We highly recommend everyone to visit this clinic — he is truly the best doctor

Friendicoes This is the worst hospital. The doctors here only care about money and nothing else. You can lose your healthy pet by bringing them here. Never take your dog here — this place is a total scam."
Friendicoes SECA,1,"Today I visited this dog hospital and paid ₹100 as a consultation fee. Unfortunately, the experience was extremely disappointing and unprofessional. …"
Friendicoes SECA,4,"Its Cheap, vets are always available, clean and well sanitized. But as because its a very busy clinic and the footfall is also good due to that the vets give very less time to each pet."
Transparency International India,5,"Great Work in last 20 years... Moolchand Metro
.. Provide  legal advice on corruption and govt issues..."
Transparency International India,5,Amazing I can get ur matter solved here
Transparency International India,5,Its a nice place
Transparency International India,5,Integrity
GeoHazards Society,5,"Got evaluation, consultation and staff training for a hospitality project with them. Very thorough professionals. Totally recommended."
GeoHazards Society,5,Doing exceptional work in the disaster preparedness field
GeoHazards Society,5,Welcoming place for Disaster Risk Management!!
GeoHazards Society,5,😂 …
GeoHazards Society,5,Awesome team
Alliance for an Energy Efficient Economy,5,A great office that does justice to their name and epitomises energy efficient workplaces.
Alliance for an Energy Efficient Economy,3,This place was very good but somhow its quit
Alliance for an Energy Efficient Economy,5,Doing good work for the country
Alliance for an Energy Efficient Economy,3,It's okay
Alliance for an Energy Efficient Economy,2,Farman Ali
India HIV/AIDS Alliance (Alliance India),5,Terrace is very nice particularly in winter
India HIV/AIDS Alliance (Alliance India),5,A hub for all HIV/AIDS activities in the country..  Its a community...
India HIV/AIDS Alliance (Alliance India),5,"Helpful and polite staff♥️
You guys are doing awesome job🙏
LGBTQIA+ friendly♥️ …"
India HIV/AIDS Alliance (Alliance India),5,Very good job
India HIV/AIDS Alliance (Alliance India),4,Ngo good work is good project and my important community work is help my interesting rural areas it community aweirness program 👍👍 …
Lajpat Bhawan Auditorium,5,Good auditorium. Seats are big and comfortable. Huge parking lot. Approx 400 seats.
Lajpat Bhawan Auditorium,5,Top air-conditioned hall wid 240 seats.green room n free parking.next to moolchand metro
Lajpat Bhawan Auditorium,5,"Buy freshly hand ground masalas, unpolished days and such from here. All done by women dedicated to this cause."
Lajpat Bhawan Auditorium,4,"Good Spacious Auditorium With Ac and Car Parking Services , Good Events Takes place here , But a Pre-booking Is needed ."
Lajpat Bhawan Auditorium,5,"Really good quiet place with all kinds of treatment at reasonable rates.. naturopathy and ayurveda treatment with modern medicine facility as well. Has  a spice shop, book shop and juice corner as well."
IPE Global Limited,5,"Phenomenal organisation,
Has a true cause to serve Our country, filled with very creative and outstanding individuals ,we got an opportunity to pay a visit.
It was a true delight.."
IPE Global Limited,4,"The main location of IPE sits prominently along Bhismphita Marg, near Kotla & Andrew’s Gang in South Delhi, but parking poses a significant challenge. Despite limited space, the area is thoughtfully utilized as a workspace and meeting venue. A cafeteria on the top floor serves simple lunche. During meetings, the quality of the served tea and coffee is exceptional. IPE, an international NGO, operates projects worldwide and across India in education, health, infrastructure, and other sectors. Collaborating with esteemed bodies like the Government of India, NITI Aayog, UNICEF, and various development partners adds to its extensive portfolio."
IPE Global Limited,5,"IPE Global, Excellent office in terms of work space. The company working with diffrent type of sectors (Urban Reforms, Infrastructure, Education, Tourism, Environment, Livelihood, Rural community Development, Sanitation etc.) Company started 17 year ago and now become a very good company in the market."
IPE Global Limited,4,"Located in Defence Colony, it is near to South Ex. The nearest metro station is AIIMS while the nearest bus stop is Andrews Ganj if you are coming from Lajpat Nagar side."
IPE Global Limited,5,Great place! Amazing ambiance! Fun people! Very welcoming ✨️
Shri Shani Dham Navgrah Mandir,5,AVery best temple for nearby temple also provide the gaushala and people and pujaris are very helpful they also do puja with a huge crowd of people and they also do puja of cow as cow us our mata no one want to go back from the temple and people they found needy and poor they gave them charity and they also runs a NGO and while entering the temple there is a huge idol of Hanuman and they also have a   shanidham speartly
Shri Shani Dham Navgrah Mandir,4,the owners family gave me a ride back home!
Shri Shani Dham Navgrah Mandir,2,Good place not bad also good locality clean place and full of prayer
Shri Shani Dham Navgrah Mandir,5,It's in Hanuman mandir itself
Shri Shani Dham Navgrah Mandir,4,Large hanuman statue
FIAPO (Federation of Indian Animal Protection Organisations),5,"Best Organization in India which is making leaders. FIAPO has helped various cities to to start with vegan awareness program.
They time to time send stuff of activities, leaflets, T-Shirts to support activists around the country. I'm from Nagpur and Nagpur has been benefited a lot from FIAPO. Thanks and Kudos to you FIAPO."
FIAPO (Federation of Indian Animal Protection Organisations),5,"FIAPO (Federation of Indian Animal Protection Organisations) is India’s leading animal protection body.
As a collective voice for the animal protection community in India, FIAPO unites …"
FIAPO (Federation of Indian Animal Protection Organisations),4,"I'm an Interior Designing student from APIED which is loacted in Anand, Gujarat and i m studying on corporate sector. In which i am designing a office for NGO and for that i had selected FIAPO for case study. I am willing to know about the company and its working style.
Hope to get a worth reply by the respected authority."
FIAPO (Federation of Indian Animal Protection Organisations),5,The Organisation Is Doing A Really Great Work With Fresh Ideas And Always Ready To Accept New Creative Ideas. Office Place Is Really Good And Properly Maintained.
FIAPO (Federation of Indian Animal Protection Organisations),5,Amazing experience with amazing group of people having dedication for stray animals. None can form a view until they meet them and get to know those way of working for welfare of the innocent untalkables...
UNICEF,3,"Somewhat disappointed that I couldn't meet anyone regarding a unique project concerning the psychological, emotional, and mental health of children. But, that's the system they follow and I  respect that. Still..."
UNICEF,1,"I had a very uncomfortable experience at Miraj Cinemas recently. Two people approached me inside the premises and started forcing me to donate money for UNICEF. It felt very pushy and inappropriate, especially in a place where I came just to enjoy a movie. Donations should always be voluntary, not forced through pressure. This left a bad impression of both the organization and the cinema for allowing such aggressive fundraising inside."
UNICEF,1,"I am big time into donating. Back in 2021, I donated some amount to UNICEF as I was approached by a smart talker from the organisation at a mall. I didn't even think twice before contributing. However, I strongly believes that UNICEF sells …"
UNICEF,1,Very bad experience. Pls dont share your phone number or address with them and never add mandate from their website. It is very difficult to cancel the mandate once it is done. They manipulate people and dont entertain when you want to cancel subscription. Stop calling yourself social service and call it business.
UNICEF,5,"Very neat n clean place in the NDMC area Lodi Road. Entry is very restricted... UNICEF is UN 's wing in Delhi, India ."
Indian Handloom,5,Very beautiful place to get good quality Indian designer suits for women/ladies. ;) highly recommended. The shop is located at lower ground floor near metro gate number 5.
Indian Handloom,5,"I visited Indian Handloom to buy a saree for a Diwali Function. I was amazed to see the collection at the showroom. They have all kinds of sarees in different range that gives you an opportunity to chose the best in your budget.

Loved the way they treat their customers. One feels the warmth and that enriches the experience of shopping. This place has now become my go to place for shopping.

Highly recommended!!!!"
Indian Handloom,5,"Great material , prompt service with smile. It's best place for dress material n sarees."
Indian Handloom,4,"Good variety, friendly staff and suits your pocket too. Recommended!"
Indian Handloom,3,Good
SpHear - Speech & Hearing Clinic Delhi,5,"I came here after consulting Dr. Ameet Kishore and it was the best decision till now.
They did preliminary audio tests, some of which were not done even once by my old doctor.
I got a new pair of hearing aids customised to my needs.
10/10 service. Highly recommended."
SpHear - Speech & Hearing Clinic Delhi,5,"My daughter just she started to take speech therapy, but I met other parents whom there children are already good speaking after therapies, I am happy too for them and for my baby to speak as there children, i am expecting the same service. …"
SpHear - Speech & Hearing Clinic Delhi,5,"I had the best experience during guidance provided by Dr. Priyanka Sharma of SpHear clinic for my child who was not able to utter words and needed counselling . The hands on approach and guidance provided by Dr. Priyanka during sessions has made immediate impact by way of eye contact , forming words , confidence and solving puzzles. I sincerely thanks Dr. Neevita Narayan  for her guidance .Staff is very cooperative ."
SpHear - Speech & Hearing Clinic Delhi,5,Sphear clinic is the best clinic for speech as well as for  diagnosis.we have do bera test from here.reports is very accurate as compared to other clinic .thanks to Dr Neevita mam and his staff members.who is always supportive. For me and …
SpHear - Speech & Hearing Clinic Delhi,5,"As I am 83 years old, feeling very well after using hearing aid. My life has become easier now,
I am very satisfied as Services are prompt and excellent from the Clinic. Thank you very much SpHear."
HSTP - Health Systems Transformation Platform,5,Nice
Unnati Consultancy Services Private Limited,1,"Highly unprofessional behaviour, its been 5 years my trademark is in objection.  Don't trust what they say specially beware of employee name Barkha."
Unnati Consultancy Services Private Limited,5,"We had a fantastic experience with Unnati Consultancy Services! They handled our GST and trademark registration smoothly and efficiently, making the entire process stress-free. Their team was highly knowledgeable, responsive, and provided clear guidance at every step. The service was quick, and we received our approvals without any hassle. We highly recommend them to anyone in need of legal and compliance services!"
Unnati Consultancy Services Private Limited,5,"The Unnati Consultancy team has been handling our GST filings for over a year and has also assisted us with both GST and trademark registration. Our experience with them has been fantastic! They are highly responsive, provide clear …"
Unnati Consultancy Services Private Limited,1,"A big no for this company, I am writing this feedback after so much of frustration from this company. This company has no ethical values towards their customers. They don’t understand customer prob, they have their own reason to not to complete their work properly. I invested my money and time but there is no use of because they have no ans for their failure work."
Unnati Consultancy Services Private Limited,5,Highly professional and knowledgeable team. Their advice led to remarkable growth !!
(CRS New Delhi)Catholic Relief Services,3,They do a great job in the service of humanity.
(CRS New Delhi)Catholic Relief Services,4,Looks like a social place.
(CRS New Delhi)Catholic Relief Services,5,Nice one
(CRS New Delhi)Catholic Relief Services,1,ok kind
(CRS New Delhi)Catholic Relief Services,5,Working for poor community
BIPS Systems Limited,3,"THEY ONLY PROVIDE SERVICE FOR ACER PRODUCTS WHOSE WARRANTY HAS BEEN EXPIRED. BUT THE ACER CUSTOMER CARE SAYS THEY PRIVE SERVICES. DON'T WASTE TIME HERE GO TO NEHRU PLACE, SKYLARK BUILDING, FLOOR NO1 FOR ACER SERVICE CENTRE."
BIPS Systems Limited,3,Parking is available easily and easy access
BIPS Systems Limited,4,Strange business proposition in Irrigation.
BIPS Systems Limited,5,Official work
BIPS Systems Limited,5,Good service
Nayee Seher NGO,5,"Great Ngo
Working for noble cquse specially for kudz. and wpmen"
CURE India,5,Such a great place for learning and experience ✨✨
CURE India,5,"It's a grate experience
Good place very granary and flowers
Very peaceful place and persons"
CURE India,5,It was very nice place
CURE India,5,"Super humans team lead by Santosh ji … so much Dedicated to the cause bring children with club foot back to Main stream really salute them, till the time I went there I had no idea that such a issue exists and the numbers are alarming…"
CURE India,5,Excellent Social Work. Free treatment of Club Foot available Pan India.
Score Foundation,5,I had a good experience there I was coming for receiving training on eyeway help desk counselor
Score Foundation,5,Very polite and friendly team.
Laxmi Foundation,5,"“Never forget how swiftly this life will be over, like a flash of summer lightning or the wave of a hand. Now that you have the opportunity to practice dharma, do not waste a single moment on anything else.”
― Dilgo Khyentse"
Laxmi Foundation,5,I want siddha rudrakha of nashik plz help me.
Laxmi Foundation,5,"Osm Laxmi aggarwal
Powerful girl
💗💗💗💗💗💗💗💗💗💗💗💗 …"
Laxmi Foundation,1,Wrong map location for Laxmi Foundation! Does not exist
Laxmi Foundation,5,honestly serving the acid victims in challenging  conditions
Going to School,5,"Hard to find from a distance, but a good place, be aware of dogs."
Going to School,5,It's good place to help children
Going to School,5,"Because, going to school learn more for    many things"
Going to School,5,👋 …
Going to School,1,Children education convent school
BOSCO Refugee Assistance Programme A BOSCO UNHCR Initiative,3,"DEAR

My name is subhdeep singh and I will soon be 25 years old and I live in India and the capital is in Ludhiana and I live there with my family. I have a big situation because my mother and my brothers beat me for no reason. I am very frustrating and anxious because I have never had a job and am always at home with my parents. I have a boyfriend who is in Canada and my family does not know that I am gay because I am hiding from my family so and I support as soon as possible a refugee but it is impossible because my parents make me up. It's just because I'm deaf and I don't have the opportunity to have a good time in life because my mother doesn't care at all like if other people get mad or hit me. My mother doesn't care if I get hurt or anything like that... so I'm very unhappy living with my family. And I wasn't allowed to travel to Canada for a visit there and my family had called his brother and brother's wife and they don't care much, I'm not allowed to travel anywhere and I have to stay at home for the rest of my life.. that's why I'm applying to you as an opportunity to get help moving to Canada or Uk so that they would help me send to asylum and get protection
Subhdeep Singh"
BOSCO Refugee Assistance Programme A BOSCO UNHCR Initiative,5,Best place for refugees and asylum seekers.
BOSCO Refugee Assistance Programme A BOSCO UNHCR Initiative,1,"This supposed place is a partner with UNHCR to provide services and assistance to refugees, but unfortunately it does not cooperate with asylum seekers"
BOSCO Refugee Assistance Programme A BOSCO UNHCR Initiative,5,best center for refugees and asylum seekers
BOSCO Refugee Assistance Programme A BOSCO UNHCR Initiative,5,Best place for refugees
Sai Milan Mandir,5,Hindu religion temple that runs an NGO for government schools as they supply food as mid day meal and also helps the needy and poor persons . Very religious atmosphere
Sai Milan Mandir,5,Very Good Temple to visit .
Sai Milan Mandir,5,Om Sai Ram
Sai Milan Mandir,5,Good
Sai Milan Mandir,5,Eternal
Bal Sahyog,5,"Bal Sahyog's Work:
Child Welfare:
Bal Sahyog operates as an orphanage and provides various services for children, including education and rehabilitation.
Education:
The organization runs Bal Sahyog Middle School in Connaught Place, which has received positive feedback for its faculty and facilities.
Training:
The Bal Sahyog Centre in Ashram focuses on providing training services, particularly in computer skills.
Community Engagement:
Reviews on Justdial also indicate that Bal Sahyog engages with the community by organizing events like dental checkup camps and celebrations with the children."
Bal Sahyog,5,"Bal Sahyog was founded by late Prime Minister, Smt. Indira Gandhi in 1954, for the care and protection of orphan, helpless, abandoned and neglected children. Prime Minister of India is the Patron of Bal Sahyog. It is a Children’s World …"
Bal Sahyog,5,"Bal Sahyog Foundation is a non-profit organization dedicated to the welfare of children, striving to create a nurturing environment for their growth and development. Through various initiatives and programs, the foundation aims to support vulnerable children, providing them with essential resources and opportunitie. The organization works towards ensuring that every child, regardless of their background,Bal Sahyog Foundation's support. The organization conducts health camps, provides medical care, and promotes overall well-being among children. By addressing healthcare needs, the foundation contributes to building healthy communities and ensuring the physical and mental well-being of every child under its care.
Thank you so much  support me 🙏 😊  ❤️❤️❤️"
Bal Sahyog,5,"I felt truly privileged to visit Bal Sahyog and spend time with the children there. Interacting with them, listening to their stories, dreams, and future goals was a deeply humbling and heart-touching experience. Their positivity, curiosity, and determination were genuinely inspiring."
Bal Sahyog,5,"Bal Sahyog, located in Connaught Place, Delhi, is an NGO that receives positive reviews for its work with children, particularly its orphanage and educational programs. Reviewers often highlight the staff's caring and supportive nature, the …"
SHUDDHI NGO,1,"This ngo is involved in many fraud scheme
They are growing there public reach by with there poor volunteers.

They are involved in many fraud scheme in jammu and Kashmir and are not paying there money back it's such a shame . If you did not pay our money back I will go to crime branch or else use social media."
SHUDDHI NGO,4,That is very good think this people are doing for pollution very good job guys thank you for all Delhi do work in heart and combined in more public to help a entire Delhi pollution cleanup I know it's very difficult to do that but that is a …
SHUDDHI NGO,5,"I joined Shuddhi about a year ago as a volunteer.I often attend drives,events and environmental program organised by them.they work as a non profit organization and serving to needy at thier fullest.supportive staff with great ambiance.I personally found this NGO working on crucial issues like environmental awareness drive, say no to polybag, legal help for women, cleanliness drive,  food give out and much more"
SHUDDHI NGO,1,"The only thing that you can expect from this ""organisation"" are false promises. They say that they'll help and after two days or so, you call them to realize that its not gonna happen. So just don't waste your time going to this place."
SHUDDHI NGO,5,shuddhi ngo is doing some really amazing work. Really bringing about great changes. Very hardworking organization with a great team👍More power to them🙌. …
Social Umbrella Foundation,4,Nice
Ramdas Athawale Foundation,1,What is the criteria to become MP here?
Ramdas Athawale Foundation,5,Well spoken leader
Ramdas Athawale Foundation,5,So much good
Ramdas Athawale Foundation,5,Very good experience
Ramdas Athawale Foundation,5,Best leader
Chetanalaya,5,Chetanalaya the social service center entrusted with the responsibilities of providing services and workshops for the empowerment of marginalized people and an organization that strives to help the society to achieve sustainable development. The trainee got much opportunity to be the part of many field work activities and in project implementation level which helped in developing skills and knowledge in social work.
Chetanalaya,5,"Chetanalaya has been working since decades in different areas of education, health, child rights, environment etc involving its stakeholders and establishing the ownership of the community members. …"
Chetanalaya,5,would not rate this as organisation but as a family. this organisation taught me to be social-cum-practical on the same platform which has widened my thinking process. Here i met with the reality of India.
Chetanalaya,1,If there would be mark's in negative.. I would have given that .. it was the worst experience of mine in this NGO..the wasted my 2days.. I stepped out of it ..the staff was overconfident and not well behaved
Chetanalaya,4,"""It was great experience in chetanalaya and the supervisior  were very cooperative and helpful in nature""."
Sewa Bharti (Delhi),5,"Very focused and genuine efforts for less privileged sections of society…
Anyone can visit sewa dham, a hostel and school in East Delhi run by Sewa Bharti…
It is only one sample of their marvellous work…
In health sector also, they are contributing much.."
Sewa Bharti (Delhi),5,Good experience to meet with intellectual people.
Sewa Bharti (Delhi),5,Sewa Bharti has a good philosophy. It gives a chance to explore and learn a lot of new things.
Sewa Bharti (Delhi),3,This was for the first time I visited an NGO and I have found the people of this NGO quite greedy in nature. They took the crockery set I gave for others to their own kitchen and I wouldn't have minded that if that was happening behind my …
Sewa Bharti (Delhi),5,"Sewa bharti as it's name describe SEWA, they run multiple camps in sewa basti to help children in their education, women's for skill development, make them self dependent, educate them for there Health and other disease. They run diagnostic center to help common people. They have multiple chapters in which everyone voluntary contribute on many causes."
Travoinspire Foundation,5,Good work Keeping doing and motivating people 👍 …
Travoinspire Foundation,4,Really appreciate what Travoinspire Foundation is doing for people. Small efforts but big impact.
Travoinspire Foundation,5,Great Work! Keep Going.
Travoinspire Foundation,4,"Very inspiring work done by this NGO, the motive of the NGO is commendable"
Travoinspire Foundation,5,"I am very proud to be attend events with Prerana, her skills for the society actually do the talking"
MILESTONE (NGO OFFICE),5,"Today was a wonderful and meaningful day. Spending time with children, teaching them, and seeing their excitement while learning brought me so much happiness. Every smile, every question, and every small achievement reminded me that education has the power to change lives.
This experience also taught me patience, responsibility, and the importance of giving back to the community. I believe that even a small effort can make a positive difference in someone's life. Being able to support children in their learning journey is something I truly value. 😊🫧✨✨✨"
MILESTONE (NGO OFFICE),5,"I have had the opportunity to closely observe and participate in the work being carried out by Milestone NGO, and I am truly impressed by its commitment to creating a positive impact in society. Under the guidance of Manish Sir, the team …"
MILESTONE (NGO OFFICE),5,"I had a wonderful experience with [Milestone NGO] The organization is genuinely committed to making a positive impact through education, social awareness programs, and community development initiatives. The team is dedicated, supportive, and passionate about helping those in need.

Their efforts in empowering children, promoting health awareness, and creating opportunities for underprivileged communities are truly inspiring. The volunteers and staff work tirelessly to bring meaningful change to society.

I highly recommend supporting and connecting with Milestone NGO for anyone looking to contribute to a noble cause and make a difference in the community. Keep up the excellent work!"
MILESTONE (NGO OFFICE),5,"I had a great experience with Milestone NGO. The organization is genuinely committed to making a positive impact by supporting children's education, empowering women, and creating awareness about important social issues. The team is …"
MILESTONE (NGO OFFICE),5,"Milestone NGO is doing excellent work for the community. The team is very supportive, dedicated, and transparent in their projects. I had a great experience volunteering/interacting with them. They truly make a positive impact."
Let's Do It India,5,"Joining Let’s do it, India has been one of the best decisions of my life. The work they do in environmental protection is unparalleled, and their campaigns are both educational and impactful. Proud to be one of the 22 lakh volunteers!"
Let's Do It India,5,LDII impactful initiatives and dedication to environmental conservation are commendable. Their efforts in raising awareness and implementing practical solutions make a significant difference in creating a more sustainable future for all.
Let's Do It India,5,"It is a genuine & effective organization all over India . The team is truly making a difference in environmental protection and social change. Their commitment to education, sustainability, and other initiatives is really commendable."
Let's Do It India,5,The passion and dedication of Let's Do It India Foundation are evident in every project they undertake. They are a fantastic organisation and very dedicated in whatever they do.
Let's Do It India,5,"It is a remarkable organization. The team is truly making a difference in environmental protection and social change. Their commitment to education, sustainability, and other initiatives is really commendable."
Salaam Baalak Trust open shelter- Delhi,5,"I greatly enjoyed the food tour offered by Salaam Baalak Trust! Our guide was very knowledgeable and showed us many good places to eat, and some to avoid! He was able to give us the context of the food we ate and showed us how to eat like a local. We also learned of the mission of Salaam Baalak, to help rescue children from the streets, teach them skills, and help them get back to their families, or into a safe environment where they can be self sufficient. Our guide himself was a product of this program! I would recommend this company and tour to anyone who is visiting Delhi!"
Salaam Baalak Trust open shelter- Delhi,5,"My partner and I did the Old Delhi private tour with Salaam Baalak Trust, and it was one of the highlights of our trip. Our guide, Junaid, was warm, knowledgeable, and tailored the tour around what we were interested in—culture, history, …"
Salaam Baalak Trust open shelter- Delhi,5,"One of the most authentic experiences:
From our first contact with our StreetConnections guide Lalit we had such a great experience. Booking over the phone was easy, and Lalit was extremely flexible with us, accommodating a late change of the day of the booking all in his stride.
The walk itself was one of our best experiences in India. He stressed over the phone that we wouldn't be visiting any of the main tourist sites, which proved to be 100% accurate. You can do all that with a guide book - this walk takes you places you would never find otherwise.
To be taken through the backstreets of Old Delhi by someone who has taken himself from being a wily street kid (at the age of 5) to a final year university student was all the more poignant. Lalit was so generous with his time and his personal story, all the while flashing that charming smile and making plenty of jokes along the way.
If you want to see the backstreets, plus so much more that others have described here, then do yourself a favour and book a tour with these guys - 5 stars!"
Salaam Baalak Trust open shelter- Delhi,2,"Met our guide who turned up very late, who then showed us the Delhi Train Station & the different offices of Salaam Baalak Trust. He met us at 10.15am & left us at 11.15am. I thought we would have been talking to different street kids about their experiences. It felt like a rush for your money. Not impressed"
Salaam Baalak Trust open shelter- Delhi,5,"We did the street walk with Ajay and Kajal (the trainee). Ajay's English was great,  and he had so much energy and passion for what the trust is doing for the kids of Delhi and how it helped him.  The walk is safe and professional, and …"
Mobile Creches,4,It's an amazing organisation working for underprivileged children of 0 to 6 year age groups. I visited and volunteered in their trilokpuri centres many times. It really helped in my understanding of child development
Mobile Creches,5,"IT WAS WONDERFULL EXPERERICE TODAY AT SECTOR 150 NOIDA MOBILE CREHES MANAGED BY ""NAVSHRISHTI"" NGO.

THE STAFF AND CARE TAKER WERE VERY CARING &  POLITE .

VERY GOOD BONDING WITH ALL CHILD WITH SUPERVIOSR & CARE TAKER.
GOOD JOB BY NAVSHRISTI NGO.

MOBILE CRECHE AT SECTOR 150 NOIDA WAS NICELY MANAGE BY Ms MEERA NAITHARU UNDER GUIDANCE OF Ms REENA BANERJI.

SAUTE TO TEAM NAVSHRISTI"
Mobile Creches,4,"I have heard about Mobile Creches for some time. But I was just amazed when I got a chance to interact with its people and got to know more about its wonderful work. With a history of close to four decades, it must be the oldest NGO working …"
Mobile Creches,4,An established and committed NGO working for and with children under the age of six alongside communities.
Mobile Creches,5,It's really  feels good ... spending time with children and observing their movements .good environment
Help India Foundation Trust,5,"Help India Foundation Trust is trusted and progressive NGO in Delhi NCR and other cities in India. constantly working for weaker sections people, medical support, child education, Anti Tobacco activities. ""Good thing is that fund goes to right hand"". They respect people culture and values."
Help India Foundation Trust,5,"Help India foundation Trust helps in upliftment of slum children, women and adolescent girls through sensitisation programs. The work of this org is appreciable👏 …"
Help India Foundation Trust,5,Excellent organization with very dedicated volunteers doing a lot of work for creating awareness and also helping cancer patients in hospitals.
Help India Foundation Trust,5,"We know before 3 years ago, Ngo working in healthcare sector"
Help India Foundation Trust,5,Its my pleasure to help our country trust
CSR Research Foundation,5,CSR research is adding great value to women life by highlighting issue related to health n wellness along with other social issue.✅🙏👍 …
CSR Research Foundation,5,Good
CSR Research Foundation,5,Wow
Yug Sanskriti Nyas,5,"Speechless...😌
What to say about them. They are doing a great job helping the poors and the needy ones. Women and childrens are so happy for what they have done. Just what our country INDIA needs right now....😊🙏 …"
Yug Sanskriti Nyas,1,"Yug sanskriti nyas has devoting in welfate of needy people, society, nd nation , nyas was given best support they are facing hard in thepick time of covid 19 period. Realy great work doing by nyas. So many thanks nd hope to do in future."
Yug Sanskriti Nyas,5,"I feel that this organisation is really working a lot for such needy persons,and I would really like appreciate them a lot .YSN is doing very good work 👍 …"
Yug Sanskriti Nyas,4,I want To Thank Ysn Team For helping me with oxygen Cylender when it's needed 🙏  Yug Sanskriti Nyas is doing a great job in this covid scenario🙏 …
Yug Sanskriti Nyas,5,"Organisation is doing excellent work for women empowerment, Environment, cleaniness, upliftment of society and moral values."
"League Organization (NGO), Delhi",5,"You people are doing really great job, creating the environment for this and upcoming generation to live more beautifully.
Thanks for your efforts."
"League Organization (NGO), Delhi",5,"Very good steps towards cleanliness, our purpose to make India cleanest country in the world."
"League Organization (NGO), Delhi",5,"I know this ngo, it works very nice for environment. My friends told me about this ngo, and i have experienced some works with them."
"League Organization (NGO), Delhi",5,Well done you guys are doing very well...hope this will be continue in future 👍 …
International Human Rights Protection Council,5,Always ready to help.
International Human Rights Protection Council,5,Good Place of Worship
International Human Rights Protection Council,3,Good 👍 …
International Human Rights Protection Council,5,So nice...
NINEISMINE,5,"This is good ngo who worked with child very impressive, some pics who are developed in nineismine"
NINEISMINE,1,Worst food i ever had in my life.Ordered malai kofta and afghani chap completely tasteless.
NINEISMINE,5,Awesome NGO...
NINEISMINE,5,Very nice National child led campaign.
NINEISMINE,5,Best NGO ever.
Savitri Foundation,5,Osm
Chanakya NGO Consultancy,5,"Our Society has been working on tribal welfare, rural development and community-related issues across India, and in this journey we found Chanakya NGO Consultancy to be very supportive, knowledgeable and professionally committed. They understand the real challenges faced by grassroots organizations and provide practical guidance with clarity and responsibility.
What we appreciate their work and service for documentation, project planning, compliance related matters and support services including NGO Darpan Registration, 12A, 80G and CSR Registration and Project writing required for our social organization. Their approach was systematic, transparent and genuinely helpful for our Society working in remote areas.
Chanakya Consultancy has a good understanding of issues related to tribal communities and rural development. Their guidance has been useful in improving our documentation and supporting our efforts toward meaningful social work. We highly appreciate their professional support and recommend their services."
Chanakya NGO Consultancy,5,"Excellent service from Chanakya NGO Consultancy! Their team is knowledgeable, responsive and genuinely supportive. They guided us step-by-step for national-level NGO registration and additional services for Income Tax Exemption, NGO Darpan …"
Chanakya NGO Consultancy,5,"Highly Professional and Reliable NGO Consultancy.
We have excellent experience working with Chanakya NGO consultancy Services. Their team is with deep knowledge of NGO registration procedures, legal compliance, CSR funding guidance and documentation work. From the initial consultation to the final execution, everything is handled with clarity, transparency and professionalism.
They provide proper services and guidance for Trust registration, 12A & 80G registration, CSR-1 filing and for other required processes. Their good communication, detailed explanations and commitment to delivering documentation and guidance.
Chanakya is the best consultancy to start a Non-Governmental Organization or need support in legal compliances, project proposal drafting and fundraising guidance. Highly recommended for expert NGO advisory services in India."
Chanakya NGO Consultancy,5,Best Consultancy of India for all kinds of NGO registration Services. Most recommended Consultancy for Social Service Sector.
Chanakya NGO Consultancy,5,"Chanakya NGO Consultancy has been a trusted and professional consultancy support partner for our organisation for a long time. As an old associate, we have taken consultancy guidance from Chanakya NGO Consultancy for our own institutional requirements as well as for the nonprofit organisations and social sector clients connected with us. Our experience has been consistently positive, practical and result-oriented.
Chanakya NGO Consultancy provides complete consultancy services for nonprofit social sector organisations. Their services cover NGO Registration as Trust, Society and Section 8 Company, 12A and 80G Registration, CSR-1 Registration, NGO Darpan Registration, FCRA guidance, Project Proposal writing for grants, CSR funding documentation, Annual Report writing, NGO profile preparation, concept note preparation, compliance documentation, NGO management guidance and other required documentation services for voluntary organisations.
The most valuable quality of Chanakya NGO Consultancy is its deep understanding of the nonprofit sector. They understand the objective, background, working area, legal status and future requirements of the organisation and then provide suitable consultancy support. This professional method is very helpful for new NGOs as well as already working organisations that want to improve their documentation, eligibility, credibility and funding preparedness.
Their project proposal writing service is especially useful for NGOs seeking CSR grants, Government grants and donor support. The proposals are prepared with proper project concept, need, objectives, activities, implementation plan, budget, expected outcomes and impact. Their Annual Reports, NGO profiles and institutional documents are also well-structured, professional and suitable for presentation before donors, companies, departments and other stakeholders.
As an associate organisation working with Chanakya NGO Consultancy, we appreciate their clear communication, experienced guidance, systematic documentation, practical advice and commitment to strengthening NGOs for long-term growth. Chanakya NGO Consultancy is a highly recommended consultancy service for social entrepreneurs charitable organisations and nonprofit institutions seeking dependable support for registration, documentation, compliance, grants and NGO management."
Bharat Seva Trust,5,Very nice
Bharat Seva Trust,1,Fake address
Bharat Seva Trust,5,Mast 👍 …
Bharat Seva Trust,5,It's very good
Chote Sai Charitable Trust,5,Chote Sai Charitable Trust is a divine place of peace and guidance. Swami Vipin Vayas is incredibly accurate in astrology and deeply spiritual in his approach. His predictions and remedies have truly transformed my life.
Peoples Welfare Foundation,5,"This is a good NGO.  Doing great job for women, girls & underpriviledged section of society.  We wish it to keep it up."
Peoples Welfare Foundation,5,Awesome work done by people's welfare
Peoples Welfare Foundation,5,A place from where kids and women get a better help.
Peoples Welfare Foundation,1,Very bad mid day meal
Peoples Welfare Foundation,5,Peoples welfare foundation is Good work
Maulana Azad education foundation,5,Education NGO working for Girls education and helping to built a better world for women and Girls
Maulana Azad education foundation,4,Minority educational society they are giving skill india trainings from all over india in different sectors in different levels good office located near to New delhi Railwaystation on the way to pahargunj entrance left side near to statue
Maulana Azad education foundation,5,Clean and beautiful govt department
Maulana Azad education foundation,4,MAEF is serving students since many years. Underprivileged students are getting  benefits from this society. This Haritageg Building is in very bad state and it need  an urgent overhaul.
Maulana Azad education foundation,5,A Non profit organisation under the ministry of affairs which provides scholarships to the Muslim girls students those studying in class 11th and 12th.
OneStage,5,It is an amazing organisation with great leadership and ground level last mile work in the development sector … a perfect NGO partner for CSR companies …  to work with
OneStage,5,Very good organisation
TRAX - Road Safety NGO,5,"Excellent NGO which is making lots of difference in citizens life by influencing safety of road users. Full of dedicated people who have passion for their job.
TRAX is involved nationally as well internationally with different associations, NGOs and stakeholders who are active in Road Safety field.

TRAX Society is involved in all 5 pillars of Road Safety.

Also strongly in advocacy for Road Safety."
TRAX - Road Safety NGO,1,Mr. Anurag Kulshreshtra is taking like an uneducated illiterate on television saying two wheelers should not be allowed on expressways
TRAX - Road Safety NGO,5,Good place to do Road safety projects.And good administration to describe the work for projects.
TRAX - Road Safety NGO,5,Organization doing very good work on road safety.
TRAX - Road Safety NGO,5,People working for road safety
Gandhi Peace Foundation,3,"Gandhi Peace Foundation or गाँधी शांति प्रतिष्ठान is situated at Din Dayal Upadhyay road near ITO in Delhi. One can reach here by Delhi Metro Rail violet line  by deboarding at ITO. Exit from gate Number 1 is the nearest to the Gandhi Peace Foundation at a walkable distance of around 300 meters.
The foundation is well known for venue for  literary and musical programs befitting for small gatherings of 100-150 people. The seminar Hall is Ok but the stage is small. Parking is available at the entry gate but for limited vehicles. A kitchen also works and serves in snacks and tea.
The premises are govt run and the condition is only ok. If it were maintained well, it would be a nice place for small seminars and programs. Overall it's good."
Gandhi Peace Foundation,4,"One of the peaceful palace i was organised my event kavi sammelan here very good experience staff is cooperative space, hall is also good but ac is not available here
Near by ito metro station"
Gandhi Peace Foundation,4,"Good place for seminar, publishing book, oraganising discuasion meeting, Canteen is good but not enough space, near to ITO metro station"
Gandhi Peace Foundation,3,"Good experience, good rates with the best location.  Here you can book a seminar hall for an event and There are also rooms to stay here. The food is good but the building is old and the toilets are not clean."
Gandhi Peace Foundation,3,You can stay here its nice and decent in price canteen service is also available.
NGO DARPAN,1,"The site is not user friendly. The person who created this has no idea about the diverse world of registered societies/voluntary organizations typified as NGOs. There should be a user friendly helpline that should guide those involved in various activities in a transparent way. The email helpline too is useless, it sends automated useless messages. The bureaucracy itself so opaque, suspicious of the entire country, how can it understand transparency?"
NGO DARPAN,1,"Bad experience nobody is giving response from there office of any query, nobody is giving reply to msg sent, none of there phn is working or nobody is picking up. Such an irresponsible organisation"
NGO DARPAN,1,"NGO Darpan site is not functioning.  Many have complaints, but are not heard,replied or attended. It appears that it is closed. If so, kindly inform the public. Its telephone is not responding throughout the day."
NGO DARPAN,5,Very Good NGO
NGO DARPAN,5,IT WAS VERY GOOD EXPERIENCE WITH NGO ORGANISATION. WE PROUD OF INDIAN GOVERNMENT.
Aga Khan Foundation,5,"Some of the best exhibitions/sales are held here..Mostly clothes and apparels Place is centrally located, huge with ample free parking on first come first serve basis. It's a few minutes walk from Mandi house metro station. Also very close to Bengali Market shopping area. A good shopping with some good food is the plus visiting Aga khan hall. Latest Sampada sale is ongoing. Great experience."
Aga Khan Foundation,5,Aga khan hall is located at the center of delhi. It can be reached from Mandi house (500+mtrs) and Pragati maidan (600mts) metro station and also well connected via bus and other means of transport. This facility has ample amount of parking …
Aga Khan Foundation,4,"If I talk just about Agah khan hall it's a two storey building. .. exhibition Cum sale is organised most of the time ... direct from weavers. . U can found amazing quality dress materials for man and woman .. silk, patola, cotton etc. U can even bargain. For sure U will find such stuff that u have not seen in high standard markets or malls. Worth a visit .. won't be disappointed 😊😊"
Aga Khan Foundation,5,"The Aga Khan Foundation is an organization dedicated to improving the quality of life for the marginalized. Their impactful initiatives in education, healthcare, and rural development are commendable. The Foundation's efforts truly make a positive difference in the lives of many."
Aga Khan Foundation,5,"We visit this place to get sweaters.

Since childhood we have been a big fan of Mohini Knitwear and we were pleased to find the brand again."
Keshav Suri Foundation,1,"Hi,
Dr. Jyotsna Suri the chairperson & managing director of Keshav Suri foundation..  My name is (changed)Muskan( Transgender LGBTQIA+ Community)I am writing this feedback after waiting 13 minutes on given number for This foundation.. and the number is Fake .. it’s very embarrassing things for this reputative Foundation.. I wanted to talk to foundation on very urgent note so I called first my call got landed to operator then they Transferred my call to Vitoria.. she transferred to Hr team Mr Shorya.. he again transferred to operator and again operator continued to transfer to the right person after waiting 12-13 minutes on call they had disconnected.. .. now it’s understandable how the foundation working for us(LGBTQIA+) community…. It’s very pathetic…  I am feeling very bad … how we can survive ? It’s a big Question 😔😒"
Keshav Suri Foundation,5,I didn't visit this place ever .but I can say that would be amazing
Association for Social Health in India,5,"Really amazing NGO, They are very determined and work hard towards creating impactful change"
Association for Social Health in India,5,Very nice it provides courses at very nominal fee
Association for Social Health in India,1,I added 200 rupees in cash.. It's been a day and I haven't received it yet.
Association for Social Health in India,5,Bhai v
Ahvaan,1,"Overall, the trip suffered from:
• Poor trip planning and coordination
• Insufficient bikes despite confirmed bookings
• Poorly maintained motorcycles
• Delayed schedule and wasted travel time
• Misleading information and false promises
• Lack of proper customer support during the trip"
Ahvaan,5,We took 5 day bike tour from Ahavaan and it  turned out more amazing than we expected. Our group leader Stenzin has been really helpful throughout our trip from fixing bikes to helping people with their personal needs he was there. Recommending it tor every bike enuthsiast.
Ahvaan,5,Excellent people. Really making great impact
National AIDS Control Organisation Mohfw,4,The office is located in the Chandralok building on the 9th floor. The office is beautifully build. As the name suggests they work for control of AIDS in India.
National AIDS Control Organisation Mohfw,5,"Office of National AIDS Control Organisation
Co-ordinate the India's response to the problem if HIV and AIDS
Excellent work is being done by the organisation"
National AIDS Control Organisation Mohfw,4,Great place to get treatment for aids civil hospital gurugram
National AIDS Control Organisation Mohfw,5,Excellent job being done to control HIV/AIDS
National AIDS Control Organisation Mohfw,5,Nodal organisation for HIV prevention and treatment in India
Promising Indian Society,5,Promising Indian Society is an NGO which is unique in terms of honoring Indians and people of Indian Origin for their achievements and contributions to society. They are doing laudable work in this field by connecting people through networking events and spreading knowledge and expertise for enhancing skill and development. Kudos to the founder Ms. P. Singh for this amazing  initiative which is now running successfully for 3 years now and active in several countries besides India.
Promising Indian Society,5,Promising Indians’ Society is a great organization aiming to applaud the work of indians in different fields and give them due recognition for their initiatives .
Promising Indian Society,5,Promising Indian Society sets its stage and unrolls red carpet to applaud and acknowledge the NRI community from across the globe.
Promising Indian Society,5,Amazing organization and hard working people... commendable job done for eminent Indians globally
Delhi Foundation of Deaf Women,4,I am deaf yes my name vinay kumar shukla from mirzapur u.p
Delhi Foundation of Deaf Women,5,Hello .l am deaf yes my name sakshi goyal from muzaffarnagar.
Delhi Foundation of Deaf Women,5,Step for empowering the life ....self reliant...good effort ...
Delhi Foundation of Deaf Women,4,nice ngo.
Delhi Foundation of Deaf Women,5,Good work
Indian Red Cross Society National Headquarter,5,"Blood bank ground floor, First aid 5th floor
Back side of Krishi bhawan bus stand, Rafi marg, Central secretariat metro station, New Delhi 110001"
Indian Red Cross Society National Headquarter,4,"Located near Central secretariat metro station gate no 1 , it is easily notable place from Parliament Street Road. One mosque is located on right side. Ample space for free parking. One small food outlet, one tea point and one juice corner are located near main entrance gate of this building, one can satisfy his/her hunger there."
Indian Red Cross Society National Headquarter,4,"Short term courses at red cross society are a big hit among all age groups esp among working people, timings are suitable. Must do courses on natural health and overall development."
Indian Red Cross Society National Headquarter,5,"The best way to reach if coming from Rail Bhavan side is to use dedicated parliamentary lane at Red cross road circle. This lane will take you to sansad chowk and since red cross road is closed there is ample parking place there. If coming from Gurudwara road Via KL Sehgal road the turn right at PTI building. Turning right is allowed for the moment as Red Cross Road is closed. The parliamentary lane from Rail Bhavan side merge here in front of PTI building and go upto to Sansad Chowk, the back side of Parliament. Hope this review helps."
Indian Red Cross Society National Headquarter,5,Great place for voluntary blood donation. Staff here is cooperative and happy to help you with all sorts of formalities before blood donation. Your one unit of blood can save lives of upto 4 individual. Donate blood and feel good about yourself.
PATH,4,Nice experience**
PATH,5,PATH is a wonderful organization doing meaningful work for communities and public health. Their dedication and professional approach are highly commendable. Wishing the entire team continued success!
YES WE CAN,1,I don't know about this what's this and where is ?
YES WE CAN,5,Good work
Aadhya Durga Foundation Trust (Regd.),5,Best NGO Aadhya Durga Foundation. This NGO is doing very good work on education and women empowerment.
Abhivyakti Foundation,5,I also want to join this ngo.
Abhivyakti Foundation,5,"The work of the Abhivyakti Foundation is truly impactful. They work at the grassroots level to help people, especially women, with empowerment and skill development. The team's approach is practical and results-oriented."
Abhivyakti Foundation,5,"This is a very trustworthy organization. Projects are executed transparently, delivering real benefits to beneficiaries. The team's behavior is also supportive and professional."
Mission 100 Crore Tree,5,"I have been associated with them over an year, I have seen them working tirelessly to increase green cover throughout by various activities warering plants daily, Seed ball activity. The idea is not just to plant a tree but to nourish it forever. I would request everyone to come and support, be part of this noble cause and let's leave a legacy for our future generations that they will cherish"
Mission 100 Crore Tree,5,"I am truly impressed by Mission 100 Crore Tree and its commitment to environmental conservation. The initiative makes tree planting simple, meaningful, and accessible for everyone. I especially appreciate how they combine environmental …"
Mission 100 Crore Tree,5,"Mission 100 Crore Tree is making a real difference through tree plantation drives.

• Community Impact: They involve schools, locals, and volunteers, spreading awareness along with greenery.
• Transparency: Clear records of sapling survival and maintenance build trust.
• Sustainability: Focus on nurturing trees long-term, not just planting.
• Volunteer Engagement: Strong participation makes it a collective mission.

Overall, they’re not just planting trees—they’re planting hope for a greener future."
Mission 100 Crore Tree,5,Keep up the great work Feels so good to contribute 💪 …
Mission 100 Crore Tree,5,Such a great initiative...to protect our environment and to save our mother nature.
Pakhi Social Services Organization,5,"Pakhi social services organisation
Good forever work all human"
Pakhi Social Services Organization,5,Nice 👍🏼 …
Caritas India,5,"I'm returnee from Romania.
Caritas India Help me alot to get on my feets again. I'm so thankful to John Bonion and Stephen Sir from Jalandhar Punjab, Caritas India and Frontex team."
Caritas India,4,A national level organisation working for soio-economic development. It has own system guided as per 'Society Registration Act 1860. This irganisation is working in collaboartion with givernment departmenst. clean place
Caritas India,5,"The address mentioned here is of North Zone Office. Head Office address is 1, Ashok Place, CBCI Centre, 3rd Floor, Opp Sacred Heart Church, Goldekhana, New Delhi 110001"
Caritas India,5,"One of best NGO with dedicated staff, clear vision and having reach in every corner of the nation."
Caritas India,5,Great place and helpful environment
Habitat for Humanity India,5,Does Sukriya have a card?
PRATYeK,5,"Pratyek is working towards a great cause and is helping towards empowering children and enabling them to do advocacy for themselves. It is doing an amazing work and come up with new and innovative ideas to build an environment to inspire children to design their vision and implement it. I am very  happy to be a part of Pratyek family.
Like the Pratyek page to know more about it"
PRATYeK,5,"Pratyek is a really innovative organisation which carries out direct interventions in the lives of unprivileged children.
Through its various projects like Nineismine, Adjusted, Haq kiShor and House of Kidizens, it has empowered the lives of millions of kids."
PRATYeK,5,"Pratyek NGO is all about Child rights
Where they also teach students for free of cost and help them growing in their career
To achieve success"
PRATYeK,4,It is a excellent platform where children have been exploring the child rights and advocacy.
PRATYeK,5,Amazing place for kids to learn and grow. Pratyek teams works really hard for children.
Helping Hand,5,"I had an excellent experience with team helping hand Their tour and travel services were seamless, with well-planned itineraries and great customer service. Additionally, their loan options were straightforward and perfectly tailored to my needs. And all the legal work is also done very quickly. Highly recommend for both legal, travel and financial services!"
Helping Hand,5,"Amazing work 😍 Quick services
Nice experience
No delays in any type of work …"
Helping Hand,5,Oosm services and quick work no any delays
Helping Hand,5,Service be on time and as per on suitable rates
Helping Hand,5,Thank you mam doing for every thing  (your child )
UPAY (Karol Bagh Center),5,"This is karo bagh  office for upay the one for dellhi zone. Helping under Privileged kids , one that touches a soft spot for me. keep up the good work."
UPAY (Karol Bagh Center),5,This place has given opportunities to children who might have missed out otherwise. The change is real and visible.
UPAY (Karol Bagh Center),5,First of all i would like to thank mithila maam and varun sir for giving us such a wonderful experience at UPAY . It is a lifetime opportunity to improve our carrer and learn something new the environment is amazing and the children also pay attention to new things it encourages us to teach them something new the centre coordinators also help us a lot i am enjoying my journey at UPAY and hope i will get the time in future to contribute something here and learn something new.
UPAY (Karol Bagh Center),5,"UPAY is an exceptional NGO, offering quality education to underprivileged children. Their innovative programs, dedicated volunteers and transparent operations make a significant impact.  Highly recommended for their commendable work."
UPAY (Karol Bagh Center),5,"This place is shifted nearby.
I decided to volunteer for teaching underprivileged kid and contacted them through site, it took some time but i joined them and its a great experience. …"
Jai kavita foundation,5,"Great experience with Shivani’s work! Professional team, clear communication, and reliable compliance solutions. They make complex processes simple and manageable. Highly recommended 👍 …"
Jai kavita foundation,5,"Good service provided,  your communication and work is help to me intime"
Jai kavita foundation,5,The service was good as per the Commitment.
Jai kavita foundation,5,"Excellent work within the time period very humble, very cooperative"
Jai kavita foundation,5,FAST SERVICE AND VERY GOOD PEOPLE
Beti ek Lakshya Foundation,5,"My name is Diya Kumari, I am 14 years old. I really enjoyed joining this computer class and am very happy with the way the teaching was being conducted here by the teachers here.Friends were also very nice, along with studies here we used to organize small parties in which we had a lot of fun, we used to play games, it was very nice, we did a course of 3 months here  And the best part is that it was absolutely free, only 250 rupees were charged for registration. Another best part is that this Lakshya Foundation Sir did not only name the daughter after her daughter, it also named her life after her.This is a big decision, by joining here we can become a future independent girl and thanks for Beti Ek Lakshya Foundation"
Beti ek Lakshya Foundation,5,My experience was very good. I got to learn a lot of new things here. The teachers here are also very good.
Beti ek Lakshya Foundation,5,We the aaoma foundation had an amazing time and event with beti ek lakshya foundation.they are doing amazing work in the field of making youth better.lot of wishes
Beti ek Lakshya Foundation,5,My personal experience was very good. Teachers are very polite with their every students and they helps everytime whenever I needed in any kind of problem in course and the best thing is that they teachs basic computer course for free to every girl and encourage girls education
Beti ek Lakshya Foundation,5,Beti lakshay foundation is best foundation in patel nagar for girls❤️❤️
Shiksha Bank,5,My self Mukul Sehgal and I am also a volunteer of Shiksha bank. It makes me feel proud to be a part of this NGO which works for betterment of all sections of society . Shiksha bank has organized various activities like health camp and summer camp etc.
Shiksha Bank,5,"My self Varun and I am a volunteer of shiksha bank. It makes me feel proud that I am a part of this NGO which works for betterment of society and is always ready to help people in need. Shiksha bank has organized various activities for people like health camp, summer camp etc.I learnt many things by working as a volunteer. I hope shiksha bank is bale to spread it's wings more in the coming time."
Shiksha Bank,5,Shiksha bank is doing very good work for future of everyone by reuse old books and save the trees throughwhich we can save our environment and make healthy life of ourself and our future generations too. …
Shiksha Bank,5,"Shiksha Bank NGO works tirelessly day and night to make sure that children get access to education, and no one gets left behind. I salute all the volunteers, community members and donors who continue to contribute in every way possible!!"
Shiksha Bank,5,"I joined the summer camp organised by Shiksha Bank(NGO) at Pahari Dhiraj .I really got so much information which could help to better my position.Thanks much to the instructor for making it plain and simple for me. The teachers were very thoughtful who puts a lot of thought into how they presents the material.Their  lessons were engaging and  useful .Their teaching methods were great. The teachers were patient and eager to help.  Please keep delivering and developing quality education.
Regards,

Sonali"
BANDHU INDIA,5,Good
Apna Parivar,5,"I recently visited Appna Parivar and really enjoyed the food. The flavors were authentic and everything tasted fresh and well-prepared. The staff were polite and attentive, which made the experience even better. The restaurant is clean and comfortable, perfect for a casual meal. Overall, I had a satisfying experience and would definitely recommend it to others. I’m looking forward to my next visit."
Apna Parivar,5,this is the best organization how help people when they are facing problem .. Thanks you are helping me a lot in dehradun ..
Jugnu - Let's make everyone shine,3,Meshes
Keep Hope Alive Trust ( KHAT ),5,"Keep Hope Alive Trust is a trustworthy NGO with a dedicated team and a meaningful mission. What I appreciate most is their transparency and accountability throughout the donation process. They provide proper donation receipts and keep supporters informed, which reflects their commitment to doing genuine work. Their efforts to support those in need truly deserve appreciation. It's inspiring to see an organization making a positive impact with sincerity and compassion. I hope more people come forward to support this wonderful initiative and help bring hope to many more lives."
Keep Hope Alive Trust ( KHAT ),5,Trustable ngo they where provide 80g recepit and donation receipt good to go with the ngo
Keep Hope Alive Trust ( KHAT ),5,"This is genuine and trustworthy NGO and i personally refer to people who can donate as much as for those kids who cant afford a one time meal or more things like clothes, shoes or whatever they need. And this is also financially help education and health related like cancer patient or heart patient, also give it wheelchair for handicap people."
Keep Hope Alive Trust ( KHAT ),5,"A trustworthy NGO making a real difference through food, education, and healthcare support. Keep up the great work!"
Keep Hope Alive Trust ( KHAT ),5,"A trustworthy NGO making a real difference in people's lives
Honest team and excellent work"
Gautam Gambhir Foundation,5,Good food
Gautam Gambhir Foundation,5,You have to tried once on your life. Simply hats off to their work
Gautam Gambhir Foundation,5,I LOVE GAUTAM GAMBHIR...REAL HERO
Gautam Gambhir Foundation,5,Very fantastic good work.
Gautam Gambhir Foundation,5,Good job sir you are great
Those In Need,4,"Those in Need not only has a unique concept of getting volunteers and NGO together but have the most innovative events to enjoy and contribute towards society all at the same time. There is something for everyone!
Register yourself on their website and join in for fun events and also earn reward points!"
Those In Need,5,This is a great platform to search various NGOs and volunteer with them. Those In Need organises some initiatives for the the betterment of the society. I have been volunteering with them myself at some of their events and it is a great experience volunteering with them.
Those In Need,5,"It is lovely experience being at Those In Need's events.
It is certainly the Best Ngo in Delhi for social work and all events that are sufficient to make your day a brightening one. …"
Those In Need,5,"This is the best bunch of people working together , not for themselves but for the society. Delhi people out there, work with them I am sure you’ll experience something new. They are changing lives ♥️  And everyone else out of Delhi, please support the kind souls. 🙏🏻😊 …"
Those In Need,5,"Those in Need not only has a unique concept of getting volunteers and NGO together but have the most innovative events to enjoy and contribute towards society all at the same time. There is something for everyone!
Register yourself on their website and join in for fun events and also earn reward points!"
Gurudikshaam (NGO),5,"I had a good experience with Gurudikshaam NGO. They are genuinely working at the ground level, especially in supporting children’s education and conducting awareness programmes on health and hygiene. The volunteers were very kind and interacted well with the community. I personally saw them distribute study materials and organise small learning sessions, which made a positive impact.
They can improve by sharing more regular updates, photos, and activity reports online for better transparency. But overall, it’s a sincere team doing meaningful work. Happy to support their initiatives."
Gurudikshaam (NGO),5,"""Dedicated and Transparent Leadership""
The leadership under Dr. Rakesh Sharma is truly dedicated to the NGO's mission. The team is professional, compassionate, and transparent about how they manage …"
Gurudikshaam (NGO),5,"The Gurudiksham ngo is doing incredible work in improving and helping society. Their dedication in every possible effort is making a real difference in the lives of people . I'm impressed by their work and would love to see more support for their efforts. Also, they’re very helpful if anyone wants to volunteer."
Gurudikshaam (NGO),5,"""A True Beacon of Hope""
Guru Dikshaam is doing truly incredible work on the ground. Their dedication to [You can insert specific cause here, e.g., 'education for underprivileged children' or 'community development'] is commendable. The transparency in their operations and the visible impact of their projects make them an NGO worthy of complete trust and support."
Gurudikshaam (NGO),5,"I recently came across Gurudikshaam NGO, and overall my experience with them has been quite positive. They genuinely seem to focus on education, women empowerment and health awareness for underprivileged communities. I really liked how clearly they talk about their goals and activities on their website"
SAFE NATION FOUNDATION ( NGO ),5,Well done team👫👫👫. You really work hard and helping needy person. Best wishes …
SAFE NATION FOUNDATION ( NGO ),5,"Doing Great Job...Keep it up....100% Trustworties
....Very Good"
SAFE NATION FOUNDATION ( NGO ),5,Awesome work really doing superb job guys
SAFE NATION FOUNDATION ( NGO ),5,You guys are doing such a excellent work god bless you guys....
SAFE NATION FOUNDATION ( NGO ),5,Superb job God bless u Dr moncy varghes
Rashtriya Sewa Bharati,5,One of the best and trustful of NGO's we have come across. Fully dedicated towards our Nation. Sacchi Seva Bharat mata aur Bhartiyo ki...
Rashtriya Sewa Bharati,5,I dont know why this beautiful sewa organization never promotes their donation page in social media or web. Even their web page hardly opens the donation information(their should be a direct link or Google pay transfer system).Kondly focus on this
Rashtriya Sewa Bharati,5,Sewa - is the ultimate thing in life - with this motto they are working.. loved the place !! Amazed to know their selfless dedication towards mankind !!
Rashtriya Sewa Bharati,5,"Public charity organization.
Open to all.
Managed by hundu devotees.
Non governmental."
Rashtriya Sewa Bharati,5,A very nice institution.great people doing great work for the society..
Nayi Soch Foundation,5,"This NGo is good and stay ahead in public
service."
Nayi Soch Foundation,5,Doing an amazing job ❤️
Nayi Soch Foundation,5,Helpful
Nayi Soch Foundation,5,Good
Hamara Book Bank - Non Profit Organisation,5,It is very helpful for those who can't afford books. You can also help the students by giving your old books to them
Hamara Book Bank - Non Profit Organisation,5,"Today I visited Hamaara Book Bank. Here, books are given for free, only a small security amount is taken, which is returned when you give the books back.

It’s run by a kind uncle through an NGO. He manages everything alone and helps students who can’t afford books.

The place is clean, well-organized, and very helpful. A great support for poor and needy students❤"
Hamara Book Bank - Non Profit Organisation,5,In the heart of Karol Bagh lies a remarkable Book Bank run single-handedly for over ten years by a humble and inspiring man. His journey began with a personal struggle—he once couldn’t afford to buy books for his own children. Instead of …
Hamara Book Bank - Non Profit Organisation,5,This is a great initiative that distributes books for free to those in need! They go to great lengths to ensure that people with genuine need get the books and not those intending to misuse free books (for e.g. by selling them).
Hamara Book Bank - Non Profit Organisation,5,"I'm eager to share my wonderful experience with this library, which has been an invaluable resource for me. The library provides students with easy access to books, making studying a breeze. The diverse collection of books is impressive. I've grown to cherish this space. Moreover, the staff's courtesy and respect make every visit a delight."
Karam Bhumi Foundation NGO Delhi India,5,Good Job... I saw team of karam bhumi foundation to distribute free books and pen to poor children on occation of  Dr. Bhim Rao Ambedkar Jayanti in Delhi.  Thanks to team members of this ngo.
Sewa International,5,"Sewa international is an international platform for reform and reestablish the culture of ""sewa"" for each and every component of ""prakriti""."
Sewa International,5,Thanks for sewa gave me such a wonderful opportunity to help poor people in lockdown .
Sewa International,5,Excellent office. Inspiring projects. Amazing people.
Sewa International,5,"Social Leaders,change Future"
Sewa International,5,Good place if you are interested to volunteering..
vidya vijay foundation,5,"I am incredibly grateful for the work this NGO is doing to raise awareness about the POSH Act and empower youth, children, and women. Their efforts are invaluable in creating a safer and more just society.

I was particularly impressed by [mention a specific program or initiative, e.g., their workshops on workplace harassment, their support for survivors, their advocacy efforts].

I highly recommend this organization to anyone who wants to make a difference in the fight against gender-based violence."
vidya vijay foundation,5,"The Vidya Vijay Foundation is a nonprofit organization focused on tackling a range of legal and social challenges. Through its programs, it works to raise awareness and offer assistance in areas like human rights, legal support, and social …"
vidya vijay foundation,5,"Really appreciate The Vidya Vijay Foundation. Its is a nonprofit organisation focused on tackling a range of legal and social challenges. Their meaningful efforts drive positive change, empowering underserved communities while advocating for equality and justice."
vidya vijay foundation,5,"The Vidya Vijay Foundation is an NGO dedicated to addressing various legal and social issues. Through its initiatives, it raises awareness and provides support in areas such as human rights, legal aid, and social justice. Their impactful work fosters positive change, empowering marginalized communities and promoting equality and justice."
vidya vijay foundation,5,"""I had the privilege of witnessing the incredible work this NGO does to raise awareness about the POSH Act and empower youth, children, and women. Their workshops are not only informative but also highly engaging, breaking down complex …"
Father's house NGO,5,"It has been 3 months since I came to Father's House. In these 3 months, I have learnt a lot and a lot of changes have also taken place in me. After coming to Father's House, I want to make something for my future career because I got to learn a lot. It will be good for me in the future too. The teachers here are very good. They explain very well and teach. Our Father's House is very good. Thank you so much to all my teachers.☺"
Father's house NGO,5,"Father House is a wonderful NGO that is helping children become self-dependent. By offering practical courses like beautician and stitching, it is not only teaching valuable skills but also guiding them toward a better future. Such initiatives are truly valuable for society. 👍 …"
Father's house NGO,5,"""Thank you so much, Father House, for giving me such a wonderful opportunity. I completed the Assistant Beautician course here. Along with beauty skills, I learned other things like communication, body language, behavior, and my confidence …"
Father's house NGO,5,"Thank you so much farther house the father houses very  good platformlearned a lot here, I learned something new.
""It was a great learning experience; I learned new things here.
""I've gained a lot of knowledge and learned new things here and thank you so much farther house and teachers"
Father's house NGO,5,We did here beautician course and I had here good experience.there's teachers are so good ....we had learnt lot of things from here ..😊 …
Ek Ehsaas Foundation (EEF) NGO,5,"An incredible NGO doing truly dedicated and selfless work for old age and homeless people. Their compassion, dignity-driven care, and genuine commitment to humanity are deeply inspiring. They don’t just provide shelter and support—they give hope, respect, and a sense of family to everyone. Truly commendable service to society."
Ek Ehsaas Foundation (EEF) NGO,5,"A place where God's Mercy and the Goodwill of fellow Humans come together to create an earthly abode for the homeless.

Efforts of Reena Charles to continue her mission are being rewarded by God Almighty.

All the best for all your
ventures."
Ek Ehsaas Foundation (EEF) NGO,5,"I had the pleasure of meeting Reena ji today and was truly touched by the meaningful work she is doing for students, teachers, schools, and the underprivileged sections of society. …"
Ek Ehsaas Foundation (EEF) NGO,5,"God bless you Ma'am... Ur old age home is beautiful. Ur dream has come true. Proud of
Ek Ehsaas Foundation EEF
Delhi"
Ek Ehsaas Foundation (EEF) NGO,5,"It was an incredible experience working with the NGO, the old age home felt so homely and such kind people, it was lovely meeting them and a really sweet experience."
NSSS FOUNDATION N.G.O,5,"The social activity conducted under the NSSS Foundation NGO was a wonderful experience. We spent time teaching and interacting with children, helping them learn basic concepts in a fun and engaging way. The kids were very enthusiastic and eager to participate in the actives. It was heartwarming to see their interest and curiosity. Overall, the session was enjoyable and meaningful, creating a positive learning environment"
NSSS FOUNDATION N.G.O,5,"Volunteering with NSSS Foundation was a truly rewarding experience. I had the opportunity to participate in the rose syrup water distribution drive, where we served people and helped them stay refreshed in the heat. It was wonderful to see …"
NSSS FOUNDATION N.G.O,5,"I am Keshvi Aggarwal, and I had a wonderful volunteering experience through NSSS Foundation. During my time here, I taught students, organized a stationery distribution drive, participated in a plantation activity, conducted fun games to enhance children's cognitive skills, and guided them through exercises and yoga poses to promote physical fitness.

The dedication of the team and the enthusiasm of the children made every activity meaningful and rewarding. It was inspiring to witness the positive impact these initiatives had on the students' learning, confidence, and overall development.

This experience strengthened my sense of responsibility, compassion, and community service. I am sincerely grateful to NSSS Foundation for providing me with the opportunity to contribute, learn, and make a positive difference in the lives of others."
NSSS FOUNDATION N.G.O,5,"The Ghumantu Pathshala session conducted by the NSS Foundation was a truly enriching experience. During the interaction, we engaged with underprivileged children and introduced them to basic concepts through simple and interactive methods. …"
NSSS FOUNDATION N.G.O,5,"Had an amazing experience in being a part of the initiative Ghumantu Pathshala by NSSS Foundation. Interacting with children from underprivileged background was very fulfilling. Got to know their aspirations and struggles. Guided them on the importance of education and how it can be life changing. Along with that, taught them basic maths and English, first steps to a good education. It was also a learning and enriching experience for me. It made me realise that potential is everywhere, it just needs guidance to shine. I appreciate the efforts that NSSS is putting in making a meaningful difference to the children."
Karuna The Compassion,4,Karuna The Compassion genuinely helps those in need and makes a real difference in their lives. Their approach is transparent and inspiring. I fully support and highly recommend them.
Karuna The Compassion,5,"Karuna the Compassion is doing something truly special. The people behind it aren’t just running an organization they’re out there every day, spreading kindness and creating real change. What I admire most is the way young volunteers put their heart into helping others. It’s not about big words, it’s about simple, genuine acts that really matter. If you get a chance to support Karuna the Compassion, I’d say go for it you’ll be backing something that’s making life better for so many."
Karuna The Compassion,5,Karuna Compassion NGO is doing remarkable work for society. Their dedication towards helping underprivileged communities is truly inspiring. The team works selflessly with compassion and ensures that every project creates real impact. I feel grateful to support such a noble cause.
Karuna The Compassion,4,"The NGO works the best from its side helping the needy ones is the thing which I think everyone do in their life
Working with Karuna The Compassion guide us how to work accordingly"
Karuna The Compassion,5,"I am incredibly impressed and moved by the work that Karuna the Compassion is doing for the community. It's not just an organization; it's a movement of compassion in action, driven by a dedicated team and passionate young volunteers. I …"
PANKH NGO,5,"I'm closely watching their activities regularly to help underprivileged kids since many years. They are so dedicated and selfless to serve them. I appreciate your concern nd sincere efforts. My best wishes are always there with you The PANKH NGO People,💐Hats off, keep serving …"
PANKH NGO,5,I recently visited at Pankh NGO & attended the event .The experience was truly inspiring.The team was super welcoming.It was amazing & the performance by the kids stole the show .Overall Pankh NGO does impactful work and I’d love to be part of it again.🙏👍 …
PANKH NGO,5,"Their initiatives are well-planned and thoughtfully executed, whether it is helping underprivileged children, empowering women, or supporting skill development. Regular updates, responsible use of funds, and genuine engagement with beneficiaries make Pankh NGO a trustworthy organization to donate to and volunteer with"
PANKH NGO,5,"This NGO has transformed our community in ways we didn’t think were possible. Their programs are well-structured, transparent, and genuinely focused on improving lives. Highly recommended."
PANKH NGO,5,"Pankh is a highly transparent and impactful NGO transforming lives of children through various means. 5 stars, genuinely one of the most wonderful organizations for children."
EHSAS NGO,5,"Me and my family are very much relieved from the support received from EHSAS NGO. In these unprecedented circumstances, it is really GOD Send. After contacting EHSAS NGO, we were relieved from the worries of the logistics of getting a cylinders, its refiling and transportation etc. Everytime, we needed an oxygen cylinder, all we have to do is send a message to them and it was sent by the NGO people right at the doorstep at the right time. I am highly indebted for the support provided by EHSAS NGO and appreciate the work done by them for the humankind."
EHSAS NGO,5,i have contacted ehsas multiple times in the past few months and they have been quite prompt and efficient with their oxygen related services and relief work during this pandemic. i really appreciate their work!
EHSAS NGO,1,"70000 is too much for oxygen cylinder, if you really want to help someone , please provide your help at affordable price...."
EHSAS NGO,5,Great work done by Ehsas Group. You people  really done a good job in this pandemic time. Kudus to the Team
EHSAS NGO,5,Ehsas ngo is doing excellent work for water conservation
24x7 Care Foundation | NGO for Senior Citizens,5,"I really appreciate care foundation for their support. My parents live alone in delhi, due to my job requirement I am out of delhi. The NGO has been taking care of them like a family. They are very prompt and highly compassionate for the services. The staff is highly professional and take care of almost everything. Thanks team for being there, you all are doing a great work."
24x7 Care Foundation | NGO for Senior Citizens,5,"We live out of country and our mother who lies alone needed someone to be with her during a cataract surgery. 24x7 Care Foundation stepped in and sent a loving and caring person who escorted our mom to the hospital, waited patiently and …"
24x7 Care Foundation | NGO for Senior Citizens,5,"The concept of a health camp targeted towards police officers and their families is fantastic.  Police work can be demanding and stressful, often leading to neglected health.  This camp provided a much-needed opportunity for officers and their loved ones to prioritize their well-being. Glad to be a part of team 24x7 care foundation."
24x7 Care Foundation | NGO for Senior Citizens,5,"24x7 hosted physical activities and games for senior citizens during Delhi Police Week. As a volunteer ,I learnt a lot . The dedication shown by professionals was commendable. It was a great opportunity to connect with them and contribute towards the society."
24x7 Care Foundation | NGO for Senior Citizens,5,"I volunteered in one of the events which was organised by 24/7 care foundation, it was about spreading awareness among people about laughter yoga and it was so engaging, the main highlight was that we were able to meet elderly people who shared their life experiences with us."
Nitya Foundation,5,"Nitya Foundation is an outstanding NGO making a real impact. Their commitment to positive change is evident in every initiative. Transparent, innovative, and approachable, they create a welcoming space for volunteers. Proud to support such a dedicated organization! ⭐⭐⭐⭐⭐"
Nitya Foundation,5,They are doing great work with great honesty
Nitya Foundation,5,👍 …
Nitya Foundation,4,"Nitya Foundation Best NGO in Delhi NCR bcz Their programs are impactful, their team is dedicated, and the results are tangible."
Nitya Foundation,5,Nitya foundation best
Whitevision OPC Private Limited,5,"Excellent service by Whitevision! I have been filing my Income Tax Returns (ITR) through them, and the entire process is always seamless. They guide you properly on investment options and tax-saving avenues under the law. Very polite, approachable, and highly reliable team."
Whitevision OPC Private Limited,5,“Excellent service and highly professional team. White Vision always provides timely support and guidance. Their dedication and customer-focused approach make the entire process smooth and hassle-free. Highly recommended!”
Whitevision OPC Private Limited,5,"“I had a great experience working with WhiteVision. Their team is highly professional, responsive, and well-versed in all compliance requirements. From documentation to final approval, everything was handled smoothly and efficiently. I truly appreciate their transparency and dedication. Highly recommended for anyone looking for reliable consultancy services.”"
Whitevision OPC Private Limited,5,"“Excellent service by WhiteVision! Their team is professional, responsive, and always ready to help. They make the entire process smooth and hassle-free. Highly recommended!”"
Whitevision OPC Private Limited,5,"WhiteVision is a professional and forward-thinking organization that combines strong customer service, a collaborative workplace culture, and a commitment to excellence, making it a respected company for both clients and employees."
Office Samriddhi Ki Aur NGO,5,This organisation helps me alot and I am thankful for that .
Kalpvriksh-Ek Chota Prayas NGO,5,"Always find this NGO helpful in difficult times and always comes with a helping hand, so whenever anyone is facing any issues regarding blood or below the poverty line
This NGO always helps u out"
Kalpvriksh-Ek Chota Prayas NGO,5,This is a very nice ngo offering many helpings
Kalpvriksh-Ek Chota Prayas NGO,5,"Hey it was great to know about your hopeful journey, id request you to share ur contact. Rest im a mental health counselor looking for volunteering work,if there's any opportunity/openings plz connect."
Kalpvriksh-Ek Chota Prayas NGO,5,I am always feel so proud when I visit in the place were doing work for  social cause ☺
Kalpvriksh-Ek Chota Prayas NGO,5,Doing great for humanity 👍 best of luck to the team kalpvriksh …
Hum Honge Kamyab Foundation,5,Disability is caused by the way society is organized rather than by a person's impairment.
punjabi welfare trust (ngo),5,"Punjabi welfare  trust ngo is helping students they focus on education,  they giving free coaching for NDA aspirants"
punjabi welfare trust (ngo),5,"Punjabi welfare trust in delhi cantt is the one of the best ngo in delhi .
Here they organise different different events for the welfare of needed people and specially for students"
punjabi welfare trust (ngo),5,"Hii i am mubarak , i visited to Punjabi welfare trust in delhi cantt. I like what they work.They organised different cultural event for poor students and awareness campaigns helping towards needful people.one of the best ngo in delhi cantt"
punjabi welfare trust (ngo),5,"Punjabi welfare trust is one the best trust in delhi cantt , they provide free education for nda studens"
punjabi welfare trust (ngo),5,It is the best NGO in Delhi Cantt which looks after the weaker section of our society by making them aware of government schemes.
Sparsh Ngo,1,"I have visited the school thrice for admission. All the time I got the answer that school is closed or admission closed.... That too from housekeeping or driver staff. No authorised person available to talk to. During my last visit saw a parent leaving with the same answer. Outside the school there was no board of Sparsh either. But a board of ""R... school of modern arts and skills"" was on display.

So in my view they have stopped taking student with special needs. They might have closed this special wing."
Sparsh Ngo,1,I've my nephew in this school. They closed the school without informing any parent after corona. Even during covid time there were online class only once a week and that too for an hour. suddenly teacher told one day that the school will be …
Sparsh Ngo,4,"We keep so engrossed in our daily lives, totally forgetting that we should pay back the humanity in some way. It is really motivating that the founders & staff of Sparsh opened gates to such a noble cause. Hats Off!"
Sparsh Ngo,4,sparsh ngo is a non governmental organisations working for mentally disabled child as a school for them school works under mother's pride one thing special is there is a public functional hall on ground floor which act as one of earnings source for this school it is nice place for small family gatherings and  small family programs
Sparsh Ngo,1,I am dis-Satisfied in their programs. They never felt shameful by appointing unqualified person as Special educators. It's the injustice to Disability community.
VridhCare NGO,5,"My experience with VridhCare has been really wonderful. I got the opportunity to spend time with senior citizens and participate in meaningful activities. It was a great learning experience, and I really enjoyed being part of such a positive initiative. Looking forward to continuing my association with VridhCare.” 😊 …"
VridhCare NGO,5,"Recently read about VridhCare Quality of Life Foundation and honestly felt that their work deserves more recognition. Taking care of senior citizens is something people often overlook, but this organisation is trying to bring comfort, support, and dignity into the lives of elderly people who may feel alone or unheard.

It’s really heartwarming to see initiatives like this that remind us how important kindness and care towards elders truly are. 💛"
VridhCare NGO,5,"Really appreciated learning about VridhCare and the work they’re doing for senior citizens. In today’s world, many elderly people end up feeling lonely or neglected, so it’s genuinely nice to see an initiative that focuses on their care, …"
VridhCare NGO,5,"it is a source of hope, care, and dignity for those who often feel forgotten. By providing emotional support, healthcare assistance, shelter, and companionship, such NGOs ensure that senior citizens live with respect and happiness. They remind society that the people who once cared for us also deserve love, attention, and security in their old age. Through kindness and compassion, these organizations create a world where no elderly person feels alone or neglected.❤️☘️ Thank-you vridhcare<3"
VridhCare NGO,5,VridhCare is doing truly commendable work in supporting the elderly and residents of old age homes. Their team consistently provides essential medical assistance and is always ready to step in wherever help is needed. Their dedication and compassion toward senior citizens are genuinely inspiring.
Aman Doot NGO (R),5,Very famous 😄 location in Delhi Shastri park …
Aman Doot NGO (R),5,Aman doot ngo ..all problem solved
Aman Doot NGO (R),5,People's getting their solutions
Aman Doot NGO (R),3,Very femus location
Aman Doot NGO (R),4,Ok
Heal The Globe Foundation,5,"I really need  your help Yesterday, a woman came to beat my mother and treated her badly, using abusive language. This made my mother cry a lot. My mother is 72 years old, and that woman is 36 years old."
Heal The Globe Foundation,5,"Celebrated my husband's birthday with Heal the globe foundation, they arranged the activity of feeding kids flawlessly. we did not call even once to do the follow up and once we reached, beautiful kids were waiting for the meals. Kids were so happy after having their lunch meals and so was my husband after seeing them smiling all the time. they are doing wonderful job by helping needy people with so transparency, would love to connect with them in future."
Heal The Globe Foundation,5,Amazing work this NGO is doing. Be it hunger hygiene health and many more. I have been a part of this NGO since the beginning. Their struggles have strengthened them to strive for serving more and more. Kudos to the Team. Hope more and more people support them in contributing in many people’s lives
Heal The Globe Foundation,4,This foundation is undoubtedly serving the underprivileged in the best possible way. The team is motivated and driven to change the situation of the needy children in terms of providing them with basic resources like home cooked nutritious …
Heal The Globe Foundation,5,"Great initiatives & several noble cause to be associated with, HTGF has been a trend setter in motivating all of us to think beyond ordinary & beyond material pleasure to give back to the society of which we are an integral part. They have been committed to serving the society, filling the critical gaps like global hunger, women hygiene, animal welfare, etc. With a mission of connecting the disconnected, I  wish them all the best!"
DELHI CRIME NGO,1,Sitaram prajapat Alwar Rajasthan India bjp 🌹 to Delhi crime ngo …
Nirvana NGO,5,"Thankful to be a part of Nirvana family. Nirvana believe in consistency of action, Always initiate to give a chance to specially abled children to participate in events organised by Naveenta Ma'am, the founder of the Nirvana World. Naveenta Ji is a gem of a person who always motivate the children."
Nirvana NGO,5,The best place to give confidence to our children naveenta mam is inspiration for society
Nirvana NGO,5,Nirvana is the best platform in Delhi /NCR to give stage to all children esp. Differently abled. Whole hearted thanks🙏 …
Nirvana NGO,5,Efforts put by team are commendable. Naveenta mam is examplary.inspiration for society.
Nirvana NGO,5,The best place to give confidence to All children..a dream world for differently abled.
Mobius Foundation - NGO Sustainability Development,5,One of the great NGOs of Delhi. There foundation organised camps at Trivediganj CHC and Kaisarganj CHC in Barabanki and Bahraich district respectively. The initiative Khushal Parivar Diwas has been a resounding success.
Mobius Foundation - NGO Sustainability Development,1,"A bogus company who loots money and brags illegitimate project in the name of sustainable development. Do not fall prey to their lofty lies. In south Karnataka, they have fell 2000 Plants (timber mafia) to construct something called as Environment School."
Mobius Foundation - NGO Sustainability Development,5,Well managed by a highly learned personality Sh. PRADIP BURMAN.
Mobius Foundation - NGO Sustainability Development,5,"Mobius is an amazing NGO based in Delhi, strongly working on different environmental and livelihood aspects and working on many different projects for better, safe, and proper environmental sustainability."
Mobius Foundation - NGO Sustainability Development,1,"Better to get out of coorg....
If Cutting down hundred acres of beautiful coffee estate and building eco friendly school is your vision... Then please go back to your city..you people have already polluted your city's... Leave us alone..."
Helping Hands NGO,5,"purchase leather bag for delegates the quality of leather bag was just highly commendable budget friendly,
and given timely deadline"
Helping Hands NGO,5,It's really very helpful ngo it's provide course free in cost I like it
Pete (Providing Education to Everyone),5,Stunning work the team do here. Providing education to those who need it. Opening up the journey to tourists provides both visibility to those in different situations and provides funding for the work PETE do. Highly recommend taking a walk with PETE and seeing the work they do.
Pete (Providing Education to Everyone),5,Super work
Human Impact Foundation,5,Recently donated here for tree plantation. They have a good and hardworking team.
Human Impact Foundation,5,"""I have been supporting human impact foundation for over a year, and I am highly impressed by their work. It is heartening to see the tangible impact they create on the ground. Highly recommended for anyone looking to support a genuine cause."""
Human Impact Foundation,5,An amazing NGO doing incredible work for the environment
Human Impact Foundation,5,Working for a Nobel cause
Human Impact Foundation,5,"Great to be a part of such amazing ngo, doing so much for conserving the environment by planting trees and raising awareness."
Save Child Right Foundation,1,"Their staff bombards with messages every month even after you donate and have the cheek to ask you ""Mesaage dekh liya lekin reply nahi kiya.....yeh theek nahi hai"".....""Thoda to tameez rakho reply karne ka"" as if you are obliged to them"
Save Child Right Foundation,5,Good organization and hard working is organization ne education ke sath sath is organization ne last Lockdown mai or second wave mai poor and needy people ko ration distrbute kiya i really thank full and keep it up
Save Child Right Foundation,5,This organisation is very hard working and I m glad that I m engage with this ngo
Save Child Right Foundation,5,They r working very hard and staff are very helpful
Save Child Right Foundation,5,It's a good organization and they work hard. They provided education and distributed rations to the poor and needy during last year's lockdown. I truly appreciate your support and keep it up.
Save Child Life Foundation,5,"Very nice NGO, i have used the service for kid birthday gifts toward poor kids"
Mymenia foundation delhi,5,"Very good oganisation , Very helpfool for humanity. They deserve salute like Army 🇮🇳 jai Hind …"
Mymenia foundation delhi,5,"The Mymenia Foundation stands out as a truly unique organization, committed to delivering invaluable psychoeducation to children who are in dire need of care and protection. With a heartfelt mission, we diligently work towards equipping these young individuals with the necessary knowledge and support to navigate their mental and emotional well-being, ensuring they have the brightest possible future ahead."
Mymenia foundation delhi,5,"I am impressed with Mymenia Foundation who is tirelessly educates underprivileged children, offering personalised attention and holistic development. Their transparent approach and commitment to brighter futures make them worthy of support."
Mymenia foundation delhi,5,Happy to see you guys.. How can I contact you ?
Mymenia foundation delhi,5,One of the best organisation I have seen where they work for children in need and psycho educate the children for their better future. Their services are always best and the team is highly appreciated as they work hard and do critical analysis for every step they take.
Change The Scene,5,"""The mission and goals of the NGO are clearly stated, helping visitors understand the cause."""
CARE INDIA WELFARE TRUST,5,"I approached the NGO to conduct expressive arts therapy workshops and my experience was enriching and comfortable. The staff at the NGO is really cooperative and respectful. Coming to the kids, all of them engaged and were curious of the activities that I conducted there. They show a lot of potential in regards to reflection and expression. I got to experience the ground reality as well as the work that organisations like Care India Welfare trust partake in to improve the overall well-being of underprivileged children. It was such a wholesome experience. Thank you to the organisation for having me! 😊"
CARE INDIA WELFARE TRUST,5,"I’m truly impressed by the work Care India Welfare Trust is doing for the community. Their dedication toward education, women empowerment, and social welfare is remarkable. As a donor, I feel proud to support an organization that ensures transparency, genuine impact, and real change on the ground. Keep up the wonderful work — you’re truly making a difference! 🌿"
CARE INDIA WELFARE TRUST,1,Whatever we have seen as per google review actual picture is completely different …
CARE INDIA WELFARE TRUST,5,Very pleasant and peaceful visit here. Celebrated 26th January 😃😃😃came here for food distribution..I really enjoyed alott here ❤️❤️❤️❤️ …
CARE INDIA WELFARE TRUST,5,Overall experience was very good..I would like to thank the trust for doing so much for the welfare of society. I really would like to visit again.
The Muneer Social Welfare Society,5,This is a Right place
The Muneer Social Welfare Society,5,This is Right Place
Care For Life Charitable Trust,5,"An amazing NGO doing incredible grassroots work for child education, hunger relief, and healthcare access. The dedication of their volunteers is truly admirable. Proud to support their initiatives and highly recommend others to visit and contribute to their cause!
Special thanks to Nirmla.. 🙂"
Care For Life Charitable Trust,5,"I am genuinely thankful to the organisation, in this busy life specially with a small baby it becomes very hard to take out time and spend time with the needy of the society, care for life gives an opportunity to be a part of the good in …"
Care For Life Charitable Trust,5,Nice work he is very supportive ❤️i am very thankful to part of this ngo
Care For Life Charitable Trust,5,I’m fortunate to have been part of Care for life and really Glad to see outstanding work done by them. My appreciation for the excellent work by Care for life and to all the volunteer's. It is greatly appreciated and I'm really thankful to volunteers like Priya Kakkar who guided nicely regarding about all the events and supports they do and how I also Could be a part of this amazing movement and provide the support from my side...My best wishes to Care for life....
Care For Life Charitable Trust,5,Has been an amazing experience. Priya kakkar has been guiding me since the beginning regarding any support I would like to provide. You people are doing an amazing job irrespective of circumstances. Keep up the good work👏👏👏 …
SEWA Bharat,1,"This NGO is a nightmare as they are operating in a Residential area. They are awful neighbours as they keep taking all of the public parking spaces.
SEWA Bharat employees do not have the common decency as they keep parking in front of my house.
It's been years since they have been right next to our home, and every time we don't have our car parked outside our, this park they their own cars.
So everytime I have keep ringing the bell to request them to remove the parked cars.
They are an utter nuisance."
SEWA Bharat,5,"In India poverty of a poor family goes away the month/day it is given atleast Rs.1000/- pm regularly i.e,Rs.12000/- yearly. Apprx. 9 (Nine) Cr poorest families need to be given Direct Cash/Bank Transfer in the a/cs of their housewives per …"
SEWA Bharat,5,Very nice donation with bharat sewa
SEWA Bharat,5,True NGO they really work among needy down trodden human
SEWA Bharat,4,"Good availibility..
Co operative staff.."
Sachkhand Foundation,5,"Sachkhand Foundation is doing truly incredible work for society. Their kindness, compassion, and dedication to helping those in need are genuinely inspiring. Every initiative reflects their commitment to making a real difference in people's lives. It's rare to find an organization that serves with such sincerity, transparency, and selfless passion. Supporting Sachkhand Foundation means supporting hope, humanity, and positive change. My heartfelt appreciation to the entire team for their tireless efforts. May they continue to touch many more lives and grow in their mission of serving the community."
Sachkhand Foundation,5,"I had a wonderful experience volunteering with this NGO. The team is genuinely dedicated to creating a positive impact, and their work reflects compassion, transparency, and commitment to the community. Everyone was welcoming, supportive, …"
Sachkhand Foundation,5,These people are the best.. Influenced by the Jantar Mandir volunteering acts ❤️ go on bravos
Sachkhand Foundation,5,The most important thing this world needs is Sewa and these people are doing it flawlessly
Sachkhand Foundation,5,"The best ever, with experiences worth sharing and memories worth remembering ❤️"
Chetana Conscience of Women,5,One of the best NGOs of Delhi fully focused towards upliftment of marginal and backward people of the country. The management is very humble and it was my fortune to work them.
Chetana Conscience of Women,5,Good ngo working for the betterment of marginalised special focus on the welfare of females.
Chetana Conscience of Women,4,Nice
Vrikshit Foundation,5,"Who knew waking up early on a weekend to plant trees and clean Delhi could actually be fun?  Vrikshit Foundation somehow makes hard work feel meaningful. The team is full of genuinely kind people, the vibes are always positive, and you leave every drive a little more tired, a little more sunburnt, but a lot happier. If you're looking to make a difference and meet amazing people along the way, this is the place."
Vrikshit Foundation,5,Had a great experience with Vrikshit Foundation. The team is genuinely committed to their cause and it shows in the work they do on ground. Transparent communication and well-organized initiatives. Would definitely recommend supporting them
Vrikshit Foundation,5,"I have been a part of this organisation since 2021 and it's been a privilege for me to do something for my society and for the betterment of my country.
The members are all friendly and inspire you to be friendly too, we can learn so …"
Vrikshit Foundation,5,It is so encouraging to see that people are concerned about the environment and taking initiative to make world a better place for everyone.. Hats off to Vrikshit for making impactful efforts through the years... keep going!
Vrikshit Foundation,5,These guys do amazing work. Love their initiative
Bharte Kadam Foundation,5,"I celebrated my birthday here with the kids, and it was a truly heart-warming experience. The NGO’s work is genuine and full of care. Seeing the smiles on the children’s faces made the day even more special. Grateful for this beautiful experience🙏❤️ …"
Bharte Kadam Foundation,5,So much happiness . Bharte kadam foundation is doing great social work for these young children . A smile can change lives . This foundation is perfect example of this that how some less privileged kids but highly privileged from hearts can make your day special . Celebrated my birthday with these children was very overwhelming
Bharte Kadam Foundation,5,Meeting these kids was a wonderful experience for all of us..seeing them happy made our hearts happy. It was one of the best moments of our life and we wish to meet them in future too.
Bharte Kadam Foundation,5,"I had the most beautiful birthday celebration at this orphanage, and it was truly an unforgettable experience. ❤️
The staff was kind, welcoming, and very supportive. Spending time with the children brought me so much happiness. We danced together, played Passing the Parcel, shared lots of smiles and laughter, and created wonderful memories."
Bharte Kadam Foundation,5,"It's a beautiful initiative that these people have taken to disseminate knowledge to underprivileged children 😊 their efforts, flexibility and persistence has made my heart full on my special day today! If you wish to experience what bliss …"
Nirmala Foundation,5,The service is very good there staff behaviour is very good
Nirmala Foundation,5,Service is soo good very helpful
Nirmala Foundation,5,Thanks to helping me Nirmala Foundation Team.
Nirmala Foundation,5,good work ... best of luck
Nirmala Foundation,5,It has always been pleasure to work with Nirmala Foundation
Helping People Foundation,5,Helping People Foundation Great NGO Rajeev ji very helpful person
Helping People Foundation,5,Rajeev ji great nature person &  best NGO helping people foundation
Helping People Foundation,5,The best NGO. Rajiv Sir ( National Head Of HPF). He is very kind and helpfull for anyone at anytime. He Always go beyond there limits to help someone. It's amazing experience to associated with HPF ( Helping People Foundation )
Helping People Foundation,5,such a dedicated NGO towards his aims I salute u Mr Rajiv Kumar ji
Helping People Foundation,5,Best ngo helping people foundation  president   Rajeev ji  v nice person
Pahal NGO,5,They do a really good job towards children and women. Their career counselling session are really helpful and motivating to people like me. They aware us about child rights and cyber security with the help of their sessions.Their sessions are really informative.
Pahal NGO,5,"Pahal NGo gives us a necessary help/knowledge  ( career options). this platform celebrated lot of things like independence day that's why it helps to the children inhance her knowledge and know about how to contribute with society ..
""Best NGo""
Nice experience when I connect ..."
Pahal NGO,5,"This institute focus on education, health care in society.  Pahal ngo seems to be a positive impact on the communities."
Pahal NGO,4,"Pahal is working tirelessly to eradicate child labor and advocacy for women empowerment.
There intervention is praiseworthy"
Pahal NGO,5,Pahal is a reliable and impactful NGO that truly works towards creating positive change in society.
Aanchal,4,This school is for specially abled children. We have personally visited them to distribute small treats. They have around 40-50 students and 15+ staff. Teachers here take good care of the students and teach them various things and also help children doing various activities.
Aanchal,5,A charitable organisation to help the underprivileged kids with special needs to learn and adapt to the society. You can pay them a visit with a prior appointment and ask for a tour and indulge with the most adorable kids.
Aanchal,5,A perfect destination for be down to earth AANCHAL rohini is the best place where you can see the magical creation of God in these kids...
Aanchal,5,Anchal Centre for differently Abled children Education Centre School staff cool and members help person
Aanchal,5,Dedicated training and care for specially abled kids. A divine experience.
Aadi foundation,5,"I had an incredible experience attending the web development workshop organized by Aadi Foundation in Delhi. The sessions were well-structured and covered highly relevant technologies like React, Azure, and more. The trainers were not only knowledgeable but also approachable, making even complex concepts easy to understand.

What stood out was the hands-on approach, which allowed us to build practical projects while learning. The workshop provided a perfect balance between theory and real-world application.

SAM sir was good but wasted bit of time in meetings

Aadi Foundation’s dedication to empowering learners with cutting-edge skills is truly commendable. I highly recommend their programs to anyone looking to upskill in web development and related fields"
Aadi foundation,5,"I had an amazing experience attending the first day of the Aadi Foundation's course. The session was well-structured and highly informative, covering essential topics like HTML, CSS, GitHub, and Microsoft Azure. The instructors were …"
Aadi foundation,5,"The web development workshop was very helpful and covered important topics like GitHub, React, resume building, and Microsoft Azure. It gave me a clear overview and was a great learning experience for students."
Aadi foundation,4,This workshop was a great experience for me as a student. I got to delve into many Web Development technologies and framework that helped me gain more knowledge and skills. Thankful to all involved.
Aadi foundation,2,"I am very happy to have attended the workshop. However, I felt that some of the basic concepts were explained in excessive detail, while more advanced topics were covered too shortly."
SAKSHAM,5,Grassroot organisation working for people.
SAKSHAM,5,I loved a visit there every body should once try to serve to the children's live in NGO s🥺❤️ …
SAKSHAM,5,Nice looking 😍 …
SAKSHAM,5,Nice
SAKSHAM,5,Good place for childrens overall development
NIDAAN (ngo),5,"It is one of the best Ngo I have ever seen , they provide free quality education for financially weak children's"
NIDAAN (ngo),5,I have been there and can say that the overall atmosphere of the ngo is too gud and staffs are so coaprative. Keep it up with your good work. Congrats team NIDAAN
NIDAAN (ngo),5,Nidaan NGO is doing tremendous work for underprivileged kids and shaping their future by providing education. Keep it up.
NIDAAN (ngo),5,Great work..they are doing very nice work for needy peoples and specially for children..great team work keep doing it
NIDAAN (ngo),5,"Amazing Works Have Done By Nidaan Team.

And Also Continued To Helping Society ❤️❤️"
Hope Of Life Foundation,5,They are doing great work keep it up... Guys well done
Hope Of Life Foundation,5,"All of your volunteer work is greatly appreciated.Thank you volunteers, for your amazing generosity and dedication."
Hope Of Life Foundation,4,They are really doing  great work keep it up... 😊 …
Hope Of Life Foundation,5,I am supported for medical I am very  happy for that they give me chance thanks guys
Hope Of Life Foundation,5,Good all volunteers i appreciate you r kid work
Sampurna,3,"Sampurna is a social organization working for development of poor children and women. here girls of poor families can learn stiching and   other short term  courses like beauty and  computer  with minimal amount of  fees.poor children are being educated by some volunteers without some fees.Rohini zone  vidhayak vijendra gupta  also remains  herein day time  and sort out problems of people in the area.  Any one can meet him here  .its an  N.G.O. working for women empowerment and  make them self- reliant.this N.G.O has many other centers in delhi .organisation also raising voice against  crimes regarding women, girls and children
It's nearby  rajapur  and N.K.bagdoriya public school."
Sampurna,5,A nice NGO with friendly staff !!
Sampurna,4,This is an NGO working hard for upliftment of women and children. They are doing commendable job in restricting violence against women. They are quite active and do different types of events related to awareness in people as well. …
Sampurna,4,This is an NGO working hard for upliftment of women and children. They are doing commendable job in restricting violence against women. They are quite active and do different types of events related to awareness in people as well.
Sampurna,5,"It is a good NGO and also provide free education to kids and help all needy women socially. Staff of this organization train their students in varous things such as stichings, studying, drawings, outdoor activities, etc. Ms. Kalpana mam is a very helpful person in the NGO."
Saras Prayas Ngo,5,"Saras prayas is definitely a great prayas in many ways. Be it the socially deprived children or any other group of such individuals, these people need such platforms to help them realize their dreams and utilize their potential and Saras Prayas truly provides them with every kind of support -- guidance for the future or awareness on their areas of interest or mentoring them to achieve what they want from life.
Having got the chance to see these guys work and work along with them in one of their endeavors, I can definitely say that these guys are doing a commendable job. It was a unique and fulfilling experience for me as well and I am surely looking forward to any further such opportunities.
Keep doing the good work."
Saras Prayas Ngo,5,I am associated with Saras Prayas since beginning and really cannot explain the feeling of pride it gives to me being a part of such an association.. This group is all about doing every possible effort to improve or create confidence in …
Saras Prayas Ngo,5,"Nice people , helpful and doing god's work."
Saras Prayas Ngo,5,Nice work in field of youth engagement for slum kids.
Khushi Foundation Delhi,1,"I came across for the first time where you wanted to donate the winter caps for kids and they say we are not accepting donations. Wired and also they say for such query i should better write mail to them.

I dont find it legit. Or may be person attended my call is just lazy person."
Aashray Foundation,5,"I haven't been here for long yet. But the time i have been here, has been astoundingly nice and lovely. I have taught children here, some who wanted to study and some who are made to study. But all of them had really impacted me in a way, no other thing could. One of the most lovely thing is when they say - ""Okay, bhaiya"" / ""Okay, sir"". I am not forgetting this feeling anytime soon :)

they are doing such great work, that it is inspiring even to witness them. glad I am a part of something big

this organization has much more to offer than what I have experienced till now, and so my journey continues.

if you don't believe me. Try them.. :)"
Aashray Foundation,5,"One of the most impactful aspects of my time with the NGO was working with children and families in underserved communities. Whether helping with education programs or providing support through various outreach initiatives, I saw firsthand how access to basic resources and opportunities could dramatically improve lives."
Aashray Foundation,5,"Volunteering at Aashray Foundation was rewarding. The impact on education and empowerment is real, though resources and management could improve. Still, a great place for those passionate about social work."
Aashray Foundation,5,"Aashray Foundation is a compassionate NGO dedicated to uplifting communities through education, healthcare, and social welfare. Their impactful initiatives empower underprivileged individuals, fostering positive change and a brighter future for many."
Aashray Foundation,5,I had a great experience here from past 1 year
Bright Future Delhi Center,5,"This is not the only NGO ✨this is the only place that experiences you what is life ,what is important to do this generation, skills, confidence and etc ⚡l  cannot define this NGO ✨in my word💯 there's teacher is very best and makes students personality according to this era thankyou teacher for giving me wonder Full life with experience. Thank you so much 🩶🩶"
Bright Future Delhi Center,5,"Hello I am Rahul, I have to give 12th class exam, after that I came to Bright Future, I had a lot of expectations from Bright Future but after coming, Bright Future landed on my exception, I came here After coming here he taught me English …"
Bright Future Delhi Center,5,"Environment  is too good
Its boost my confidence  and communication  skills  all teacher are so suppoartable  and aspirants  too"
Bright Future Delhi Center,5,"I am extremely happy with my experience at Bright Future Institute. The faculty members are highly knowledgeable, supportive, and dedicated to helping every student succeed. The learning environment is positive and encouraging, and the teaching methods are interactive and easy to understand.

The institute not only focuses on academic growth but also helps in developing confidence and communication skills. Regular assessments, doubt-clearing sessions, and career guidance provided by the team are truly helpful."
Bright Future Delhi Center,5,"Great learning experience at Bright Future Delhi Center! The trainers are helpful, and the atmosphere is motivating. I’m really happy with the progress I’ve made here."
EDU-SSA FOUNDATION - Top ten NGO in India,5,All things are gud...and transparent so guys don't give bad reviews
EDU-SSA FOUNDATION - Top ten NGO in India,5,Done
Kamakhya Lok Sewa Samiti,1,Called to enquire about Domestic Violence Shelter. The person on the phone was very very rude and abusive. Started asking “Do you even know what Domestic Violence means”
Kamakhya Lok Sewa Samiti,1,"I tried to get help from them but they straight said , Isme NGO kya kar sakti hai , and that too very rudely."
Kamakhya Lok Sewa Samiti,5,Best ngo in Delhi for domestic violence and rape cases and sexual harrasment and this NGO's members are very cooperative and polite
Kamakhya Lok Sewa Samiti,5,"The best NGO I have visited so far, they are into many good things. They have shelters and judiciary for local community and the staff is very polite and welcoming."
Kamakhya Lok Sewa Samiti,5,Thanks to Kamlesh mam. It was a wonderful experience. We were able to help people
Meals for Life Foundation (NGO),5,"It's a great organization that helps those in need, whether they are men, women, or any other gender, children, elderly people, or animals.  Much admiration for your group.  May God continue to bless you."
Meals for Life Foundation (NGO),5,"Meals for Life is doing incredible job. Their dedication to serving fresh, nutritious meals to those in need is truly inspiring. I’ve personally seen the compassion and commitment of the team, and I believe their work is making a real difference in the community."
Meals for Life Foundation (NGO),5,"Thank you for your impactful work. Your efforts are creating real change in the community, and it’s inspiring to see the positive difference you’re making."
Meals for Life Foundation (NGO),5,I wish you good luck guys
Meals for Life Foundation (NGO),5,Thanks to the team. I appreciate there efforts. We were able to help punjab.
Walking Star NGO Roti Bank Delhi,5,Best ngo
Walking Star NGO Roti Bank Delhi,5,Great 👍 …
SMB Foundation,5,"We visited SMB Foundation for a dental camp on Children’s Day, and it was a really nice experience. Everyone at the NGO was warm and welcoming, especially Lokesh Patel ji, who is very humble, soft-spoken, and genuinely dedicated to the cause.

The foundation is doing meaningful work for underprivileged children, helping them with education and many other needs. Their efforts truly deserve appreciation. We’re always happy to support the NGO in any practical way possible. Thank you for having us."
SMB Foundation,5,"I'm father of myra I'm love in the shahabad EXTN we can't afford such facilities. It's help my child to grow also now i believe that my child will definitely become a government teacher soon because ngo support us so muchh .by the activities, knowledge exchange and filing learning gap thanku so mujhe rishi sir lokesh sir."
SMB Foundation,5,"I'm Hussain shekh parent of rehan and rehana I'm very thankful for the support of smb ngo specially I can see very clear difference in rehana she topper in the class , and also very good in english.they learnt discipline daily life skills …"
SMB Foundation,5,I'm here as a teacher and sir and ngo is very supportive to me here we are trying to do all round development and we are doing them educational support by play way method our kids doing very well . Thnku Lokesh sir to support us
SMB Foundation,5,I'm parent of sufiya I'm very happy to the progress of sufiya specially in english very incredible she behaves very good and become more decent and progressive child thanku so much Lokesh sir and smb ngo
All India Society of Education,5,"All India Society 🇮🇳 of Education good Teaching 👍 and Training. I am a trainee 💪
Our Training Centre 💪 Howly(Assam).Asistant Electrician Course. …"
All India Society of Education,1,One of the worthless company name as all india society education but the founder is uneducated and money minded. name of the skill and education just earning money. go and watch his office you will find in small house....unprofessional office. I do not under how come they got skill development project. They never give placement to candidates.
All India Society of Education,5,"I'm the trainee under this institution, from last 2 months on assistant electrician course. Im happy to get this institution i learn so many thing from this. Its a good skill institution."
All India Society of Education,5,I am studying a course  in assitant electrician at howly training centre. It so good and it will success my aim in electrical work And i love it  .
All India Society of Education,3,"Very very nice😊👍 wonderful✨😍✨😍✨😍 super 🥰😍😌😗🙂😇very nice course😍😍❤😍😍❤🏬🏬💗✉✉💗✉✉💗
💗✉✉💗✉✉✉
💗💗💗💗✉✉💗 …"
Devyansh Foundation,5,"Devyansh foundation stands out as a commendable Non Governmental organisation dedicated to improving the lives of rag picker children through a variety of impactful initiatives. Their approach, characterized by a blend of direct aid and empowerment, demonstrates a genuine commitment to making a difference.

One notable aspect of the work is the distribution of essential items such as oral health kits and plants. The oral health kits are a vital resource, addressing a significant gap in the basic healthcare needs of these children. By providing toothbrushes, toothpaste, and other dental care products, Devyansh foundation is not only enhancing their immediate well-being but also contributing to their long-term health and hygiene.

Additionally, the donation of plants is an innovative and thoughtful gesture. This initiative serves multiple purposes: it introduces the children to the concept of nurturing life, provides them with a sense of responsibility, and can even foster a connection to the environment. Such activities help in cultivating a sense of normalcy and joy amidst their challenging circumstances."
Devyansh Foundation,1,I was looking for an NGO to donate some old but usable clothes and came across Devyansh Foundation online. I called the number provided and asked a simple question — “What does your NGO do?” …
Devyansh Foundation,5,"Devyansh Foundation is really working a lot for such needy children and family, and i would really like appreciate them a lot.I must say that NGO is doing a great job and making a difference  with poor students who were not able to get the faculties."
Devyansh Foundation,5,"Devyansh foundation is working from tremendously with the community of the children.
I can say the founder- Mr. Mayur is very humble person and very helpful for …"
Devyansh Foundation,5,"Divyansh Foundation really doing something meaningful for the children in need by donating health kits and encouraging plantation drive, etc

I appreciate their hardwork and hope that Divyansh Foundation will surely achieve the goal they dream."
SAT KARTAR NGO,5,This is our own office❤️
TREE AND YOU,5,"Tree and you it's a great campaign. Love to more plants and trees to save our environment,our future and upcoming generation. Tree and you doing a great work and I am happy that I am part of this campaign."
TREE AND YOU,5,"These people are doing great initiative towards the environment, we really need more organizations like this one, we are at the peak of destruction of this planet. Save the planet before its too late! Join hands with them and let's plant more and more greens!"
TREE AND YOU,5,Excellent job to save our environment. Everyone must plant a tree and save our earth .
TREE AND YOU,5,Very Nice and Tree and You is a very good NGO and all of us are happy to serve for our environment
TREE AND YOU,5,Atleast someone is thinking about it. Good job
Aarohan NGO,5,"Aarohan NGO is a remarkable organization and Their commitment to providing quality education, especially for children, and fostering opportunities for women and youth is truly inspiring. If you're looking to support a cause that genuinely transforms lives, Aarohan NGO is an excellent choice."
Aarohan NGO,3,Not so much clean   lot's of unhygienic condition inside ngo. Average experience
Aarohan NGO,2,The place was very unhygienic no cleanness
Aarohan NGO,5,Very Good
Aarohan NGO,5,Good behaviour
Manav Sewa Charitable Society,5,Nice sir
Manav Sewa Charitable Society,5,Nice
Manav Sewa Charitable Society,5,Saddle
GAYAN UDAY (NGO),5,He is duing good job
GAYAN UDAY (NGO),5,I study.it is good
GAYAN UDAY (NGO),5,Good in teaching
GAYAN UDAY (NGO),5,It help others
GAYAN UDAY (NGO),5,Good
Roti Bank Rohini,5,A NGO serving needy people food free of cost every needy person
Roti Bank Rohini,5,Hats of to the Roti Bank as they are serving 1000 + people daily.
Roti Bank Rohini,5,"will give them all five star ratings as they people are doing very very Nobel task to feed the actual needy ,they just started a counter at exact opposite Aggarwal bhawan beside of CRPF public school Rohini from where any one can take meal just free of cost. I mean it's amazing for human kind"
Roti Bank Rohini,5,Roti Bank Rohini Delhi is excellent serving necessary food to poor/Handicapped/Seniors Citizen/Blinds/in schools at their own place where desired by those needy people's in entire Rohini at their residences with due respects.
Roti Bank Rohini,5,Roti bank rohini working for social cause. Feeding  lot of genuine people.
Cancer Aid Society Delhi,5,"""I received help from a wonderful organization that offers support to cancer patients. Their team was knowledgeable and caring. I'm so thankful for their assistance during a difficult time.""
- ""The Cancer Patients Aid Association is truly an amazing organization. They provide excellent support and care for cancer patients and their families.""
- ""I had a great experience with a non-profit organization that offers support and assistance to cancer patients. Their team is highly knowledgeable and compassionate.""
- ""CPAA has been a great support system throughout my cancer journey. The services they provide are exceptional.""
- ""I am extremely satisfied with the services provided by the Cancer patients aid society - india. They have been a great help in my cancer journey.""
Thank you Dr. Rachana Seth
&Lela Mam"
Cancer Aid Society Delhi,5,The society is doing a great job to help the needy
Cancer Aid Society Delhi,4,Rahul Kumar
CHILDREN (The core of our existence),5,Sponsoring  2 children for 5 years ..Visited them in Calcutta and Delhi..very best organization ...very transparent !
CHILDREN (The core of our existence),4,Good health children
CHILDREN (The core of our existence),5,Is very important and good children school and work on the teacher
CHILDREN (The core of our existence),4,A ngo helping poor childer for education and sanitation
CHILDREN (The core of our existence),4,Helping poor children who not afford for study
Pratigya Educational Initiative Society,5,This is a good NGo we are learning so many things from our trainer.
Pratigya Educational Initiative Society,4,Free institute for 12th passed student and he/she have to 18+
Pratigya Educational Initiative Society,5,Nice work done by the hardworking team
Pratigya Educational Initiative Society,3,Nice institute and teachers are good and supportive
Pratigya Educational Initiative Society,5,It's a pioneer education centre for the needed youth.
Vrikshit Foundation Public Library,2,"Please note that the address listed on Google is incorrect. For your convenience,  request you to visit  at
E-1/225 the correct address .
RIGHT ADDRESS IS E-1/225 .....SECTOR 11 ROHINI"
Vrikshit Foundation Public Library,5,Libraries are the best place to gain knowledge and that to if it’s public what’s better than that. The cost is low plus you get to meet people for your surroundings only which leads to better understanding.
Vrikshit Foundation Public Library,1,"Students at library don't have sense how to talk and even there is no number mentioned in or outside the library for inquiry or for admission in the library
I went to library and the students denied to give the number of the head …"
Vrikshit Foundation Public Library,5,"Proper lighting and sitting arrangement , peaceful environment,  peaceful place for comfortable study, no parking problem as well"
Vrikshit Foundation Public Library,5,"Very minimal chargers, quite and clean place to study. Availability of study material is also great."
Save greenery NGO,5,Save Greenery ngo doing great job for environment and social service.last month I visited there for environment knowladge and I learn lots of thing about nature .
Save greenery NGO,5,Save Greenary NGO doing really very good job near me in parks they save plant or poor or unhealthy animals to die keep it up guys
Save greenery NGO,5,Save greenery ngo is doing great for environment conservation.
Save greenery NGO,5,I have learnt many knowledge about nature .
Save greenery NGO,5,Osm place Eco frdly plase support them
"""Umeed Ki Kiran"" NGO",5,Sabir
Ashima Foundation Tata Power DDL VTC 2,5,👍 …
Ashima Foundation Tata Power DDL VTC 2,1,This institute did not give my certificate because I did not sign the attendance sheet but they had 2 sheets about which I had no knowledge and I had gone back after giving the exam there and due to this my certificate was withheld  Went …
Ashima Foundation Tata Power DDL VTC 2,5,"Very good is taught here and after coming here, I do not feel like going and the teachers here are also very good, especially our Babli Pankaj maam and if we do not understand anything then maam explains that thing 10 times and the rest here  Staff is also very nice, talk to the best."
Ashima Foundation Tata Power DDL VTC 2,1,"The staff is really bad specially the centre head and stitching teacher both are too much oversmart but doesn't have 1percent of knowledge , you should appoint capable staff members who are not so rude atleast and are literate in real manner ."
Ashima Foundation Tata Power DDL VTC 2,5,"I am also a SHG GIRL, Stiching teacher is very nice and responsible, there are no issue about her. I am happy to join the VTC11."
Manthan Foundation,4,Best place in this area for football. Trained coaches are there for imparting training to youngsters.Maintained ground and other amenities. This NGO is helping kids from poor family by bringing them in sports. All the best.
Manthan Foundation,5,Elite training setup for grassroots to under-19  teams. Chinmoe sir is a licensed football coach with experience of developing amazing talents and teams of all ages. …
Manthan Foundation,5,Great place to be. Above all ambience is beyond expectations. Efforts put in by Chimoy dada and hi accomplices deserves loads and loads of respect and appreciation
Manthan Foundation,4,"Best academy! Coach's friendly nature,full of fun and disciple is so good⚽❤️"
Manthan Foundation,5,This is nice place to start learning football with affordable price
Him Samajik Sangathan,5,"HSS is a sangathan providing social services to people by arranging Blood for  Paitent , Parichay Samaleyan to Himachli Boy & Girl, organising Health checkup camp at Delhi and various part of Country. Helping by financial  to people for …"
Him Samajik Sangathan,5,"HSS is a sangathan providing social services to people by arranging Blood for  Paitent , Parichay Samaleyan to Himachli Boy & Girl, organising Health checkup camp at Delhi and various part of Country. Helping by financial  to people for …"
Him Samajik Sangathan,5,Good initiative by NGO. it will help to poor people.
Him Samajik Sangathan,5,Good People for the Good cause.
Him Samajik Sangathan,5,Excellent 👍 …
SHIV ASHRAY - THE OLD AGE HOME,5,"Very good place for Senior citizens, they get good food of choice, all rooms are provided with attached Toilet and bathrooms. Rooms can be shared by two people at max. Rooms are Air-conditioned. Common room facility, Ambulance for medical emergency also available round the clock."
SHIV ASHRAY - THE OLD AGE HOME,4,Organization is doing noble cause to help the seniors of society
SHIV ASHRAY - THE OLD AGE HOME,3,Nice and well maintained /politely speaking staff
Delhi rohini sec 3,5,"Rohini Delhi , house making raste vada pav And fry green chillies.. enjoy friends"
Anugrah Jansewa Mandli Trust,5,"Good trust.
Nice work"
Anugrah Jansewa Mandli Trust,5,Excellent 💯 trust …
Anugrah Jansewa Mandli Trust,5,Good trust
Anugrah Jansewa Mandli Trust,5,Good work trust
Anugrah Jansewa Mandli Trust,5,Good job trust
Marooned Paws,5,I don't have money do ur marooned paws provide free food for strays?? So I have take and feed them be a volunteer 🙂🥲🥹😓 plzzz having no money but still have a dream to feed all dogs …
Marooned Paws,5,Very help full
Marooned Paws,1,Uggly
Rishi keshav Ngo Library,5,Nice library according to ngo fees is very baffordable
Rishi keshav Ngo Library,5,Nice library for reading fabulous
Rishi keshav Ngo Library,5,Nice library for self reading
Rishi keshav Ngo Library,5,nice
prayas ngo,5,"Best NGO work, it's amazing work ,"
GROW(Youth)- Dr. Reddy's Foundation,1,"Bad experience dr Reddy's Foundation I did a 48 day course from Dr Reddy's Foundation which is located in Badli Gao in Delhi but got placed in the job but faced many problems.But Dr Reddy's wala did not do any solution, only bad company …"
GROW(Youth)- Dr. Reddy's Foundation,5,Place for training is good and well teaching & supporting faculty with placement for job is good training centre for certain learning skills
GROW(Youth)- Dr. Reddy's Foundation,5,"Dr. Reddy Foundation. it is very good institute.
Learned a lot by coming here, helped in getting a job.my experience was great."
GROW(Youth)- Dr. Reddy's Foundation,1,Very bad service not all students same help I am calling almost 8 days of company but not help me is company
GROW(Youth)- Dr. Reddy's Foundation,5,Very Good experience and 100% job placement...& Special training facilities..✌️✨
World Human Rights Organization,5,Best wishes for good work organisation doing
World Human Rights Organization,5,Best wishes for WHRO
World Human Rights Organization,5,Nice work Sir
World Human Rights Organization,5,Excellent
World Human Rights Organization,5,Best organisation
Kanyadaan Foundation,5,Many commendable works are being done by Kanyadan Foundation. This is a wonderful organization which also helps financially in the marriage of poor sisters and daughters. …
Kanyadaan Foundation,5,"Dedicated towards society
Real social heroes
Happy to share my experience …"
Kanyadaan Foundation,5,"As much as you say about this product, I will tell all the girls once you will like Kanyadaan Foundation's Centery Pads"
Kanyadaan Foundation,5,"Appreciatable and a very Hardworking platform 💫💫
Salute of your Work👏 …"
Kanyadaan Foundation,5,Good job
twinkling miles foundation,5,Initial stage of NGO good lead trainer achieving for new miles
twinkling miles foundation,5,Best NGO for women. We must support this.
twinkling miles foundation,4,Basic stitching courses and parlour courses available here
twinkling miles foundation,5,"Small center, but good for learning..

⭐⭐⭐⭐⭐ …"
Shubhakshika Bal Ashray,5,A very selflessly run NGO by dedicated staff members who genuinely care for the well being of children.
Shubhakshika Bal Ashray,5,Manage and care properly
Shubhakshika Bal Ashray,5,Loved th
Shubhakshika Bal Ashray,5,Excellent work done
Shubhakshika Bal Ashray,4,For orphant child
Aim of Care Youth Empowerment Foundation,5,Great work
Indraprastha All India Sports Foundation,5,Best NGO in India IAISF organizing Health Education camps. Very good work.
Indraprastha All India Sports Foundation,5,It's an NGO and helping alot of under privileged people.
Indraprastha All India Sports Foundation,5,Best sports NGO in india
Humanify Foundation,5,"Humanify Foundation is indeed a great NGO based in Delhi, working for elderly care, mental health, menstrual health & happiness sessions through out India. Under the leadership of Niraj Gera sir, it growing rapidly"
Humanify Foundation,5,"One of the most trusted NGOs working on the grassroot level nationwide on their MHM initiative Happiness Express, Elderly Care Projects (specially their Aanandam Old Age Home) , Happiness and mental health sessions."
Humanify Foundation,5,"Humanify Foundation has been doing tremendous amount of much needed work in spreading awareness about menstrual hygiene amongst all sections of our society, especially under privileged school children. Respected Niraj Gera Ji has travelled …"
Humanify Foundation,5,"I feel blessed to be part of this organization, which works on mental and mansturation health and also runing an old-age home in such a beautiful and compassionate manner."
Humanify Foundation,5,"My best wishes to the sincere efforts made by Team Humanify for menstrual health, MHM Initiative,  elderly care , old age home and much more 🚩 …"
Youth Veerangnayen,5,"Youth Veerangnayen is an NGO working on absolute ground levels, be it their free stitching centres, or other skill training programs, or the essential distributions, or the awareness seminars in schools. I wish you all the good luck for your future endeavours."
Youth Veerangnayen,5,Youth veerangnayen team is really a good team. They have done so many humble work and infact they are doing awesome work for the needy people by providing food and other needy things to them. I appreciate them and hats off to them for their work🫡🥰 . God always give them strength and motivation for doing such things. …
Youth Veerangnayen,5,"Youth Veerangnayen are doing relentless efforts for making our country a better version of itself. I have myself witnessed their work by the team in Hisar, Haryana. Their one of free coaching centre is near my vicinity. I wish more strength to them for continuing the great work."
Youth Veerangnayen,5,"Youth Veeranganyen Foundation ✨

A movement born from the heart, for the strength of every woman. It’s not just …"
Youth Veerangnayen,5,This organisation has been consistently working on ground levels. Thrilled to see the overwhelming hard work put on by the team members. The world sincerely needs these types of organisations for sustainability and viability. My sincere …
Child Home NGO,4,Good NGO for poor students. They teach them free and provide them with basic amenities
Child Home NGO,5,Nice
Swami Vivekananda Samajik Chetna Trust,5,"This trust helping people who are ignored or discriminated against because of their disabilities or backgrounds. Trust give shelter to visually impaired and provide them food, clothes, medical facilities."
Swami Vivekananda Samajik Chetna Trust,5,"I am Saroj kumar visually impaired living in this sanstha, I feel very secure, comfort and calm. Santha is always a helping hand for me."
Swami Vivekananda Samajik Chetna Trust,1,"101%Fraud, Never donate for this. Making fool to innocent people."
Swami Vivekananda Samajik Chetna Trust,1,Froud don't give any money
Swami Vivekananda Samajik Chetna Trust,5,Muslim place
Sukoon Villa Foundation,5,"Sukoon Villa qualifies to be one of the best rehabilitation center for females, which empower women to gain the strength and take her talent out to give the best of her. Considering the world  of competition and unnecessary pressure, Sukoon …"
Sukoon Villa Foundation,5,Best of the best rehab infact i should say temple instead of rehab as it actually saves life and changes life from worst to excellent . Best staff with best facilities in low price . This all  is possible because owner is equal to GOD! She …
Sukoon Villa Foundation,5,"Best rehab , with good facilities
I came for psychiatric treatment, I lost everything, suffered by acute depression. But after the treatment my life is completely changed. Thanks to Sukoon Villa, all staff are very cooperative and supportive, very very thanks to all to save my life .🙏🙏 …"
Sukoon Villa Foundation,5,"This place is very safe for women. It's really good, clean, very loving staff. It's just like a second home. I highly recommend this for women on my personal experience 👍👍👍 …"
Sukoon Villa Foundation,5,"Shipra Ji you are doing good job and servicing the society it's god gress on you.
,,😙Beauty mind always  does Beauty work😎. ✌️👌👍👏 …"
Alpha library,5,"This Library is best in this locality, here seats are good , atmosphere is positive and mostly importantly management team is very supportive."
Alpha library,5,"Peoples are so much friendly
Great experience i can't express in words"
Alpha library,5,Amazing library. AC works perfectly. Mr. Akshay stays available all the time. Have been studying here for 2 years. No complaints. Have even passed all my government documents exams. Thankful to Mr. Akshay.
Alpha library,5,"I am immensely grateful for the invaluable support and resources provided by the library during my preparation for the government job. The serene ambiance and helpful staff truly created an ideal environment for focused study. The library played a pivotal role in my success, and I highly recommend it."
Alpha library,5,"One of the Best library in Rohini because the environment and people are very polite,
1. Best peaceful place for study, …"
Kamyadaan Charitable Trust,5,Ok
The Shri Ram Wonder Years,5,"The teachers are caring, supportive, and genuinely invested in every child’s growth.
The school provides a safe, nurturing, and joyful learning environment. …"
The Shri Ram Wonder Years,5,Best place in Delhi to inculcate values for our little ones. We had an amazing experience during our daughter's stint. She always cherished going to school. …
The Shri Ram Wonder Years,5,"I want to extend our heartfelt thanks to each and every one of you. Thank you for creating such a warm, joyful, and nurturing environment where our little one could learn, grow, and shine. There is a visible change in our child’s …"
The Shri Ram Wonder Years,5,"Good school, good responsible teachers"
The Shri Ram Wonder Years,5,"Place is full of love and warmth, top to bottom everyone is involved in pampering and provide a loving environment to kid. Your child will be settled with utmost love and care. You can trust the school with your eyes closed."
Apeksha Welfare Society,5,"Excellent NGO in North West Delhi, on the path of Serving People"
Ashima Foundation Tata Power DDL VTC 3,5,Good study
Ashima Foundation Tata Power DDL VTC 3,5,❤️❤️
Ashima Foundation Tata Power DDL VTC 3,5,The beautiful place 🤩🤩☺️😊📸 …
Ashima Foundation Tata Power DDL VTC 3,5,Good Experience
Ashima Foundation Tata Power DDL VTC 3,2,"Hello, I have also been a student of Tatapower's Ashima Foundation. Everything is fine here but if the teacher is changed and the student is on leave for some reason and at the same time the teacher is changed, then the new teacher says that you are not my student. Is this right?"
Bhartiya chaurasiya Sanghthan,5,"Divakar Chaurasia
W Champaran"
Shaheed Smriti Chetna Samiti,5,"Great NGO of India, who is distributing knowledge of all freedom fighter of literature among the youth, they organize desh bhakti olympiad."
Shaheed Smriti Chetna Samiti,5,My world my future most best person mere guru ji
Shaheed Smriti Chetna Samiti,5,"To understand Indian cultural heritage, one must understand India's historical events, archaeological evidence, sites, martyrs, and folklore. Martyrs must be internalized."
Shaheed Smriti Chetna Samiti,5,"The only institution in India dedicated to the unknown martyrs who sacrificed their lives for the freedom of the country, which first established its museum in the Red Fort. The committee also has museums in Delhi Assembly, Vrindavan, Katra and Jallianwala Bagh."
Shaheed Smriti Chetna Samiti,5,Very patriotic organization. Specially Prem Shukla ji Patriotic Singing.
Ank NGO Vocational Training Center,5,Great ngo for girls to learn digital marketing and spoken English
BPMS Library,4,"You can drop the household items here which are lying theirnin your house for more than 6 months to 1 year,unused....they drop all your donated new/used items (from electronics,to toys,clothes,utensils,stationery,Mata ki chunaris,ladoo …"
BPMS Library,3,"This place is managed by Bhiwani pariwar maitry sangh.
If you are a student or senior citizen and looking for space to sit and study, investyour time with same age group people, you at the right place. …"
BPMS Library,5,Well managed AC LIBRARY
BPMS Library,5,Cool library with free coffee and tea for its members.
BPMS Library,5,Well maintained library excellent
Being Human Clothing,1,"DO NOT VISIT THIS STORE OR YOU WILL REGRET.
This store is  worst store of being human I ever come across too
I purchased 5 articles and all the articles were defective I returned one after …"
Being Human Clothing,5,Obviously Salman Khan brand provides all clothing option for all.
Being Human Clothing,2,Good collection but staff needs to improve their service & behavior
Being Human Clothing,5,The famous line of clothes by Salman Khan. The collection is for the new Indians.
Being Human Clothing,5,People over here helps u find the perfect attire for u very helpful staff
Om Documentation,5,I needed my PAN card updated urgently and they delivered ahead of schedule. Their document verification process is smooth and digital-friendly. Saving this service for all my future documentation needs!
Om Documentation,5,Excellent professional advice for best results. Really great
Om Documentation,5,It's great and have quick service has actually helped me alot
Om Documentation,4,Awesome and very best solution provider. Had a great experience working with them.
Om Documentation,5,Best place for marriageregistrationsolutions without delay. Easy and quick documentation support.
Advocate Neha Batra & Associates,5,"I highly recommend this lawyer for anyone seeking a divorce attorney who is truly honest and dedicated. She approaches her work with seriousness, integrity, and a strong sense of responsibility. Her professionalism and commitment to doing …"
Advocate Neha Batra & Associates,5,Very professional and knowledgeable advocate. My experience was very smooth and Neha mam made this tough phase very smooth for me. Highly recommended and one of the best lawyers in Delhi
Advocate Neha Batra & Associates,1,She rarely appeared in cases in high court and supreme court of India. When dv is filed in Delhi where one partner is not resident cases needs to be quashed . She didn't do . I approached another lawyer for it. …
Advocate Neha Batra & Associates,5,Adv. Neha Batra is an exceptionally knowledgeable and dedicated lawyer. She handled my case with great professionalism and kept me informed at every step. Her calm approach and strong understanding of the law gave me a lot of confidence. I am truly grateful for her hard work and highly recommend her services.
Advocate Neha Batra & Associates,5,Neha Batra ma’am and her team are the best when it comes to Divorce cases. She has been extremely helpful in her advice and handling all the legal matters pertaining to my divorce situation and she helped me navigate it with ease. I am …
Studykul Library,5,Very nice and peaceful pla
Studykul Library,1,Not posting outside photo
Studykul Library,5,Very peaceful environment for study with all necessary infrastructure.
Studykul Library,5,Mind blowing ❤️❤️
Studykul Library,5,Nice place  for study & Nice environment..
Udaan-The Center Of Theatre Art & Child Development,5,"Thank you so much for giving our children such a wonderful experience through theatre. Watching Reyaansh perform on stage for the very first time was a truly special moment for us, and we couldn't have been happier. …"
Udaan-The Center Of Theatre Art & Child Development,5,"A huge congratulations and thank you to the Udaan team for such a brilliant theatre program today!
The event was beyond our expectations. The way the teachers identified each …"
Udaan-The Center Of Theatre Art & Child Development,5,"The dedication and efforts of the teachers are commendable.
Thanks to  Sanjay Sir, Shobha Ma’am, Payal Ma’am, Nilakshi Ma’am, Meetali Ma’am, and the entire Udaan Team😊 …"
Udaan-The Center Of Theatre Art & Child Development,5,"Theatre is believe to create a new YOU"".
Being from a creative field myself,i was looking for something magical for my daughter lavanya whose personality,life choices are different.But I made sure i …"
Udaan-The Center Of Theatre Art & Child Development,5,"Thank you to the entire theatre team for the incredible learning experience and stage exposure provided to my child. We have seen a wonderful boost in confidence, creativity, and self-expression. Your guidance, patience, and encouragement …"
Tax Deliver,5,Tax Deliver and her team helped me a lot in creating my GST number for my clothing brand soul heaven. The entire process was very smooth and hassle-free. They guided me properly at every step and were always supportive and responsive. …
Tax Deliver,5,Amazing service. They guided me properly and handled the process professionally. I appreciate their support and timely assistance throughout the GST application process.
Tax Deliver,5,"I have worked with team to register my company. Superb Team, Best in what they do and amazing handholding. The team has made the entire process smooth and they closed the entire work in record time. …"
Tax Deliver,5,Good professional and prompt services. Really glad to associate with Team Tax Deliver and Mr Gaurav Aggarwal for all our accounting needs
Tax Deliver,5,"Tax Delivery made my GST registration completely hassle-free. The CA is very kind, patient, and approachable, and the team is highly knowledgeable and professional. Everything was explained clearly and handled smoothly with great attention …"
NGO rAHi - NGO in Delhi (NGO in India),5,This ngo works very good at crpf camp & trauma center. Aiims delhi. Good bless team
NGO rAHi - NGO in Delhi (NGO in India),5,Great work at crpf camp aiims trauma centre delhi
NGO rAHi - NGO in Delhi (NGO in India),5,NGO RAHI is the best ngo in  India for education and woman empowerment. It works in its field very honestly and  dedicatively. I know it personally
NGO rAHi - NGO in Delhi (NGO in India),5,Best NGO in the field of education....... I am going there for last 7 months.......It contribute in the upliftment of the society by teaching students in the slum areas
NGO rAHi - NGO in Delhi (NGO in India),5,"Superb👌really they are doing good work, keep it up... It's really best NGO in delhi …"
Cry Child Foundation,5,"The food distribution event held at Peeragarhi Camp in association with the CRY Child Foundation was truly a heartwarming and successful initiative. Organised on the birthday occasion of the Managing Director of Style & Shine Essentials, …"
Cry Child Foundation,5,"We visited them today, and it was a great experience. All the kids were very interactive and respectful. I actually miss those kids already and would want to visit them again. You can help them also by providing some funds so that these kids get better education. You can trust this review 🥰 …"
Cry Child Foundation,5,"I had a wonderful experience with Child Foundation. Their dedication to improving the lives of underprivileged children through education, healthcare, and overall development is truly inspiring. The team is compassionate, transparent, and …"
Cry Child Foundation,5,Our visit to CRY CHILD FOUNDATION was truly a wonderful and inspiring experience. It was a joy to meet the children and see their enthusiasm for learning. The Foundation is doing remarkable work by supporting underprivileged school children …
Cry Child Foundation,5,"We had the opportunity to visit this NGO recently, and it was a truly meaningful experience. The team is doing commendable work with genuine dedication and care. Their efforts towards helping the community, especially the children, are …"
YOUTH EMPOWERMENT FOUNDATION,5,Since the time I got connected with this foundation I have evolved as a Better person. The work these guys do here is commendable and worth praising. I'm thankful for having me here and will always keep supporting. …
YOUTH EMPOWERMENT FOUNDATION,5,"My experience with youth empowerment foundation is great. I loved the way they work and motivates other young people to come forward and help needy ones. Especially in this corona time period, the work done by YEF is commendable."
YOUTH EMPOWERMENT FOUNDATION,5,"YEF is doing amazing work for the society ! This NGO works very  hard for the upliftment of the poor during this pandemic and they are providing the necessity things to the needy ones and taking care of them . Glad to be a
part of this organization."
YOUTH EMPOWERMENT FOUNDATION,5,YEF is doing a great job proud to be a small part of it !!!!! You get to knw the situation of the country and what needs to be done the number of people starving everyday just breaks my heart but good so see YEF taking an initiative and trying to help out these helpless souls!!!!!
YOUTH EMPOWERMENT FOUNDATION,5,YEF is doing a great job helping the underprivileged children and shaping their future.  It's really commendable how well they put forward their idea and have been helping people out there specially in this time of pandemic.
Womenite,5,"Womenite is creating a real difference by addressing crucial issues like menstrual hygiene, gender equality, and social awareness. Their dedication to breaking taboos and empowering women is truly inspiring. The way they engage with …"
Womenite,5,"Womenite stands out as an inspiring organization dedicated to building a more inclusive and empowered society. Their commitment to women’s equality, children’s rights, and social awareness is truly commendable. Through impactful workshops, …"
Womenite,5,Volunteering with Womenite was a life-changing experience. The team trusted us with real responsibilities and encouraged creativity. I got to lead workshops and interact with diverse communities. It helped me grow my leadership and communication skills. I’m proud to be part of a mission that truly matters.
Womenite,5,"Really admire the work Womenite is doing to support women and educate communities. Their efforts around menstrual hygiene, gender equality, and social awareness are much needed and impactful. Wishing the team continued success!Womenite is …"
Womenite,5,"Womenite is doing an incredible job in spreading awareness about gender equality and women empowerment. Their workshops and campaigns are engaging, practical, and truly impactful. The team is passionate and approachable, and they genuinely …"
SMILE FOR ALL,5,Nice initiative for unprivileged child education
Nanhe Pakshi,5,"Honestly, I feel like there are very less non-governmental organisations, which actually do the ground work and make change and Nahne Pakshi is one of them. I am glad I got to contribute by being a part of this. Keep going!! You are doing a good job!!"
Nanhe Pakshi,5,Nanhe pakshi is doing fantastic job for underprivileged children . They are working tirelessly for better future of children . A great initiative for the the society .
Nanhe Pakshi,5,"Nanhe Pakshi is an exceptional NGO dedicated to educating students while making learning fun and engaging. Their innovative approach combines education with enjoyment, creating an environment where students thrive. Through interactive …"
Nanhe Pakshi,5,"This NGO is doing outstanding work by giving underprivileged children access to education and hope for a brighter future,
they go above and beyond to provide quality resources and support for children …"
Nanhe Pakshi,5,"As a volunteer with Community in Action I am thoroughly enjoying the whole experience.
Interacting with these young brains  and teaching them gives immense pleasure."
NGO PARTNERS,5,"Starting our NGO foundation felt overwhelming, but NGO Partners made the entire process smooth and stress-free. Their team provided expert guidance on trust registration, Section 8 company setup, and society formation. They handled …"
NGO PARTNERS,5,"We recently registered our NGO, We Care Trust, with NGO Partners, and their service was outstanding! From trust registration to legal documentation, 12A & 80G approvals, and GST registration, they handled everything with professionalism and …"
NGO PARTNERS,5,"I'm deeply grateful to the team for their exceptional service and professionalism! When our NGO, Neki Foundation Budhlada, required 80G approval, they efficiently completed the process within an impressive two weeks, and at a very …"
NGO PARTNERS,1,"How can you people serve so bad that NGO's get 2.4 lakh of demand/penalty from Income tax?
That shows how bad your CA work or unprofessional in accounts. …"
NGO PARTNERS,1,"The Worst Services, Horrible people. only because of your fault we have got penalties to be paid in lakhs for no reason. And you people are so irresponsible to even respond to ur mistakes. Very unethical, people should be really careful with this CAs."
Gyan Elevate Education India Foundation,5,"An NGO working truly for the students welfare, to uplift them and give them good education. They keep organising programs for the students and also keep conducting workshops of extra curricular activities for students."
Gyan Elevate Education India Foundation,5,NGO provide good education and help needed children for their bright future
Gyan Elevate Education India Foundation,5,Very nice work being done by a hard working team
Gyan Elevate Education India Foundation,5,Good and dedicated faculty
Gyan Elevate Education India Foundation,5,This place is extremely helpful.
Shama Foundation Rehabilitation Centre,5,I would like to thank Mr. Yusuf for putting their expertise in a meaningful manner for my son. I found him very innovative in his techniques. I have visited other centes also but i didn't find the thing i wanted. Here with his unique …
Shama Foundation Rehabilitation Centre,5,Best place for occupational therapy and speech therapy for kids who needs special care and all needed equipments are presented..... Dr. Yusuf and whole staff works on aim of making child capable of living a normal life. From last 2 years my experience with them is awesome .
Shama Foundation Rehabilitation Centre,5,One of the best place for occupational therapy having latest equipments and modern techniques. Experience with Dr. Yoosuf has been really excellent. He is an expert and spot on immediate diagnosis. Highly recommended.
Shama Foundation Rehabilitation Centre,5,Best SI product made by shama foundation in india.It makes a great difference in our clinical set-up after installing SI and other product made by Dr. Yusoof and shama foundation.
Shama Foundation Rehabilitation Centre,5,Shama foundation has innovative  equipment s  for physically and mentally challenged children. The products  are of global standards.
Mansingh Foundation,5,Amazing work 👍 …
Mission Child Care,5,"As we all knows that now a days it's a became business for collecting only funds & out of them very few NGO are genuine, which works in real.... So usually i ignores calls from them, but first time i found this genuine organization which is …"
Mission Child Care,5,one of the greatest work of spreading smiles among the underprivileged children. Keep up the great work. All the best.
Mission Child Care,5,Very nice and dedicated NGO who always ready to help needy children. 5-Stars to Mission Child Care Trust 👍🏻 …
Mission Child Care,5,I recommend the doctor for his expert opinion and friendly nature.
Mission Child Care,5,Very hardworking volunteers        God bless u team 😇😇 …
NIPUN NGO,5,"I had a wonderful experience volunteering at NIPUN. I visited multiple locations and projects undertaken by the organization, and it was truly heartwarming to witness the impact of their efforts. Seeing the different families they are reaching and supporting, and how they are helping transform lives, was deeply inspiring."
NIPUN NGO,5,"Grateful to witness the heartwarming work done by NIPUN NGO!
From empowering women and youth through skill-building programs to uplifting communities through education — their impact is truly inspiring. …"
NIPUN NGO,5,"I had a wonderful experience with this NGO.

Their dedication to social welfare and community development is truly inspiring. …"
NIPUN NGO,5,"NIPUN NGO is doing incredible work in empowering underprivileged communities through education, skill development, and social welfare initiatives. Their commitment to creating real, sustainable change is truly inspiring. The team is …"
NIPUN NGO,5,"NIPUN NGO is doing incredible work in the field of education, vocational training, and community development. Their dedication to empowering underprivileged communities through skill-building programs and child welfare initiatives is truly …"
Neelkanth Foundation,5,"I ain't got to say anything Weird about this NGO work, I'd really love to lend a hand with..
All volunteer are damn helpful nature friendly tho,  Waw dropping some Name alike:- Dipanshu, Himanshu etc.."
Neelkanth Foundation,5,A place where you can learn and experience a lot of ways to help individuals....where you can have the opportunity to meet various communities and have a great time. Truly greatful!
Neelkanth Foundation,5,"I loved and feel pleased to work with neelkanth foundation....
The way the treat everyone was awesome ..."
Neelkanth Foundation,5,In this NGO I have learnt that communicate with each other and motivated us and helping with each other.
Neelkanth Foundation,5,Neelkanth foundation thought me how can I help others. I also learn how to being punctual for our work or duties..
Sewah Welfare Foundation,5,"Sewah Welfare foundation is a hardworking trust with heartily devoted members sharing their love and support for the betterment of society. by organising Langar, Medical service, Sapling planting and many other nobel social services."
