ngo_name,rating,total_reviews,raw_info,url,query_zone,authentic_review_count,avg_review_rating,mean_sentiment,total_fraud_keywords,aggregated_reviews
Blooming Lives Foundation,0.0,130,"Blooming Lives Foundation | 4.4(130) | Charity · C, 23 | Open · Closes 7 pm · 089799 99890",https://www.google.com/maps/place/Blooming+Lives+Foundation/data=!4m7!3m6!1s0x390ce25bf06b0c9b:0xe298a2041b565ecd!8m2!3d28.5729089!4d77.2195477!16s%2Fg%2F11f5dh__n_!19sChIJmwxr8FviDDkRzV5WGwSimOI?authuser=0&hl=en&g_ep=EgoyMDI2MDkyNy4xIJJjKgBIAVAD&rclk=1,NGO in South Extension Delhi,5,5.0,0.35796572871572874,0,"Blooming Lives Foundation is a growing NGO that works for the betterment of underprivileged children through education and healthcare support. Its efforts reflect care and social responsibility, making a positive impact in society. However, it is always wise to verify details before making any donations. ||| I am grateful to the NGO for providing free computer education. It is a great opportunity to learn new skills and improve my future. ||| Yesterday I visited this organisation and that was the best day of my life. I thought why not to visit there. I salute all the volunteers that workhard there for needy people. I suggest people to visit there because there are beautiful and creative kids. This organisation never make them feel poor and alone and treat them so well. I met Mr. Chandan Sir. His ideas, honesty, pure soul will win your heart. And all the volunteers are amazing. Especially thanks to Megha who invited me. ||| We know you have a lot of choices when it comes to donating, and we are so grateful that you chose to donate to our cause. ... ||| Blooming Lives Foundation is doing a wonderful job by educating the slum children and at the same time teaching sewing , computers to the people making them self sufficient.The educators are very knowledgable and impart excellent education to the children and adults. I would encourage people to come and support the foundation which is doing an excellent service to the society."
Aastha Nishtha Foundation,0.0,35,"Aastha Nishtha Foundation | 4.7(35) | Non-profit organization · 3rd Floor, H-11 | Closes soon · 6 pm · Opens 10 am Thu · 099994 74413",https://www.google.com/maps/place/Aastha+Nishtha+Foundation/data=!4m7!3m6!1s0x390d1ed525fb0583:0x53cc2f1de6159a2!8m2!3d28.5713163!4d77.2220023!16s%2Fg%2F11j7dn8yj0!19sChIJgwX7JdUeDTkRollh3vHCPAU?authuser=0&hl=en&g_ep=EgoyMDI2MDkyNy4xIJJjKgBIAVAD&rclk=1,NGO in South Extension Delhi,5,5.0,0.22546768707482992,0,"Celebrated my friends birthday here at Aastha Nishtha Foundation and all I have to say is, this place is full of warmth, big smiles and all things loved. Had an amazing experience interacting with kids, the people of the foundation are the sweetest. Thank you for the incredible experience. ||| I cant express in words my gratitude to everyone at Aastha Nishtha Foundation for making this Bday of mine such a special one!! Every kid that you guys help is really a gem and the way they all cheered for me, I couldnt have had a better birthday party! Looking forward to many more celebrations with you all. Thanks again ||| I appreciate your efforts. People like me are just a shadow, but you guys are the front warriors who directly deal with such nobel cause. Wish you all the best ! May God gives you guys health and strength to achieve all such goal of making life easier to the needy people. ||| Aastha Nishtha Foundation is an innovative NGO, which is working on ground level with communities to provide basic necessities to deprived children. I have participated in the cloth distribution project, it was fabulously organized and ||| Aastha Nishtha Foundation is going extra mile in helping the poor kids who cant effort education and food. I was overwhelmed when they showed me the pics of donation drive which they did for the poor kids for whom I had contributed, I would encourage people to come forward and donate in whatever is in your capacity for these poor kids"
A Giggles Welfare Organization,0.0,96,A Giggles Welfare Organization | 4.2(96) | Non-governmental organization · C63 | 011 2625 0001,https://www.google.com/maps/place/A+Giggles+Welfare+Organization/data=!4m7!3m6!1s0x390ce25d35d69acf:0x250d2519748109ea!8m2!3d28.5665205!4d77.2191145!16s%2Fg%2F11h9zqq7tn!19sChIJz5rWNV3iDDkR6gmBdBklDSU?authuser=0&hl=en&g_ep=EgoyMDI2MDkyNy4xIJJjKgBIAVAD&rclk=1,NGO in South Extension Delhi,5,5.0,0.08318181818181818,0,"It is evident that AGWO takes the sole initiatives and responsibilities of delivering food and clothes, thus empowering the weaker sections of the society. It is indeed a commendable initiative taken by AGWO to have a real impact on the lives of the people who really needs a helping hand for upliftment in the society. ||| Giggles Welfare Organization AGWO supports needy people, disabled children and elderly and poor people in India. This is the best NGO in Delhi NCR that I have ever seen in my life. This NGO works for people who live in slums and are struggling for regular food. Giggles Welfare Organization distributes fresh and healthy food to poor people. ||| The NGOs advocacy efforts have been instrumental and bringing about policy changes that benefit marginalized communities. They truly understand the importance of influencing systemic change. ||| Its an NGO working for mothers who have been abandoned by society. They provide them employment opportunities to develop status to live a dignified life. Hats off to them. ||| I admire the NGOs commitment to fostering sustainable livelihood. Their emphasis on environment sustainable and response practices demonstrate their forward thinking approach"
Relief India Trust,0.0,131,Relief India Trust | 4.0(131) | Non-profit organization · C- 63 basement | 0120 425 8313,https://www.google.com/maps/place/Relief+India+Trust/data=!4m7!3m6!1s0x390ce4599ccf6a11:0xfd897a22a58688d3!8m2!3d28.5665357!4d77.219289!16s%2Fg%2F11b6dgjsld!19sChIJEWrPnFnkDDkR04iGpSJ6if0?authuser=0&hl=en&g_ep=EgoyMDI2MDkyNy4xIJJjKgBIAVAD&rclk=1,NGO in South Extension Delhi,5,2.6,0.20866666666666664,2,"Its very good organization which is running for welfare of childrens. I got a call from this organization for donations. I have donate small amount as a donation and i got receipt. I am very happy that organization come forward 1 step for that people which is living in slum areas. I really appreciate your work. God bless you. ||| I appreciate how this NGO works hand in hand with local communities, respecting their traditions and values. They truly understand the importance of cultural sensitivity in creating lasting change. ||| Crooks running a fraud agency in the name of NGO. They threatened me too over phone many time. Please stop this. Because of you only I am doubting every NGO, who really are working for real good. ||| I used to donate this trust...the moment you donate.. every other week these guys will call you and make unnecessary arguments..they start shouting using abusive language if u deny to make contribution... They also circulate mobile numbers to other organizations the moment you donate so you start getting calls from various organizations even on same day.. i feel there is no point in donating these people.. ||| i got a call, i donated, i donated 30,000. i felt good. i felt like i did my bit to save a child. i got a call again after a gap of few weeks, i wanted to help again, but a"
CHETNA NGO for Street Children,0.0,364,CHETNA NGO for Street Children | 4.8(364) | Social services organization · 40/22 | Closes soon · 6 pm · Opens 10 am Thu,https://www.google.com/maps/place/CHETNA+NGO+for+Street+Children/data=!4m7!3m6!1s0x390ce2691e419161:0x32098bdfea971f02!8m2!3d28.5626516!4d77.2132896!16s%2Fg%2F1w6r6njd!19sChIJYZFBHmniDDkRAh-X6t-LCTI?authuser=0&hl=en&g_ep=EgoyMDI2MDkyNy4xIJJjKgBIAVAD&rclk=1,NGO in South Extension Delhi,5,5.0,0.3113902356902357,0,"Chetna works at the grassroots level, ensuring access to education, life skills, and holistic development through wellstructured and childcentric programs. The teams dedication, professionalism, and compassion truly reflect the organizations mission to create meaningful and lasting impact. All the best ! ||| Chetna is doing truly meaningful work for vulnerable children, combining care, education, and protection in a very thoughtful way. Their dedication and onground efforts are inspiring and make a real difference. ||| CHETNA NGO is doing amazing work for streetconnected children. Programs like Nanhe Parinde bring education through mobile classrooms, while Balaknama and Badhte Kadam empower children by giving them a voice and leadership opportunities. Truly inspiring efforts by a dedicated and passionate team! ||| Chetna NGO has reached at new high level and has been rewarded time to time for its selfless service to the very lower rung community of society. They have achieved a great success and will reach at new level. Great congratulations to the dedicated NGO management and its due hard workers.. ||| Since 2006 and the till today I am with CHETNA. From the bottom of my heart, I thank you and appreciate all you have done. CHETNA your every second dedicates for under privileged children. The way of working is highly admirable, even when everyone is staying at home in the days of CORONA period, the dedicated team of CHETNA was exist on street helping to the vulnerable kids. I love the best NGO CHETNA"
PHIA Foundation,0.0,15,"PHIA Foundation | 4.5(15) | Non-profit organization · D, First Floor, D-25 | Closes soon · 6 pm · Opens 10 am Thu · 011 2625 0014",https://www.google.com/maps/place/PHIA+Foundation/data=!4m7!3m6!1s0x390ce267ea9cf1db:0x1cdf91e6c838bc5e!8m2!3d28.5663367!4d77.2162144!16s%2Fg%2F11bv6pdbn8!19sChIJ2_Gc6mfiDDkRXrw4yOaR3xw?authuser=0&hl=en&g_ep=EgoyMDI2MDkyNy4xIJJjKgBIAVAD&rclk=1,NGO in South Extension Delhi,3,5.0,0.47212121212121216,0,A new NGO working on rooting out caste and class based discrimination. Support phia foundation in leading the change that we want to see in our society. ||| Working with most marginalized groups ||| Very nice place
India Vision Foundation,0.0,39,"India Vision Foundation | 4.7(39) | Foundation · Ansal Plaza, 56 | Closes soon · 6 pm · Opens 9 am Thu · 011 4054 7520",https://www.google.com/maps/place/India+Vision+Foundation/data=!4m7!3m6!1s0x390ce24229e7c69b:0x172e1c0a8ad1163a!8m2!3d28.560485!4d77.2202883!16s%2Fg%2F11dxf15gdj!19sChIJm8bnKULiDDkROhbRigocLhc?authuser=0&hl=en&g_ep=EgoyMDI2MDkyNy4xIJJjKgBIAVAD&rclk=1,NGO in South Extension Delhi,5,4.8,0.752,0,INDIA VISION FOUNDATION doing the great job. I am inspired by the way of work. Thank you to all the team member of IVF ||| Great to see my ideal Ms.Kiran Bedi ||| I have a very good experience with this services ||| Office is always good ||| Most reliable NGO.
MISSION HEAL,0.0,4,"MISSION HEAL | 4.8(4) | Non-profit organization · C-63, Basement | Closes soon · 6:30 pm · Opens 9:30 am Thu · 093556 50210",https://www.google.com/maps/place/MISSION+HEAL/data=!4m7!3m6!1s0x390ce25d2bca8c93:0x4c4556a98b2a522b!8m2!3d28.5732865!4d77.2218866!16s%2Fg%2F11c1q7p39x!19sChIJk4zKK13iDDkRK1Iqi6lWRUw?authuser=0&hl=en&g_ep=EgoyMDI2MDkyNy4xIJJjKgBIAVAD&rclk=1,NGO in South Extension Delhi,3,4.666666666666667,0.35000000000000003,0,"Its an Honest NGO working for childrens healt, safety, education, food.....helping them to grow. ||| Every country and society has these types of people who are selflessly working for the needy people without any hesitation. ||| Great work they are helping children and women near slums."
Giggles Foundation,0.0,127,"Giggles Foundation | 5.0(127) | Non-governmental organization · 1516, 3rd Floor, Wazir Nagar | Open · Closes 7 pm · 092050 76752",https://www.google.com/maps/place/Giggles+Foundation/data=!4m7!3m6!1s0x390ce3beb7440ec1:0x2732798d87b19e23!8m2!3d28.5692444!4d77.2254835!16s%2Fg%2F11vz2n7ybh!19sChIJwQ5Et77jDDkRI56xh415Mic?authuser=0&hl=en&g_ep=EgoyMDI2MDkyNy4xIJJjKgBIAVAD&rclk=1,NGO in South Extension Delhi,3,5.0,0.6749999999999999,0,"Great job giggles foundation ||| Great job Giggles Foundation keep it up ||| Focus on your most significant achievements, relevant skills,and experiences that set you apart"
Blue Pen Trust (NGO),0.0,33,"Blue Pen Trust (NGO) | 5.0(33) | Non-profit organization · D-38, 1st Floor | 092206 37269",https://www.google.com/maps/place/Blue+Pen+Trust+%28NGO%29/data=!4m7!3m6!1s0x390ce22c9aaaaaaf:0x837a7d604a1960eb!8m2!3d28.5683085!4d77.2189099!16s%2Fg%2F11g6r8m7ll!19sChIJr6qqmiziDDkR62AZSmB9eoM?authuser=0&hl=en&g_ep=EgoyMDI2MDkyNy4xIJJjKgBIAVAD&rclk=1,NGO in South Extension Delhi,5,5.0,0.4904285714285715,0,"Wonderful NGO of NCR Delhi region..Kudos to Well educated Volunteers who kept conducting educational sessions for slum kidsWomen all over NCR Delhi inspite two year long Covid crisis..God bless you all ||| Wonderful NGO of NCR Delhi region Amazing NGO...provides education slum and poor childrens good work ||| This is the right place to worship god. You see the real gods in those kids. You will really feel blessed and the internal happiness. ||| Amazing NGO...provides educationVocational training to slumflyover kidswomen, every Sunday ||| Good NGO God bless you all"
Smile Foundation NGO in Delhi,0.0,196,"Smile Foundation NGO in Delhi | 4.3(196) | Non-governmental organization ·  · Gulmohar Commercial Complex, 161 B/4, 3rd Floor Community Centre | Closes soon · 6:30 pm · Opens 9:30 am Thu · 011 4312 3700",https://www.google.com/maps/place/Smile+Foundation+NGO+in+Delhi/data=!4m7!3m6!1s0x390ce270271eadef:0xb8e42773f9d463ab!8m2!3d28.5582311!4d77.2083662!16s%2Fg%2F11c3nzsxsl!19sChIJ760eJ3DiDDkRq2PU-XMn5Lg?authuser=0&hl=en&g_ep=EgoyMDI2MDkyNy4xIJJjKgBIAVAD&rclk=1,NGO in South Extension Delhi,5,5.0,0.34175641025641024,0,"Asha Foundation is a truly inspiring NGO that works selflessly to uplift underprivileged communities. Their efforts in education, healthcare, and women empowerment are making a real difference. Grateful for the positive change they are bringing to society! ||| Smile foundation has brought itself up as a beacon of hope by transforming communities by understanding and helping them. Their variety of approaches such as focusing on education, healthcare, women empowerment, and livelihood, makes them a vital contributor for the people who need it the most in their current situation. ||| Smile Foundation is a revolutionary organization that has not been just education underprivileged children but has also been working to spread its message to sensitize the society. Hats of to you! With people like you working relentlessly, we will one day surely realize our dreams of no child illiterate. I enjoyed working their . teams are good, every department have their own capabilities and positive energy. Its not only work for education of underprivileged children but also work for the health of the communities who are leaving in the far to reach areas like villages of Bihar... Uttarakhand etc..... Good Going organization.... i hope some day in future....i will be back with same enthusiasm and zeal. Thanks for reaching the unreached population of India SMILE keep rocking ||| Smile Foundation is a revolutionary organization that has not been just education underprivileged children but has also been working to spread its message to sensitize the society. Hats of to you! With people like you working relentlessly, we will one day surely realize our dreams of no child illiterate. ||| Really doing a Grt job foe Childrens Education Womens Health and many more things. We should all unite and help them for the purpose and cause they are fighting for. I wish all the good luck to Smile Foundation."
Child Heart Foundation,0.0,56,Child Heart Foundation | 4.6(56) | Non-governmental organization · 130 | Closes soon · 6 pm · Opens 10 am Thu · 099991 42268,https://www.google.com/maps/place/Child+Heart+Foundation/data=!4m7!3m6!1s0x390ce2418c000001:0x679ee3f72d21d2e7!8m2!3d28.5592112!4d77.2190199!16s%2Fg%2F11g6n0ry5b!19sChIJAQAAjEHiDDkR59IhLffjnmc?authuser=0&hl=en&g_ep=EgoyMDI2MDkyNy4xIJJjKgBIAVAD&rclk=1,NGO in South Extension Delhi,5,5.0,0.37227878787878793,0,"I feel truly grateful to be connected with Dr. Vikas Kohli and his amazing team at Child Heart Foundation for more than 9 years now. My son Arnav has been under his care for regular checkups, and the improvement weve seen over the years is incredible. Today, seeing Arnav talk to Dr. Kohli so comfortably, almost like friends really amazes me. Dr. Kohli is not just a doctor for us he has been like a father figure during some of the most difficult times in my life. When my own father was suffering from liver cirrhosis, he personally connected with doctors in my hometown and guided us beyond his responsibility. That kind of care and humanity is very rare. Every time I meet him, he doesnt just ask about reportshe talks about health, family, and even life, just like a caring elder would. That bond is something I deeply value. I would also like to mention Sunita Mam, who is an equally wonderful and supportive personality. The entire team is doing incredible work helping, guiding, and supporting every child and family with genuine care. I wholeheartedly recommend Dr. Kohli and his team. They are not just treating patients they are touching lives. ||| Child Heart Foundation is one of the best NGOs in India supporting children with congenital heart disease CHD. Their team helped a family in need access lifesaving pediatric heart treatment and surgery support. Their dedication to child healthcare and heart disease awareness is truly inspiring ||| Dr.V. Kohli is God for child.he is gentle and polite.i met him in Apollo Hospital for my child. Thank you .dr. ||| Such a wonderful NGO. This NGO is working for children who has congenital heart disease who are below the age of 18 yrs. From economically challenged families. A great Salute for Dr. Vikas Kohli and his entire team and staff for their support. I am very thankful to Dr. Vikas Kohli sir and Dr. Gaurav Kumar and his team CTVS at Apollo hospital For doing a best job . They saves my daughter keshvis life. For me Dr. Vikas Kohlis is not less than God. He makes my daughter happy and healthy. ||| Delhi Child Heart Foundation is truly a blessing for children in need of cardiac care. Dr. Vikas Kohli is not only an exceptionally skilled doctor but also a compassionate human being who treats every patient with genuine care. The staff is equally supportive, professional, and kind, making the entire experience smooth and comforting for families. Grateful for the dedication and heartfelt service they provide."
Narayan Social Welfare Foundation,0.0,4,"Narayan Social Welfare Foundation | 5.0(4) | Non-profit organization · 3rd Floor, Plaza 1, 301, Leela Ram Market Rd | Closes soon · 6:30 pm · Opens 9:30 am Thu · 078276 64266",https://www.google.com/maps/place/Narayan+Social+Welfare+Foundation/data=!4m7!3m6!1s0xa46877848ad4361f:0x5f2b5e10f1e1a94!8m2!3d28.5642232!4d77.2196822!16s%2Fg%2F11k3hj5vv9!19sChIJHzbUioR3aKQRlBoeD-G18gU?authuser=0&hl=en&g_ep=EgoyMDI2MDkyNy4xIJJjKgBIAVAD&rclk=1,NGO in South Extension Delhi,2,5.0,0.12559523809523812,0,"I have been associated with the Narayana Social Welfare Foundation NSWF as a volunteer for three years and have personally witnessed their impressive work. It is run by teams of doctors, medical students and dedicated individuals. The organization is truly inspired by their vision EACH ONE CARE ONE, EACH ONE TEACH ONE, NSWF provides essential health and education services to those in need, including early detection and treatment of diseases like cancer. I am glad that the services never consider caste, creed or class! I support NSWF for its selfless dedication and its valuable contribution to society. I am honoured to continue volunteering with them to serve society for a lifetime. ||| They helped my mother for her early cancer detection...health camp really helpful for people who doesnt know about serious disease...thank you narayan social welfare and Dr Rajeev for helping us..."
Dhyan Foundation,0.0,207,Dhyan Foundation | 4.1(207) | Non-profit organization ·  · A-80 | 099990 99423,https://www.google.com/maps/place/Dhyan+Foundation/data=!4m7!3m6!1s0x390ce24295555555:0xbdf82877a1cfc827!8m2!3d28.5676555!4d77.2217471!16s%2Fg%2F1v8g9d90!19sChIJVVVVlULiDDkRJ8jPoXco-L0?authuser=0&hl=en&g_ep=EgoyMDI2MDkyNy4xIJJjKgBIAVAD&rclk=1,NGO in South Extension Delhi,5,3.4,-0.005466666666666664,0,"Recently saw an injured animal and contacted Dhyan Foundation... They sent help instantly and rescued the animal and gave treatment and later rehabilitated at their shelter. Later attended one of their sessions relating to sanatan kriya and bringing the body into a state of balance... I must say it was a wonderful experience. Very calming and different. I have also visited some of their animal shelters and gaushalas across the country... Thousands of animals and selfless care being given by the volunteers. Have also seen many high profile people volunteering selflessly here.... Great work being done. ||| I called them to treat a stray dog. They came on the same day and injected the dog and saved her life. I am really grateful to them for their service. They are doing a commendable job for animal welfare. ||| This NGO responds quickly and makes every possible effort to help animals in need. Their dedication and care are truly commendable. ||| Worst foundation ever! On their page, they mention that they work 247. Theres a dog in my friend colony RK Puram, Delhi who has been barking for the last 30 minutes and is injured, unable to walk. I thought calling the NGO would be the ||| i would give 0 if i could, their volunteer are so rude i asked them to help a street cat he still need a surgery. he got injury in his eyes i checked with vet and he told us that cat has conjuctivities and corneal ulcer and it required a surgery to save his eyes, but it costs a lot 30k for whole procedure. i called them to help and provide some clinics which can treat this under low price and they clearly say maam aap bologe k hum pocket se nikal kr de de nge to nhi ho sakta ap FB insta pr post kr do humse nhi hoga kuch,, he was so rude i called him on 12th feb26 at 328 PM whoever the guy volunteer that time has no audicity to help just wanted to cut the call anyhow"
Orphans in Need,0.0,20,"Orphans in Need | 3.3(20) | Corporate office · Lower Ground Floor, E-16 | Closes soon · 6 pm · Opens 10 am Thu · 011 4182 7775",https://www.google.com/maps/place/Orphans+in+Need/data=!4m7!3m6!1s0x390ce25ebe73cb59:0x24426252a5353a1e!8m2!3d28.5703596!4d77.2200418!16s%2Fg%2F11c482fbs3!19sChIJWctzvl7iDDkRHjo1pVJiQiQ?authuser=0&hl=en&g_ep=EgoyMDI2MDkyNy4xIJJjKgBIAVAD&rclk=1,NGO in South Extension Delhi,5,2.6,0.07983333333333334,2,"I have reason to believe this is a scam . The address they have on their website. Not just here in India also the other countries. Are not for some other business. Also when to ask to get involved and help they just not answer. ||| Horrible place to connect with. I am a social worker, contacted them to try collaborating with them and help them, the person who picked up the call was so rude. Talked to me as if Im his slave or something. Disrespectful. Mean. I doubt if this organisation is even real at this point. ||| Didnt find the place.. called the given no but no one picked..i think this is totally fraud ||| Great work in helping orphans in need. ||| I am graduated in bachelor of pharmacy."
Agewell Foundation,0.0,76,"Agewell Foundation | 4.6(76) | Non-profit organization · Second Floor, M8A | Closes soon · 6 pm · Opens 10 am Thu · 011 2983 6486",https://www.google.com/maps/place/Agewell+Foundation/data=!4m7!3m6!1s0x390ce3b3aaaaaaab:0x4ac43abc3b1b8f1c!8m2!3d28.5692266!4d77.2483304!16s%2Fg%2F1ptxkrp19!19sChIJq6qqqrPjDDkRHI8bO7w6xEo?authuser=0&hl=en&g_ep=EgoyMDI2MDkyNy4xIJJjKgBIAVAD&rclk=1,NGO in South Extension Delhi,5,5.0,0.5004354978354979,0,"The foundation has conducted two workshops for senior citizens at the A and C block Saket, New Delhi. Very nicely and methodically the boys have helped our elders learn the basics of mobiles and computers. Raj and Abhijeet are very sincere and patient with everyone. All the participants were very happy and confident after conclusion of the workshop. ||| Am very much impressed with the work of your organisation. Your trainers have shown immense patience and have been very good at explaining all the procedures. Because of this I am now very much more confident in the use of both mobile and ||| I am thankful to Agewell Foundation for providing free services to Senior Citizens in computer and Mobile applications. I am equally thankful to Shri Raj Kumar and Sh. Jagdish for the excellent tutorial and dedicated services rendered towards the same. Hope Agewell shall keep on conducting such courses in future too. ||| The training imparted to Senior citizens forum members in Gulmohar park by Agewell Foundation during August 2019 was very useful. We got to know of many practical applications in Mobile and computer which we could use in daytoday life. ||| Excellent work. Were very happy and want learn more. Want more classes. Agewell doing very great Job. Abhijeet and Raj very well instructors. They have very patience."
"Sewa Bhawan, National NGO",0.0,27,"Sewa Bhawan, National NGO | 4.7(27) | Non-profit organization ·  · 35B/1, Ground Floor, Gautam Nagar, Near Radhakrishna Temple | Open 24 hours · 095991 87545","https://www.google.com/maps/place/Sewa+Bhawan,+National+NGO/data=!4m7!3m6!1s0x390ce2691aaaaac7:0x7fa5b7b8a5e409e3!8m2!3d28.563067!4d77.214!16s%2Fg%2F11f3tzl5dz!19sChIJx6qqGmniDDkR4wnkpbi3pX8?authuser=0&hl=en&g_ep=EgoyMDI2MDkyNy4xIJJjKgBIAVAD&rclk=1",NGO in South Extension Delhi,5,5.0,0.3690404040404041,0,"National Organisation For Social Empowerment is one of the best NGO based in Tughlakabad, New Delhi. They ensure that every underprivileged child is given proper education and healthcare facilities. ||| I visited National Organisation For Social Empowerment and was glad to see the good work theyre doing for the underprivileged people of the society. ||| National Organisation For Social Empowerment provides free education to poor children of the society. Keep up the good work guys. ||| I am so happy to see that National Organisation For Social Empowerment provides free music classes to underprivileged students who wants to do something in the field of music. ||| They are doing a great job for the welfare of the society and are providing free education and health care facilities to the needy people."
SPYM Targeted Intervention Program For IDUs,0.0,58,"SPYM Targeted Intervention Program For IDUs | 4.7(58) | Non-profit organization · H6FF+XGJ, SPYM, Targeted Intervention, near Sheetla Mata Mandir | Closes soon · 6 pm · Opens 9 am Thu · 011 2689 3872",https://www.google.com/maps/place/SPYM+Targeted+Intervention+Program+For+IDUs/data=!4m7!3m6!1s0x390ce2592918bee7:0x1dffc3b9ed393077!8m2!3d28.574963!4d77.2237781!16s%2Fg%2F11xl3lr99!19sChIJ574YKVniDDkRdzA57bnD_x0?authuser=0&hl=en&g_ep=EgoyMDI2MDkyNy4xIJJjKgBIAVAD&rclk=1,NGO in South Extension Delhi,5,5.0,0.5966580086580087,0,"Deaddiction Centre an amazing place to leave all your addictions, a better guidance for future open and supportive environment regular councelling. Patients can easily stay healthy meals separate beds 247 doctors from AIIMS for every consultation. ||| Best humanitarian work that an organization can do. Must visit to see the passion in the work and its outcomes. God bless DR Rajesh founder of SPYM ||| Had a very enlightening experience during my volunteership with SPYM Shelter Home. Would recommend others to join their mission as well for the upliftment of marginalised populations in order to bring a change. ||| This place offers deaddiction facility. Doctors from National Drug Dependence Treatment Centre AIIMS New Delhi visit here twice a week. Patients are treated for free. They are given medical and psychological treatment. Their families are educated about the addiction problem and taught how to help their loved one. Even homeless people are admitted and treated in a non judgemental and warm environment. ||| This is the best place for leave addiction"
Tare Zameen Foundation (NGO),0.0,1710,"Tare Zameen Foundation (NGO) | 4.8(1,710) | Non-governmental organization ·  · ViruCamp, near Ambedkar park Mandi | Closes soon · 6:30 pm · Opens 9:30 am Thu · 093194 00971",https://www.google.com/maps/place/Tare+Zameen+Foundation+%28NGO%29/data=!4m7!3m6!1s0x390d1f76b1555555:0x31ed07c44406788d!8m2!3d28.4495531!4d77.1440061!16s%2Fg%2F11fsjs12rq!19sChIJVVVVsXYfDTkRjXgGRMQH7TE?authuser=0&hl=en&g_ep=EgoyMDI2MDkyNy4xIJJjKgBIAVAD&rclk=1,NGO in South Extension Delhi,5,5.0,0.3178910533910534,0,"They seek to make positive change in the lives of underprivileged children,womens and divyangs and also encourage like minded people to contribute for it..... ||| Tare Zameen Foundation is the place where I learned about love and affection, and how small things can make you happy. And how small steps can make bigger changes in someones life. ||| I must say they are working very hard to spread love all over they can I visited their,staff were really hardworking and children i was fall in love with them. I really want to get in touch in future also and as well Ill support them . ||| I had the opportunity to work with Tare Zameen Foundation, and I truly appreciate how they are addressing multiple important causes. Despite being a young organization, their dedication and supportiveness are remarkable. Everyone I interacted with was incredibly supportive, and I can see them achieving great success in the future. Wishing them all the best in their mission! ||| I had an amazing experience with Taare Zameen Foundation .They do lots of activities for the underprivileged. I was happy to be associated with them."
QFK Reformer NGO,0.0,0,"QFK Reformer NGO | No reviews | Non-profit organization · H no, 1898-A-1, GF | Closes soon · 6 pm · Opens 10 am Thu · 093102 39003",https://www.google.com/maps/place/QFK+Reformer+NGO/data=!4m7!3m6!1s0x4f9168a0455968f:0x2017f342d368dc2a!8m2!3d28.568928!4d77.224576!16s%2Fg%2F11z01rg481!19sChIJj5ZVBIoW-QQRKtxo00LzFyA?authuser=0&hl=en&g_ep=EgoyMDI2MDkyNy4xIJJjKgBIAVAD&rclk=1,NGO in South Extension Delhi,0,0.0,0.0,0,No verified reviews found.
Bibharte Ngo Delhi NCR - India,0.0,419,Bibharte Ngo Delhi NCR - India | 5.0(419) | Charity ·  | Open 24 hours · 098914 87063,https://www.google.com/maps/place/Bibharte+Ngo+Delhi+NCR+-+India/data=!4m7!3m6!1s0x390cfdc80da3c229:0x538cafce1df69897!8m2!3d28.6116316!4d77.2890045!16s%2Fg%2F11hz0jqz5b!19sChIJKcKjDcj9DDkRl5j2Hc6vjFM?authuser=0&hl=en&g_ep=EgoyMDI2MDkyNy4xIJJjKgBIAVAD&rclk=1,NGO in South Extension Delhi,5,5.0,0.4259267676767677,0,"The NGO is doing a great job by helping children learn and grow. The volunteers are kind, supportive, and always ready to help. They organize meaningful activities that make learning fun and help improve the lives of many children. It was a wonderful experience to be a part of such a caring organization. I really appreciate their hard work and hope they continue making a positive difference in the community. ||| One of the few organisations that truly believes and focuses on women empowerment and child development doing activities round the clock. Feels great to be associated with such an organisation with a genuine cause ||| Bibharte NGO is doing truly outstanding work! Their dedication to helping underprivileged communities is inspiring. The team is compassionate, professional, and ||| I HAVE A LOT OF CLOTHES , WASHED AND IN GOOD CONDITION ,, WOOLEN , SUMMER MIX ,, SOMEONE PLEASE SUGGEST ME HOW TO SELL DONATE ONLINE ,, OR SUGGEST ANY IDEA IF U HAVE .. OR ANY NGO PICKUP ||| Bibharte NGO is truly inspiring to see a strong focus on women empowermenthighlighting inclusive leadership and fostering a culture of equal opportunity and growth. Kudos to the team for setting a great example!"
Youth For Seva - Delhi,0.0,246,"Youth For Seva - Delhi | 4.8(246) | Volunteer organization · 93, South Ave | Closes soon · 6 pm · Opens 9:30 am Thu · 063622 39146",https://www.google.com/maps/place/Youth+For+Seva+-+Delhi/data=!4m7!3m6!1s0x390cfd2e92a0ce6b:0x6e79f058d4e61e7f!8m2!3d28.6059953!4d77.1994435!16s%2Fg%2F1hm2vnfrk!19sChIJa86gki79DDkRfx7m1FjweW4?authuser=0&hl=en&g_ep=EgoyMDI2MDkyNy4xIJJjKgBIAVAD&rclk=1,NGO in South Extension Delhi,5,5.0,0.4494545454545455,0,"I volunteered at two two government school . They were primary school. It was so new for me to interact with kids and it felt so wholesome. Their smile,their warmth ,their innocence and what not. They were literally the best. Love them so much. ||| These children are amazing and spending time with them and teach them a opportunity for me I learned so many things from them ||| Had a great experience. Though it started raining but still everything was managed smoothly. Glad to be a part of Navodit event. ||| Youth for seva is a national wide volunteering movement that inspires youth to volunteer provides them with meaningful opportunity to serve the community ||| It was a amazing experience and I have learned so much from this experience."
ISHWAR NGO,0.0,114,"ISHWAR NGO | 4.9(114) | Non-profit organization ·  · D-33/34 Freedom Fighter Enclave Gate, 4, IGNOU Rd | 093157 45958",https://www.google.com/maps/place/ISHWAR+NGO/data=!4m7!3m6!1s0x390d1d8a8ff3b1b1:0x993a83d276952111!8m2!3d28.5084079!4d77.1984545!16s%2Fg%2F11cmyvc3gl!19sChIJsbHzj4odDTkRESGVdtKDOpk?authuser=0&hl=en&g_ep=EgoyMDI2MDkyNy4xIJJjKgBIAVAD&rclk=1,NGO in South Extension Delhi,5,5.0,0.3243518518518519,0,"Ishwar NGO provides a truly supportive and caring environment for children. The teachers give great handson attention to every child, making sure no one feels left out. They are patient, kind, and genuinely dedicated to helping kids learn and grow. The environment is warm, friendly, and safe, which makes children feel comfortable and happy to participate. The activities are engaging and educational, helping in both personal and academic development. Its wonderful to see an organization that focuses not just on studies, but also on building confidence and life skills in children. Truly doing meaningful work for a brighter future! ||| Our experience at Ishwar NGO was truly heartwarming. The children were incredibly kind, enthusiastic, and responsive throughout the session, making every activity engaging and meaningful. Their eagerness to participate and learn created a ||| Ishwar NGOs computer class is very helpful and wellorganized. The teachers are supportive, patient, and explain concepts in a clear and simple way. The learning environment is friendly, and practical training is given importance, which helps students gain confidence in using computers. This computer training program is wellstructured and beneficial for building strong computer fundamentals. I am thankful to Ishwar NGO for providing such a great learning opportunity. Thank you so much .... ||| I truly admire the work this NGO is doing for society. Their dedication, transparency, and commitment to helping people in need are clearly visible in every initiative they take. The team works with honesty and compassion, ensuring that ||| ISWAR NGO is doing commendable work for social welfare and community development. Their dedication towards education, awareness, and helping the underprivileged is truly inspiring. A genuine organization making a real difference."
Volunteers Of Change-NGO,0.0,99,"Volunteers Of Change-NGO | 4.7(99) | Non-governmental organization · A-58/3 Shaheen Bagh Jamia Nagar, Abul Fazal Enclave Rd | Open 24 hours · 097171 99079",https://www.google.com/maps/place/Volunteers+Of+Change-NGO/data=!4m7!3m6!1s0x390ce522ce7ed981:0x5cae85605dec7626!8m2!3d28.5508579!4d77.3002518!16s%2Fg%2F11fgl9nt6v!19sChIJgdl-ziLlDDkRJnbsXWCFrlw?authuser=0&hl=en&g_ep=EgoyMDI2MDkyNy4xIJJjKgBIAVAD&rclk=1,NGO in South Extension Delhi,5,5.0,0.5165939393939394,0,"VOLUNTEERS OF CHANGE is the best platform for us to do something well for society and education field. The key to success is devotion,dedication and proper direction given by our coordinator. VOLUNTEERS OF CHANGE is now leading organisation, working at grass root level in order to change okhla. ||| Volunteer Of Change is working towards bringing betterment to the lives of others, which is a very kind step for the community. My experience with the organization have been a great source of learning for me. I wish a lots of success to the organization in future so that they can keep on doing this great work for the welfare of the society. ||| Volunteers for change NGO is doing wonderful job to bring a positive change in our society. I would like to thank VOC for giving our group a chance to serve our society. Then I would like to thank Ata sir who guided and supported us . ||| I would like to express our feeling towards this NGO. As a volunteer I will thank full to you and your work towards our society. Your NGO play an vital role to providing education to the children. ||| I am very pleased to say that my experience of associating with Volunteers Of Change has been excellent and I feel it is a privilege too. My appreciation for the excellent work with Mr. Ata khan sir is carrying out in uplifting under privileged children."
SMART NGO,0.0,8,"SMART NGO | 4.5(8) | Non-governmental organization ·  · S -79, Second Floor | Closes soon · 6:30 pm · Opens 9 am Thu · 011 2601 4651",https://www.google.com/maps/place/SMART+NGO/data=!4m7!3m6!1s0x390ce26e8255bc2b:0x9ad695787af7055b!8m2!3d28.541506!4d77.216085!16s%2Fg%2F11d_77sx22!19sChIJK7xVgm7iDDkRWwX3eniV1po?authuser=0&hl=en&g_ep=EgoyMDI2MDkyNy4xIJJjKgBIAVAD&rclk=1,NGO in South Extension Delhi,2,5.0,0.0875,0,"Namaste. Greetings from Colombia, South America. I think your radio station, Mewat, is excellent. Fighting for gender equality. Its very sad to see the lack of respect for women on that continent. Blessings ||| News of Hakam Mahoon"
SAMAJ SUDHAR TRUST | NGO | DELHI | INDIA,0.0,516,"SAMAJ SUDHAR TRUST | NGO | DELHI | INDIA | 5.0(516) | Non-profit organization · 31, Azeem Dairy, Colony | Open · Closes 11 pm · 098102 29786",https://www.google.com/maps/place/SAMAJ+SUDHAR+TRUST+%7C+NGO+%7C+DELHI+%7C+INDIA/data=!4m7!3m6!1s0x390ce38a4180db0d:0x1902afcb2a1187fb!8m2!3d28.564905!4d77.284891!16s%2Fg%2F11ggbvh3cw!19sChIJDduAQYrjDDkR-4cRKsuvAhk?authuser=0&hl=en&g_ep=EgoyMDI2MDkyNy4xIJJjKgBIAVAD&rclk=1,NGO in South Extension Delhi,4,5.0,0.73,0,Very good work ||| SAMAJ SUDHAR TRUST is a really working organisatio. I appreciate the overall team of the organisation for working fearly for the welfare of the needy people. ||| Very good work sst ||| Excellent work done by Samaj sudhar trust in south east dist in jamiya nagar.... Saheen bagh okhla...
A Way of Happiness Educational Society AWOHES (NGO),0.0,22,A Way of Happiness Educational Society AWOHES (NGO) | 4.6(22) | Non-governmental organization · A-945 Sangam Vihar | Closes soon · 6 pm · Opens 9 am Thu · 070534 71730,https://www.google.com/maps/place/A+Way+of+Happiness+Educational+Society+AWOHES+%28NGO%29/data=!4m7!3m6!1s0x390ce1a08a4556a7:0xf9530359b62b24e!8m2!3d28.508424!4d77.23912!16s%2Fg%2F11c32pbcjk!19sChIJp1ZFiqDhDDkRTrJimzUwlQ8?authuser=0&hl=en&g_ep=EgoyMDI2MDkyNy4xIJJjKgBIAVAD&rclk=1,NGO in South Extension Delhi,5,4.0,0.5535353535353535,0,"A new and upcoming nonprofit mainly driven by the passion of committed youngsters. Location is interior with challenging access. ||| You are doing a great job. Congratulations!! Keep going... ||| Great place, wherever child and woman educated is equal ||| Well done and well deserved for more appreciation. ||| Nice faculty, amazing teaching style"
Saviour Foundation,0.0,219,"Saviour Foundation | 4.1(219) | Foundation · metro pillar no. 156, B-1268, G/F, Main Delhi Road, opp. Eastend apartment | Open · Closes 6 am Thu · 093194 88897",https://www.google.com/maps/place/Saviour+Foundation/data=!4m7!3m6!1s0x390ce1a2675e9a37:0x4e2ea38eee2ed74e!8m2!3d28.5892428!4d77.3038478!16s%2Fg%2F11h5lps_7r!19sChIJN5peZ6LhDDkRTtcu7o6jLk4?authuser=0&hl=en&g_ep=EgoyMDI2MDkyNy4xIJJjKgBIAVAD&rclk=1,NGO in South Extension Delhi,5,5.0,0.38273653198653196,0,"I loved how saviour foundation is working towards the wellfare of society , education kits and programs for the underprivilege children . I loved working with them and i will try to be in contact with them in future too. ||| I had a wonderful experience with Saviour Foundation. The organization is genuinely committed to serving the community through meaningful social initiatives. The volunteers are dedicated, compassionate, and always eager to make a positive impact. Their efforts in environmental awareness, health camps, and community welfare are truly inspiring. I highly recommend Saviour Foundation to anyone who wishes to support or be a part of positive social change. ||| It was a truly rewarding experience to volunteer with your organization during my HVOC program. The dedication and compassion shown by everyone involved were deeply inspiring. I learned so much and felt privileged to contribute to your ||| I had a great experience volunteering with Saviour Foundation. The team is supportive, wellorganized, and truly dedicated to helping society through education, environmental awareness, and community service. It was a meaningful experience that helped me learn new skills while making a positive impact. I highly recommend Saviour Foundation to anyone interested in social work. ||| Volunteering with this NGO has been a wonderful learning experience for me. Through different activities like awareness campaigns, research work, and community service, Every task helped me develop new skills and boosted my confidence."
Blessings NGO,0.0,161,"Blessings NGO | 4.9(161) | Non-governmental organization · ground Flr, G-39, Haji Colony Main Rd | Closes soon · 6 pm · Opens 9 am Thu · 092679 60063",https://www.google.com/maps/place/Blessings+NGO/data=!4m7!3m6!1s0x390ce3f6896e1f9d:0x1688079fa858d66d!8m2!3d28.553235!4d77.2828644!16s%2Fg%2F11bw470cyl!19sChIJnR9uifbjDDkRbdZYqJ8HiBY?authuser=0&hl=en&g_ep=EgoyMDI2MDkyNy4xIJJjKgBIAVAD&rclk=1,NGO in South Extension Delhi,5,5.0,0.3729761904761905,0,"I really admire the amazing work done by Blessings NGO. They are truly making a difference in peoples lives through their dedication and compassion. It feels so good to see how genuinely they help those in need without expecting anything in return. Their efforts towards uplifting society are truly inspiring. We all should support such organizations so they can continue spreading kindness and hope. Keep up the great work! ||| Me and my friends had a great and wonderful experience at Blessings NGO. Everyone was very supportive and collaborative during our shoot especially the children and Hina maam...Thank you so much for giving us your precious time ||| My experience at Blessings NGO was truly exceptional. Teaching underprivileged children basic English and computer skills for a month left a profound impact. The teams unwavering dedication, comprehensive curriculum, and focus on holistic ||| Whole Team of Blessing NGO is amazing . I will recommend everyone who wants to be a volunteer in NGO to join Blessings NGO . Students coming to the NGO they are capable of doing greats in their life and blessings is helping them to fulfill their dreams . If I get free time I will surely go and reach them again . My experience was fantastic . It was a wonderfull time that I spend there . I would like to say thanks to Mishkat maam for giving me the opportunity to be a part of Blessings NGO . ||| It was a great experience at blessings NGO. Nishat mam and her team is doing a fabulous work to empower women and children and to give them a brighter future. I would recommend many more people to come forward and connect to this NGO and get inner satisfaction and peace."
"TRY NGO "" Transforming Rural Youth """,0.0,1288,"TRY NGO "" Transforming Rural Youth "" | 4.9(1,288) | Non-profit organization · B 292, Ground Floor | Open · Closes 7 pm · 081711 17111",https://www.google.com/maps/place/TRY+NGO+%22+Transforming+Rural+Youth+%22/data=!4m7!3m6!1s0x390ce5c2e6a6319f:0x18246ae0581b81f!8m2!3d28.5893981!4d77.3053784!16s%2Fg%2F11pz8hyfwl!19sChIJnzGm5sLlDDkRH7iBBa5GggE?authuser=0&hl=en&g_ep=EgoyMDI2MDkyNy4xIJJjKgBIAVAD&rclk=1,NGO in South Extension Delhi,5,4.8,0.38139954742227467,0,"I am deeply impressed by the incredible work this NGO is doing to uplift marginalized communities. Their initiatives in child empowerment, quality education, healthcare, womens empowerment, and poverty alleviation are creating meaningful and lasting change. What stands out most is their genuine commitment to improving lives and providing opportunities for those who need them the most. The organization is wellorganized, transparent, and driven by a strong sense of social responsibility. It is truly inspiring to see the positive impact they are making in society. ||| TRY NGO is doing remarkable work in the field of child development and community welfare. The organization believes in empowering people through education and awareness instead of simply providing temporary assistance. I was impressed by ||| I am highly impressed by the work of this NGO. It is dedicated to improving the lives of people and making a positive impact on society. The organization works tirelessly to support underprivileged communities through various social welfare programs, educational initiatives, health awareness campaigns, and community development activities. The team members and volunteers are hardworking, compassionate, and committed to their mission. Their efforts have helped many individuals and families overcome challenges and build a better future. The NGO maintains transparency, professionalism, and a genuine concern for the wellbeing of the people it serves. What I appreciate most is their dedication to creating lasting change rather than providing only temporary solutions. Their projects are wellplanned and effectively implemented, benefiting a large number of people. This NGO serves as an inspiration for others to contribute to society and work towards a more inclusive and caring community. I sincerely appreciate the remarkable work being done by this organization and wish them continued success in all their future endeavors. Their contribution to society is truly valuable and deserves recognition and support. This NGO is doing excellent work for the welfare of society. The team is dedicated, supportive, and committed to helping people in need. Their efforts create a positive impact on the community and inspire others to contribute to social causes. I truly appreciate their hard work and wish them continued success. ||| Volunteering with TRY NGO Noida was a valuable and enriching experience. During my time there, I had the opportunity to interact with children and conduct awareness sessions on personal hygiene and healthy habits. One of the key activities ||| TRY NGO is more than just an organizationit is creating meaningful change in the lives of children and communities. Their dedication to educating underprivileged children and empowering women is truly inspiring. Volunteering with the team through teaching sessions, educational activities, and community visits was a rewarding experience. Their compassion, commitment, and vision for a better future are genuinely making a lasting impact. Wishing the team continued success in transforming many more lives!"
Swechha India,0.0,42,"Swechha India | 3.9(42) | Youth organization ·  · R-84, Khirki Extension, Malviya Nagar | Open · Closes 9 pm · 011 2954 4678",https://www.google.com/maps/place/Swechha+India/data=!4m7!3m6!1s0x390ce21f1826bfb1:0x8fe317994cb2f67a!8m2!3d28.532056!4d77.217833!16s%2Fg%2F11clgh72kr!19sChIJsb8mGB_iDDkRevayTJkX448?authuser=0&hl=en&g_ep=EgoyMDI2MDkyNy4xIJJjKgBIAVAD&rclk=1,NGO in South Extension Delhi,5,3.8,0.20611111111111108,0,"Im Feeling Very Glad that I Visit Here. Best Place With Creative Minded Peoples. Beautifully Designed Everything either it is Sofa, Mirror, Handbags, Chairs, Pillows, Bottle Bulbs etc. Everything is Mesmerising. I Have Only One Word to Describe the Place and People who Worked Here and i.e. Amazing. You Guys Are Amazing, Your Work is Amazing.! ||| Beautiful office, full of life. People are amazing. Love the vibe of this space! ||| Worst NGO...... everyone is so busy that they cant even fill a feedback form for my internship.....haha.... thankyou for letting me grade C in internship project of my university ||| One of the great NGOs of Delhi working the cause of uplifting children and educating them. Their initiative of making Yamuna clean is also very laudable. ||| Dedicated group of people who are working for increasing Delhis forest cover and setting example on how to use plastic waste in productive way."
SCP FOUNDATION NGO,0.0,45,"SCP FOUNDATION NGO | 5.0(45) | Non-profit organization · H.No- 1010/121, Madanpur Khadar, Sarita Vihar | Open · Closes 9 pm · 095555 37474",https://www.google.com/maps/place/SCP+FOUNDATION+NGO/data=!4m7!3m6!1s0x390ce6af5d351cf7:0xcd8cd686ae192209!8m2!3d28.5320966!4d77.2972679!16s%2Fg%2F11cmnln5b3!19sChIJ9xw1Xa_mDDkRCSIZrobWjM0?authuser=0&hl=en&g_ep=EgoyMDI2MDkyNy4xIJJjKgBIAVAD&rclk=1,NGO in South Extension Delhi,5,5.0,0.33960606060606063,0,"SCP FOUNDATION is a registered nongovernmental organisation NGO working in the areas of education, healthcare and skilldevelopment. To create selfsustaining employment opportunities for the women and youth. To promote the various social causes of SCP Foundation and other social organisations through programmes, etc To promote and encourage the education, welfare, empowerment and the uplift of women and children. Thank for good work Prasant kumar Rajnagar, Madhubani Bihar. ||| A place where you feel connected. Dignity of people. Value of the work! I feel amazed and great learning experience whenever I visit SCP FOUNDATION. Thank you for everything ||| I am student of scp and i am doing there diploma in graphics designing course.ths institute is doing a great work for digital india it has a great feculity for students there has a great teachers in scp. ||| I like social social Event. SCP FOUNDATION NGO IS Working as Skill development program at Madanpur khadar sarita vihar delhi. ||| This NGO is help to helpless people and support student education... So, I like SCP FOUNDATIN NGO NEW DELHI."
Indian Social Responsibility Network,0.0,48,Indian Social Responsibility Network | 4.1(48) | Non-profit organization · A-85 | Closes soon · 6:30 pm · Opens 9:30 am Thu · 011 4104 5160,https://www.google.com/maps/place/Indian+Social+Responsibility+Network/data=!4m7!3m6!1s0x390ce4be6f62ad1d:0x6e1a82385e09d8e3!8m2!3d28.5604627!4d77.2538283!16s%2Fg%2F11clygvd6x!19sChIJHa1ib77kDDkR49gJXjiCGm4?authuser=0&hl=en&g_ep=EgoyMDI2MDkyNy4xIJJjKgBIAVAD&rclk=1,NGO in South Extension Delhi,4,4.75,0.23513736263736262,0,"A Committed Organization Driving Social Impact Across India! Indian Social Responsibility Network ISRN is a highly dedicated and visionary organization working tirelessly to create meaningful change at the grassroots level. Their efforts span across critical areas like health, education, agriculture, capacity building, and social awareness, with a special focus on empowering underserved communities. What sets ISRN apart is its ability to bring together government institutions, civil society organizations, and corporate entities to collaborate under a shared vision of sustainable development. Their professionalism, transparency, and peoplecentric approach truly make a difference. Having witnessed their work firsthand, I can confidently say that ISRN not only delivers impactful programs but also builds lasting community engagement and trust. A highly recommended organization for anyone looking to support or partner in social development initiatives in India! ||| Mr. Gupta is one of those persons whom you always wanted to come across with. Nice to get his views on few of our upcoming projects. ||| Around 800m from South Extn. Metro station Pink Line ||| Superbzzz....alll the stafff of ISRN is Good work ...osmeee"
Shubh Lagan Divyang Foundation,0.0,25,Shubh Lagan Divyang Foundation | 4.7(25) | Foundation ·  · P - 7A | Closes soon · 6:30 pm · Opens 10 am Thu · 084473 04000,https://www.google.com/maps/place/Shubh+Lagan+Divyang+Foundation/data=!4m7!3m6!1s0x390ce26ac0555555:0x55b713f307a71af4!8m2!3d28.5608488!4d77.2057785!16s%2Fg%2F11rxp6vy4s!19sChIJVVVVwGriDDkR9BqnB_MTt1U?authuser=0&hl=en&g_ep=EgoyMDI2MDkyNy4xIJJjKgBIAVAD&rclk=1,NGO in South Extension Delhi,5,4.8,0.33444444444444443,0,"Im seeing this ngo from past 6 to 8 months and there work are so nice and they help many physically disabled childrens Great work seriously . May God bless this NGO ||| I have donated here and this ngo is doing super great work may God bless them they are helping disable childs and poor girls for their education and marriage. ||| I have visited personally to ngo and I am very glad to see how they help handicap and disable people I really appreciate for their work and feeling so proud and happy that they giving there 100 percent to there work and giving there precious time God bless you always shubh lagan divyang foundation ||| This NGO is genuine and helps the needy in time. Keep up the good work. Godspeed to you. ||| I really appreciate to this ngo work regarding health care, disable people ,etc .. blessings"
Jiyo Jaago Foundation,0.0,3,"Jiyo Jaago Foundation | 5.0(3) | Corporate office · 143, | Closes soon · 6 pm · Opens 10 am Thu · 011 4164 0919",https://www.google.com/maps/place/Jiyo+Jaago+Foundation/data=!4m7!3m6!1s0x390ce2418c000001:0x32775d900131ae87!8m2!3d28.5601003!4d77.2193187!16s%2Fg%2F11g5_4lqzy!19sChIJAQAAjEHiDDkRh64xAZBddzI?authuser=0&hl=en&g_ep=EgoyMDI2MDkyNy4xIJJjKgBIAVAD&rclk=1,NGO in South Extension Delhi,0,0.0,0.0,0,No verified reviews found.
"Asha Foundation (NGO), Best NGO in Delhi NCR,Top NGO in Delhi",0.0,318,"Asha Foundation (NGO), Best NGO in Delhi NCR,Top NGO in Delhi | 4.8(318) | Social welfare center · D248, DDA flats, Pkt-3 Bindapur, near sector 2 dwarka | Closes soon · 6 pm · Opens 10 am Thu","https://www.google.com/maps/place/Asha+Foundation+%28NGO%29,+Best+NGO+in+Delhi+NCR,Top+NGO+in+Delhi/data=!4m7!3m6!1s0x390d1bebddef3a4b:0xf7ea2f4af17a9076!8m2!3d28.6069492!4d77.0652459!16s%2Fg%2F11f6cd3glb!19sChIJSzrv3esbDTkRdpB68Uov6vc?authuser=0&hl=en&g_ep=EgoyMDI2MDkyNy4xIJJjKgBIAVAD&rclk=1",NGO in South Extension Delhi,5,5.0,0.42038095238095236,0,"I had a wonderful experience with this ngo The team is dedicated supported and genuinely committed to helping the community. ||| Excellent ngo with a dedicated team highly recommend for education and community service ||| This ngo is making education accessible and helping people achieve their goals ||| Highly recommended for anyone looking to learn growth and contribute to the community ||| Asha Foundation is one of the best NGOs in Delhi NCR, working tirelessly for social welfare and women empowerment. They offer valuable courses like Computer, English Speaking and Stitching, helping many become selfreliant. Their work also includes plantation drives, sanitary pad distribution and other community initiatives that make a real difference. A dedicated team, impactful work and a genuine mission, Asha Foundation truly deserves appreciation."
Sankalp NGO,0.0,19,"Sankalp NGO | 4.4(19) | Non-governmental organization · Deshbandhu College, 17/1, opp. Main Gate | 098106 18916",https://www.google.com/maps/place/Sankalp+NGO/data=!4m7!3m6!1s0x390ce15dbfffffff:0xa519bfc0c1ddcda7!8m2!3d28.5346916!4d77.2601742!16s%2Fg%2F1tfz_g3z!19sChIJ____v13hDDkRp83dwcC_GaU?authuser=0&hl=en&g_ep=EgoyMDI2MDkyNy4xIJJjKgBIAVAD&rclk=1,NGO in South Extension Delhi,5,4.8,0.43583333333333335,0,This is really a good place where u give education to underprivileged children which develop a sense of responsibility in you and also it will make you understand what hardship they face. Its never too late to help someone like them which will develop a sense of good feelings in you. ||| SANKALP is working for social cause which makes me feel proud. We have a NGO that is really uplifting the needy people and empowering the society. Thank you for the remarkable work. ||| I enjoyed talking to the children ||| Children is very beautiful gift from god and many more children are in problem this ngo helps the children ||| I really appriciate their work
Sakshi Ngo,0.0,11,Sakshi Ngo | 4.9(11) | Corporate office · d 332 | Open now · 098112 33595,https://www.google.com/maps/place/Sakshi+Ngo/data=!4m7!3m6!1s0x390ce3ecee64d39f:0xf909c381cd65580e!8m2!3d28.571415!4d77.2348543!16s%2Fg%2F11gj77ty2x!19sChIJn9Nk7uzjDDkRDlhlzYHDCfk?authuser=0&hl=en&g_ep=EgoyMDI2MDkyNy4xIJJjKgBIAVAD&rclk=1,NGO in South Extension Delhi,1,5.0,0.5333333333333333,0,Sakshi is doing some amazing work during the current pandemic. Very impressed with the outcomes they have achieved. Bravo team!
CanKids KidsCan,0.0,33,"CanKids KidsCan | 4.3(33) | Non-profit organization ·  · No-5 1463, A Street | Open 24 hours · 011 2462 2484",https://www.google.com/maps/place/CanKids+KidsCan/data=!4m7!3m6!1s0x390ce25bb0730da9:0xd57b6c1dbcc48499!8m2!3d28.570438!4d77.2260439!16s%2Fg%2F11hbgbp4p8!19sChIJqQ1zsFviDDkRmYTEvB1se9U?authuser=0&hl=en&g_ep=EgoyMDI2MDkyNy4xIJJjKgBIAVAD&rclk=1,NGO in South Extension Delhi,5,4.8,0.21333333333333332,0,"You will have life time experience, when you visit this center and have interaction with children who are suffering from deadly diseases but their energy level for phenomenal. ||| This place is designed for kids fun. ||| This is a good place for cancer patients ||| Donate for these children... Who r recovering from cancer ||| Place to stay for Kids with Cancer and thier families"
UDAAN - NGO for education development,0.0,25,"UDAAN - NGO for education development | 5.0(25) | Volunteer organization · B-7, 5109 | Closes soon · 6 pm · Opens 11 am Thu · 098116 40575",https://www.google.com/maps/place/UDAAN+-+NGO+for+education+development/data=!4m7!3m6!1s0x390d1d5dbf96da8b:0x51cd67c85ea4d24e!8m2!3d28.5263842!4d77.1573931!16s%2Fg%2F11tjzp7njr!19sChIJi9qWv10dDTkRTtKkXshnzVE?authuser=0&hl=en&g_ep=EgoyMDI2MDkyNy4xIJJjKgBIAVAD&rclk=1,NGO in South Extension Delhi,5,5.0,0.3531666666666667,0,"Udaan is doing a tremendous job by helping underprivileged children. They are working to empower slum children and take them to heights. Reaching to the unreached is their goal. My best wishes to Udaan and prayers for children. All the Best. Kudos to the team. People can help, support, volunteer and be a part of this noble cause which they are doing in improving the lives of children. ||| If it is about quality education to all udaan is the one place that comes to my mind. Udaan is doing an amazing job by helping young children come a step closer to their dream! ||| UDAAN is a revolutionary organization that has not been just education underprivileged children but has also been working to spread its message to sensitize the society. Hats of to you! With people like you working relentlessly. ||| Path breaking work by Mrs. Suri. Beautiful computer lab setup in Vasant kunj. Wish there are more such people making honest efforts for education to reach the last child in the society. ||| Absolutely amazing what this NGO is trying to do. Education is the light that can guide people through their lifetime and this organization is giving the same light to these children who otherwise would have not gotten a chance to gain the same."
Prabhaav Foundation,0.0,5,Prabhaav Foundation | 5.0(5) | Social services organization · A-9 | Closes soon · 6 pm · Opens 9 am Thu · 011 4103 6265,https://www.google.com/maps/place/Prabhaav+Foundation/data=!4m7!3m6!1s0x390ce38bbb174069:0xe1cdb5862176741c!8m2!3d28.5553438!4d77.2056733!16s%2Fg%2F11fnh6br17!19sChIJaUAXu4vjDDkRHHR2IYa1zeE?authuser=0&hl=en&g_ep=EgoyMDI2MDkyNy4xIJJjKgBIAVAD&rclk=1,NGO in South Extension Delhi,1,5.0,0.6499999999999999,0,Prabhaav foundation has given the best platform to a lot of students and I believe it has helped in nurturing the life of many kids. The teaching is very systematic and it is an amazing experience volunteering with them. Great Work.. Great NGO Prabhaav Foundation.
LITTERAE Foundation,0.0,22,"LITTERAE Foundation | 4.7(22) | Education center · Building Basement, Universal Empire, H15 | ",https://www.google.com/maps/place/LITTERAE+Foundation/data=!4m7!3m6!1s0x390ce37947a9f5d9:0x24f5cc704ba17642!8m2!3d28.5695606!4d77.2217109!16s%2Fg%2F11rc9pdf22!19sChIJ2fWpR3njDDkRQnahS3DM9SQ?authuser=0&hl=en&g_ep=EgoyMDI2MDkyNy4xIJJjKgBIAVAD&rclk=1,NGO in South Extension Delhi,5,4.8,0.34398809523809526,0,"I like the teaching way. I have completed one year diploma course in office management. The teachers were soo good and amazing. I am very happy to be part of this institute. Thanks to litterae foundation. ||| My name is Sanjana. I did office management diploma course from Litterae Foundation. I had subjects like functional english, office management, business english communication and Computer. The teachers were Good. I had a great time there. The education they are providing is excellent. I also had my 6 months internship as Data Entry Operator in MCD School from this institute. It is best for those who are not doing regular colleges because they took regular classes there with interesting topics everyday. I can say there we had fun and practical learning Both. So I just want to say thankyou so much Litterae foundation. ||| After 12th, students do not understand what to do and what not to do. All the information regarding the course will be provided to you so that you can do it. I have done course from litterae foundation. ||| I joined litterae foundation right after my school...I didnt know about what to do after my school...but at the right time .. Ms rajni vashisht maam came and guided us to do diploma and also sent us school to training. it really helped a lot. From litterae foundation I learnt that experience and knowledge matters a lot not the the other thing. ||| I have completed one year diploma . Its a great experience for me. I learnt many things about teaching. Had a great funn. Thanks to all teachers"
EHSAS ’81 Foundation,0.0,1,"EHSAS ’81 Foundation | 5.0(1) | Non-profit organization · Top Floor, A 12, Main, Ring Rd | ",https://www.google.com/maps/place/EHSAS+%E2%80%9981+Foundation/data=!4m7!3m6!1s0x390ce2726553aa39:0x7447cdc4692a6d6f!8m2!3d28.5689822!4d77.2216555!16s%2Fg%2F11gd38hl21!19sChIJOapTZXLiDDkRb20qacTNR3Q?authuser=0&hl=en&g_ep=EgoyMDI2MDkyNy4xIJJjKgBIAVAD&rclk=1,NGO in South Extension Delhi,1,5.0,0.6,0,Nice work with children
Helping Hands Ngo,0.0,4,"Helping Hands Ngo | 4.8(4) | Non-profit organization · 93, Extn, GF, B-7 | Closed · Opens 9 am Thu · 089589 68000",https://www.google.com/maps/place/Helping+Hands+Ngo/data=!4m7!3m6!1s0x6c3d05f6a362e893:0x7309571629c70476!8m2!3d28.5591648!4d77.1993225!16s%2Fg%2F11w4g8sr_t!19sChIJk-hio_YFPWwRdgTHKRZXCXM?authuser=0&hl=en&g_ep=EgoyMDI2MDkyNy4xIJJjKgBIAVAD&rclk=1,NGO in South Extension Delhi,2,5.0,0.28375000000000006,0,"purchase leather bag for delegates the quality of leather bag was just highly commendable budget friendly, and given timely deadline ||| Its really very helpful ngo its provide course free in cost I like it"
Helping Hands Ngo,0.0,4,"Helping Hands Ngo | 4.8(4) | Non-profit organization · 93, Extn, GF, B-7 | Closed · Opens 9 am Thu · 089589 68000",https://www.google.com/maps/place/Helping+Hands+Ngo/data=!4m7!3m6!1s0x6c3d05f6a362e893:0x7309571629c70476!8m2!3d28.5591648!4d77.1993225!16s%2Fg%2F11w4g8sr_t!19sChIJk-hio_YFPWwRdgTHKRZXCXM?authuser=0&hl=en&g_ep=EgoyMDI2MDkyNy4xIJJjKgBIAVAD&rclk=1,NGO in South Extension Delhi,4,4.75,0.2125,0,"Helping Hand is making a powerful impact by turning unused medicines into lifesaving resources for those in need. Their thoughtful approach ensures that nothing goes to waste and every contribution counts. Its heartening to see their dedication to health and wellbeing in action. ||| This NGO is incredibly compassionate and genuinely dedicated to the wellbeing of the individuals they support! ||| This NGO is a beacon of empathy, showing unwavering dedication and heartfelt care for those in need! ||| Your contact no"
NIKSHAY FOUNDATION,0.0,184,"NIKSHAY FOUNDATION | 4.9(184) | Non-profit organization ·  · Ground Floor, Q,10 | Closed · Opens 10 am Thu · 093549 11926",https://www.google.com/maps/place/NIKSHAY+FOUNDATION/data=!4m7!3m6!1s0x390ce387ce87041d:0xff27ba14d323ca0!8m2!3d28.5620943!4d77.2596893!16s%2Fg%2F11nyqkwr0r!19sChIJHQSHzofjDDkRoDwyTaF78g8?authuser=0&hl=en&g_ep=EgoyMDI2MDkyNy4xIJJjKgBIAVAD&rclk=1,NGO in South Extension Delhi,5,4.8,0.6677500000000001,0,"Nikshay foundation is a very good NGO for all type of people who are struggling from there life the NGO gives them the opportunity to achieve goals in their life. ||| South delhi best NGO for youth development and women employment livelihood ||| Excellent Foundation. Here Team Work is on ground level where vulnerable sections of the society get their rights regarding Health , Food,Safety, Hygiene, awareness on several issues that are increasing day by day etc.Always Ready To Serve the Society ||| Doing really good job. Big aim and open mind set really impressed by current projects and also future or upcoming event and project. All staff members are really sweet and helpful ..... Keep spreading positivity and good vibes guys ||| Very good NGO for youth and womens"
Plan International (India Chapter),0.0,163,"Plan International (India Chapter) | 4.4(163) | Non-governmental organization · Zuari House, 1 | Closed · Opens 9:30 am Thu · 011 4655 8484",https://www.google.com/maps/place/Plan+International+%28India+Chapter%29/data=!4m7!3m6!1s0x390ce234d9278d8f:0x91d1434a747bbf94!8m2!3d28.5555925!4d77.2388348!16s%2Fg%2F1tx8rk_f!19sChIJj40n2TTiDDkRlL97dEpD0ZE?authuser=0&hl=en&g_ep=EgoyMDI2MDkyNy4xIJJjKgBIAVAD&rclk=1,NGO in South Extension Delhi,5,3.8,0.2768181818181818,2,"One the leading Child Rights NGO in India. Part of Plan International. A team of dynamic leaders and professionals committed to make positive changes in the lives of girls and boys. ||| Looks fraud. Called their contact numbers to stop deducting money from my account every month, but they always ask me to call another number who never picks calls. I tried few times, but no success. Avoid. ||| Such a great organisation and happy culture ||| Its a corporate office. Bit of parking issue if you travel via 4 wheeler. But rest is good ||| Nice offices. Well planned building. But reception sometimes has no clue about the offices."
CareForLife Ngo,0.0,12,"CareForLife Ngo | 5.0(12) | Non-governmental organization · Infront of fortis escort, 90 | Closes soon · 6 pm · Opens 11 am Thu · 099580 48015",https://www.google.com/maps/place/CareForLife+Ngo/data=!4m7!3m6!1s0x390ce359441fd5b5:0x7f81d5b17b59b1ca!8m2!3d28.5600452!4d77.2728474!16s%2Fg%2F11nnr376d0!19sChIJtdUfRFnjDDkRyrFZe7HVgX8?authuser=0&hl=en&g_ep=EgoyMDI2MDkyNy4xIJJjKgBIAVAD&rclk=1,NGO in South Extension Delhi,4,5.0,0.3958333333333333,0,Care for life is doing good job helping people is a sense of satisfaction feel blessed to be a part of it ||| If u care for others Care for Life is there with u standing in odd times. ||| The truest of the true group of humans serving HUMANITY. Hats off. ||| Good job care of life ngo
National Rehab center,0.0,82,"National Rehab center | 4.4(82) | Non-governmental organization · 1st Floor, TA – 204, Guru Ravidas Marg | Closes soon · 6 pm · Opens 10 am Thu · 1800 103 4683",https://www.google.com/maps/place/National+Rehab+center/data=!4m7!3m6!1s0x390ce16eddc9eef7:0xb3f2e5c6aac36a4a!8m2!3d28.5278475!4d77.25757!16s%2Fg%2F11b6g9w9cc!19sChIJ9-7J3W7hDDkRSmrDqsbl8rM?authuser=0&hl=en&g_ep=EgoyMDI2MDkyNy4xIJJjKgBIAVAD&rclk=1,NGO in South Extension Delhi,5,3.4,0.15444444444444444,0,"got a call from one of the executive for help, so I asked her to drop me a whatsapp with all details. so she dropped a whatsapp but I already made I some donation with other ngo and thus I said sorry to her. Then she wrote me a very big emotional message which I attached herewith. is this the way to seek help, can understand the feel , and hard work NGO people are doing but this is no way . Really disappointed. ||| The National Organisation For Social Empowerment provides free food to all the underprivileged people under their Project National NGO Kitchen. They feed around 500600 people on daily basis. Kudos to the team, All the best guys. ||| this ngo is taking a great initiative to help to poor for their health and education. i really appreciate the teams work they are doing it all together, i wish them good luck and all the best for the future. ||| Its good to see that in the response to COVID19, National Organisation For Social Empowerment is helping underprivileged people day and night to ensure food, aid, and medical supplies are delivered to those who need it. Keep up the good work! ||| got a call from one of the executive for help, and due to some reasons i was not able to attend the call again, so they dropped a very big emotional message in name of GOD , that all hopes are shattered because of me and GOD is watching"
Prajna Foundation,0.0,45,Prajna Foundation | 4.9(45) | Non-profit organization · Basti Vikas Kendra | Open · Closes 7 pm · 098109 94999,https://www.google.com/maps/place/Prajna+Foundation/data=!4m7!3m6!1s0x390ce3dba34e8917:0x5233420f6c781bfb!8m2!3d28.5435172!4d77.2561792!16s%2Fg%2F11fyz9gkdy!19sChIJF4lOo9vjDDkR-xt4bA9CM1I?authuser=0&hl=en&g_ep=EgoyMDI2MDkyNy4xIJJjKgBIAVAD&rclk=1,NGO in South Extension Delhi,5,5.0,0.4484393939393939,0,"Prajna Foundation Centre is doing wonderful work for underprivileged children and the community. The team is dedicated, caring, and genuinely committed to improving lives through quality education, skill development, and a supportive environment. It is inspiring to see how they encourage children to learn, grow, and discover their talents through different activities and workshops. I truly appreciate the efforts of all the volunteers and staff who work tirelessly to make a positive impact. Wishing the organization continued success in reaching and helping many more people. ||| Volunteering with Prajna Foundation was really an enriching experience. The team here is supportive and approachable. Interacting with the children and witnessing their curiosity, enthusiasm, and growth made the experience especially meaningful. ||| A wonderful ngo with a dedicated and caring team. Their commitment to educating and supporting children is truly inspiring. Im grateful for the opportunity to volunteer here and highly recommend supporting their meaningful work! ||| Such a wonderful place to be associated with! The faculty is very supportive and dedicated to making a genuine impact and the children are absolute sweethearts, their energy can brighten up the entire place. ||| I admire the vision of Mr. R.K. Sinha. The NGO is not just teaching children but also spreading hope and dignity. A genuine place with genuine people."
Action for Ability Development and Inclusion (AADI),0.0,160,"Action for Ability Development and Inclusion (AADI) | 4.7(160) | Non-profit organization ·  · AADI, 2, NATIONAL INSTITUTE OF FASHION TECHNOLOGY, 2, Balbir Saxena Marg, next to Gen.Raj’sSchool | Closed · Opens 9 am Thu · 011 2656 9107",https://www.google.com/maps/place/Action+for+Ability+Development+and+Inclusion+%28AADI%29/data=!4m7!3m6!1s0x390d1d8baaaaaaab:0x2ee071255d7b66e6!8m2!3d28.5564811!4d77.2092501!16s%2Fg%2F1tgn338c!19sChIJq6qqqosdDTkR5mZ7XSVx4C4?authuser=0&hl=en&g_ep=EgoyMDI2MDkyNy4xIJJjKgBIAVAD&rclk=1,NGO in South Extension Delhi,5,4.8,0.45133333333333336,0,"The staff is absolutely outstanding! They provide excellent service and offer tailored programs for children that truly makes a difference. Their commitment to empowering families is remarkable. ||| The institution form with their students, and if the students are the one with gods grace are blessing to such institute. ||| Nice place very clam place. Here I am come to learn computer classes. ||| Doing excellent work by helping the needy ones! ||| Very professionally run organisation for the differently abled"
Nai Disha,0.0,54,Nai Disha | 4.6(54) | Non-governmental organization ·  | Open · Closes 7 pm · 088009 95953,https://www.google.com/maps/place/Nai+Disha/data=!4m7!3m6!1s0x390d1e722eb88b3d:0xb86887ab22f79094!8m2!3d28.5176561!4d77.1661881!16s%2Fg%2F11cp7f8fc0!19sChIJPYu4LnIeDTkRlJD3IquHaLg?authuser=0&hl=en&g_ep=EgoyMDI2MDkyNy4xIJJjKgBIAVAD&rclk=1,NGO in South Extension Delhi,5,5.0,0.28833333333333333,0,"I am with this Organization since 11yrs. Started going in 2007 as student and still a student here... U guys should visit our school and Organization Nai DishaThey help in every aspect .. ||| This is an extremely good organization, which is doing a lot for children s education an women empowerment. I am glad to have been able to contribute in its journey. ||| I loved this place. Interacting with children was fun. It gave me a mindful insight about their lives. Conducting workshops for them and being a part of them was simply amazing hope to have a fun time ahead ||| My mind was so popped up after visiting this NGO. Theyre doing such a great job. Theyre have everything to offer from disadvantaged kids to womens. Theres no limits to learn from these guys. ||| I am with this NGO since 15yrs.. Started going in 2005 as student and still a student here... U guys should visit our school and ngo... They help in every aspect"
PAHAL (NGO),0.0,1,"PAHAL (NGO) | 5.0(1) | Social services organization · S-2. FIRST FLOOR, AMAN MALIK APPARTMENT, near Sai Baba Temple | 098100 00188",https://www.google.com/maps/place/PAHAL+%28NGO%29/data=!4m7!3m6!1s0x390ce17c58d70249:0x5b2355a89a5a67d4!8m2!3d28.5308163!4d77.2168036!16s%2Fg%2F11y36trsr3!19sChIJSQLXWHzhDDkR1GdamqhVI1s?authuser=0&hl=en&g_ep=EgoyMDI2MDkyNy4xIJJjKgBIAVAD&rclk=1,NGO in South Extension Delhi,0,0.0,0.0,0,No verified reviews found.
"Indian Cancer Society, Delhi Branch",0.0,22,"Indian Cancer Society, Delhi Branch | 4.1(22) | Non-profit organization ·  · Basement B, 63, 64 | Closed · Opens 9:30 am Thu · 011 4942 4723","https://www.google.com/maps/place/Indian+Cancer+Society,+Delhi+Branch/data=!4m7!3m6!1s0x390ce242b8ffffff:0x35e7c547a9042ce4!8m2!3d28.5656576!4d77.2174697!16s%2Fg%2F1tflktkb!19sChIJ____uELiDDkR5CwEqUfF5zU?authuser=0&hl=en&g_ep=EgoyMDI2MDkyNy4xIJJjKgBIAVAD&rclk=1",NGO in South Extension Delhi,5,3.4,-0.052071428571428546,1,"They are the oldest cancer NGO in the country. The Delhi office has dedicated volunteers who work selflessly and make themselves anytime that i have needed them. very hard to find committed souls in this day age ||| ICS Delhi working at full zeal on awareness screening Of cancer emotional...support and rehabilitation of cancer patients .The whole staff from chair person onwards is dedicated towards the work allotted. Salute to all of them ||| This institute has only Veteran doctors , retired , have no support facility , no detection centers , euipments, even they have no ties with or references to any govt. or private hospital for further checkups to detect cancer stage or type or its spreading. The ambience of its detection centre was worst , you would feel like you are visiting some NDMC or MCD office, where a few aged female staffs are sitting taking sip of tea and enjoy cookies , called a sareeseller on bicycle and buying sarees right in this centre, some male staff is taking print out using office equipments for his sons dusshera and diwali assignments. All these happened so openly and with no fear of any investigation. ||| Very bad experience regarding cancer patient, they just FAKE RUMOUR they support cancer patients but today I know lots of time i contribute the donation there volunteers in thier box. To day i call about help some patient he said if they take treatment from they panel hospitals. ||| Excellent organization with very dedicated volunteers doing a lot of work for creating awareness and also helping cancer patients in hospitals."
HOPE worldwide (NGO),0.0,9,"HOPE worldwide (NGO) | 4.9(9) | Non-governmental organization · A, 515, opposite BATRA HOSPITAL & MEDICAL RESEARCH CENTRE, near Police station | Closes soon · 6 pm · Opens 9 am Thu · 098182 43311",https://www.google.com/maps/place/HOPE+worldwide+%28NGO%29/data=!4m7!3m6!1s0x390ce15e78fa8159:0x17556f427d85c7bf!8m2!3d28.5086059!4d77.2419806!16s%2Fg%2F11fk8dq0y4!19sChIJWYH6eF7hDDkRv8eFfUJvVRc?authuser=0&hl=en&g_ep=EgoyMDI2MDkyNy4xIJJjKgBIAVAD&rclk=1,NGO in South Extension Delhi,3,5.0,0.6,0,I am the student of your school Thankyou so much and i wish this ego continue a lot of year ||| Very prompt and wonderful work done.. ||| The best foundatation school
Alhikmah Foundation,0.0,36,"Alhikmah Foundation | 4.5(36) | Non-profit organization · House No. 34, Street No. 36 | Open · Closes 10 pm",https://www.google.com/maps/place/Alhikmah+Foundation/data=!4m7!3m6!1s0x390ce3ded90637e9:0xe38f45821c0328b3!8m2!3d28.5680685!4d77.2781172!16s%2Fg%2F11b7xnll6q!19sChIJ6TcG2d7jDDkRsygDHIJFj-M?authuser=0&hl=en&g_ep=EgoyMDI2MDkyNy4xIJJjKgBIAVAD&rclk=1,NGO in South Extension Delhi,5,4.2,0.2708428571428571,0,"It is an NGO that works for public welfare. Skill development programs are conducted here and girls are educated.This NGO is playing an important role in educating the society. The Alhikma Library is a very good place. Wellorganized and suited to the learning environment. I go to here everyday. This is a good place. Such a library should also be in other parts of the country. ||| neat and clean, comfortable chairs peaceful environment, and one major point is very near to the masjid abubakar Siddique. ||| Hakeem Ziauddin is handling this organisation well, helping students and ladies who wish to do something in life. Hakeem Ziauddin is gem of a person, more such organisations are required for better world ||| I wanted to join the library But they said the girls are not allowed Then why the hell are they saying its for both girls and boys education?? ||| Nice environment and very clean library."
PHASE NGO- People for Human Rights and Sustainable Environment,0.0,5,"PHASE NGO- People for Human Rights and Sustainable Environment | 5.0(5) | Non-profit organization · PHASE NGO, Aman Apartment, J-4/70, Aman Chowk, Khirkee Extention, Malviya Nagar, Behind Sai Baba Mandir lane, Opp. Select City Walk Mall | Closed · Opens 10 am Thu",https://www.google.com/maps/place/PHASE+NGO-+People+for+Human+Rights+and+Sustainable+Environment/data=!4m7!3m6!1s0x390ce21ffdbfecc5:0x609e6f4169fdb9ca!8m2!3d28.5316538!4d77.2170694!16s%2Fg%2F11f3r99phc!19sChIJxey__R_iDDkRyrn9aUFvnmA?authuser=0&hl=en&g_ep=EgoyMDI2MDkyNy4xIJJjKgBIAVAD&rclk=1,NGO in South Extension Delhi,0,0.0,0.0,0,No verified reviews found.
Helping Hut (NGO),0.0,217,"Helping Hut (NGO) | 4.9(217) | Non-governmental organization ·  · D- block, Plot no :-147 and 147 A, Gali No. 5 | Closes soon · 6 pm · Opens 9 am Thu · 094821 18208",https://www.google.com/maps/place/Helping+Hut+%28NGO%29/data=!4m7!3m6!1s0x390d05d26dfc91df:0x76fd2e6915cbfaff!8m2!3d28.6077915!4d77.0302948!16s%2Fg%2F11qn5p4wbs!19sChIJ35H8bdIFDTkR__rLFWku_XY?authuser=0&hl=en&g_ep=EgoyMDI2MDkyNy4xIJJjKgBIAVAD&rclk=1,NGO in South Extension Delhi,5,5.0,0.5002355977355977,0,"Had a really meaningful experience volunteering with Helping Hut Foundation during their initiative for underprivileged children. The team is genuinely dedicated towards creating a positive social impact and working at the grassroots level to support communities through education and basic learning support. What stood out the most was the passion and sincerity of the volunteers and organizers. Seeing the enthusiasm of the children and the efforts being made to provide them with better opportunities was truly inspiring. Its great to see an organization working consistently towards building a more inclusive and supportive society. Wishing the entire Helping Heart Foundation team continued success for the amazing work they are doing. Highly appreciated! ||| I had a wonderful experience volunteering with this NGO through their Community Development Program. I had the opportunity to teach students, and it was both meaningful and rewarding. The team was supportive, wellorganized, and truly ||| Helping Hut NGO is doing remarkable work for society. Their team is truly dedicated and passionate about helping underprivileged communities. From organizing food distribution drives and education programs for children to conducting awareness campaigns, their efforts have been impactful and inspiring. The volunteers are hardworking, humble, and always willing to go the extra mile to bring a smile to someones face. What stands out the most is their transparency, sincerity, and the personal involvement of every member in each project. If you are looking for an NGO to support or volunteer with, Helping Hut is an excellent choice. They are not only changing lives but also spreading hope and positivity. I genuinely appreciate their contribution and wish them continued success. ||| Today me and my friends members of Rotaract Club of Delhi Heights had a wonderful experience with Helping Hut NGO, Dwarka and spending time with the children. ||| This NGO is doing incredible work for children living in slum areas. They provide education, basic necessities, and emotional support to help children build a better future. The team is dedicated, transparent, and truly passionate about making a difference. Highly recommended!"
KHIDMAT CHILD FOUNDATION,0.0,13,"KHIDMAT CHILD FOUNDATION | 4.9(13) | Non-governmental organization · F, Azim Clinic, 14/2, Nafees Rd | Open 24 hours · 099115 00921",https://www.google.com/maps/place/KHIDMAT+CHILD+FOUNDATION/data=!4m7!3m6!1s0x390ce47629822745:0x3a998c7a7e8d3c07!8m2!3d28.567135!4d77.2853473!16s%2Fg%2F11k48s9fgy!19sChIJRSeCKXbkDDkRBzyNfnqMmTo?authuser=0&hl=en&g_ep=EgoyMDI2MDkyNy4xIJJjKgBIAVAD&rclk=1,NGO in South Extension Delhi,5,5.0,0.6446904761904761,0,"They are genuinely very good doing a hardwork with the deep of their heart on those unprivileged children they provide them good education , books and other things which helps them. I have been lots of NGOs most of them forget about there main motive but they are very focused and dedicated to achieve their aim . ||| This is best work for needy people and u guess doing well i hope this will work forever. ||| Hard working and polite nature. I am impressed to see your work. ||| Wonderful place ...they are really helping underprivileged kids by educating them ||| best organization and best volunteers doing great work on study toward slum kids"
Global Family NGO,0.0,3,"Global Family NGO | 4.3(3) | Association / Organization · E6, 81, Ratiya Marg | Closed · Opens 8 am Thu · 096508 55088",https://www.google.com/maps/place/Global+Family+NGO/data=!4m7!3m6!1s0x390ce10e8814f0f1:0x9102370f538cb994!8m2!3d28.5048818!4d77.2490669!16s%2Fg%2F11pv2bgg1z!19sChIJ8fAUiA7hDDkRlLmMUw83ApE?authuser=0&hl=en&g_ep=EgoyMDI2MDkyNy4xIJJjKgBIAVAD&rclk=1,NGO in South Extension Delhi,1,5.0,0.8,0,Its a great NGO for the children safety.
SHODH,0.0,35,"SHODH | 4.5(35) | Non-governmental organization · 228, GF | Closed · Opens 9:30 am Thu · 011 4301 7168",https://www.google.com/maps/place/SHODH/data=!4m7!3m6!1s0x390cfcaa3a3e6e99:0x454721723bf979c7!8m2!3d28.5573601!4d77.2491629!16s%2Fg%2F11bw61mdx0!19sChIJmW4-Oqr8DDkRx3n5O3IhR0U?authuser=0&hl=en&g_ep=EgoyMDI2MDkyNy4xIJJjKgBIAVAD&rclk=1,NGO in South Extension Delhi,5,5.0,0.49416666666666664,0,"It is a professional NGO and are doing good job. Keep itup foe great contribution toward humanity. ||| It is a professional NGO and they are doing exceptional work on hunger and malnutrition. I appreciate their work towards the society. ||| Shodh is working remarkably in the field of social upliftment under young and dynamic leadership. Keep it up, Team Shodh. ||| Organization working on low cost and providing healthy food. Great work People should contribute . ||| Excellent NGO under a great leadership team."
Sarva Hitam Manav Seva Sansthan,0.0,66,"Sarva Hitam Manav Seva Sansthan | 4.8(66) | Non-governmental organization · 14, Second Floor, Market, Jangpura Rd, near Eros Mall | Closed · Opens 9 am Thu · 098110 11397",https://www.google.com/maps/place/Sarva+Hitam+Manav+Seva+Sansthan/data=!4m7!3m6!1s0x390ce33f5d614d59:0xb763df9e80f7cc19!8m2!3d28.5803085!4d77.2415128!16s%2Fg%2F11l6g99gm5!19sChIJWU1hXT_jDDkRGcz3gJ7fY7c?authuser=0&hl=en&g_ep=EgoyMDI2MDkyNy4xIJJjKgBIAVAD&rclk=1,NGO in South Extension Delhi,5,5.0,0.5072222222222222,0,"Sarva Hitam Manav Sewa Sansthan continues to make a remarkable impact by empowering women through education and selfdefense programs. Their unwavering commitment to social welfare and community upliftment is truly inspiring. We applaud their efforts and wish them continued success in their noble mission! ||| Sarva Hitam Manav Sewa Sansthan is doing an incredible job in empowering women through education and selfdefense training. Their dedication to social service is truly commendable. Keep up the great work! ||| I am truly impressed by the efforts of this NGO in providing education and selfdefense training to women. Their workshops are wellstructured and impactful. Highly recommended! ||| Im really impressed by the dedication and impact of Sarva Hitam Manav Seva Sansthan. This NGO is a real source of hope for many underprivileged communities. Their commitment to helping the marginalized and offering essential services like education, healthcare, and job training is truly commendable. ||| Sarva hitam manav seva sadan doing great work for females. They covered all rural areas for health education n helped all ledies."
The Community Library Project - South Extension,0.0,98,"The Community Library Project - South Extension | 4.3(98) | Library · C-13, Dharam Bhawan, near, Gurudwara Rd | Open · Closes 8 pm",https://www.google.com/maps/place/The+Community+Library+Project+-+South+Extension/data=!4m7!3m6!1s0x390ce39e73dc8867:0x5d734849f83574d1!8m2!3d28.5700834!4d77.2228903!16s%2Fg%2F11m41xhk2k!19sChIJZ4jcc57jDDkR0XQ1-ElIc10?authuser=0&hl=en&g_ep=EgoyMDI2MDkyNy4xIJJjKgBIAVAD&rclk=1,NGO in South Extension Delhi,5,4.6,0.5303333333333333,0,"The library is wonderful. I really enjoyed it here. I also made a support. I received my project. Thank you for getting the bag. ||| Very good community good space for study and good environment fantastic program ||| Quiet peaceful place! Admins are good Friday closed! Have some decent amount of books ||| One of my favourite place in Delhi. The ambience The staff everything is so soothing. You can issue books for free, wifi works properly, if you study for long hours you can have evening tea, which is offered by the staff. The room is underground so its cool and airy. Washroom are great. Clean and properly sanitized. You can issue books for free. Just love this place. My comfort place for sure. ||| Library is become gossip place. There is noise everywhere. People and staff talk alwaya in high volume. People come here for playing vedio games and gossiping in groups. Best gossiping couple spot. If you have brilliant concentration study"
Freedom Life Center Delhi,0.0,68,Freedom Life Center Delhi | 4.8(68) | Church · L - 16 | Open 24 hours · 099713 55088,https://www.google.com/maps/place/Freedom+Life+Center+Delhi/data=!4m7!3m6!1s0x390ce25b55f33715:0x63795f300c4948b6!8m2!3d28.5668947!4d77.2233263!16s%2Fg%2F11b7q689xm!19sChIJFTfzVVviDDkRtkhJDDBfeWM?authuser=0&hl=en&g_ep=EgoyMDI2MDkyNy4xIJJjKgBIAVAD&rclk=1,NGO in South Extension Delhi,5,5.0,0.37240194805194804,0,"This is the good place to worship living god ||| Blessed place to worship the Lord in spirit and truth ! Strong emphasis on study of the Word and practical living. ||| Best church in town. This is very humble and transparent church. The lead pastor of the church is a great theologian, humble person and he is also a great counselor. ||| Dwelling Place of the LORD The best church, humble, Open transparent ||| If you feel lonely INSPITE of 10,000 people around you...If you feel lost INSPITE of having 2 to 3 shelter places...If you feel sad INSPITE Of all worldly pleasures and luxuries....Your Medicine to your unmeaning ful life is JESUS..ONLY JESUS..Come to the right destination with Jesus and you are never lonely again..Thankyou GCLC and the entire team for your divine counselling and holy spirit filled guidance to live our daily life.."
Naz Foundation,0.0,173,Naz Foundation | 4.2(173) | Non-governmental organization · A-86 | 011 4079 3157,https://www.google.com/maps/place/Naz+Foundation/data=!4m7!3m6!1s0x390ce3b8492f394d:0xb65ee3e53b8e5254!8m2!3d28.5603738!4d77.253745!16s%2Fg%2F1tmqprcn!19sChIJTTkvSbjjDDkRVFKOO-XjXrY?authuser=0&hl=en&g_ep=EgoyMDI2MDkyNy4xIJJjKgBIAVAD&rclk=1,NGO in South Extension Delhi,5,4.2,0.39916666666666667,0,"I am willing to give a donation of INR 10 lakh to Naz Foundation, how do I get in touch with the project manager of the foundation.! ||| Great experience in naz and they also help to improve life ||| Naz foundation is good. Have been doing great service for the society. But i still feel that peer counselors musy be under supervision under expert. They imperatively need to brush on their basic counselling skills. Especially training in different forms of validation in lived experience shared. This r my personal view. ||| Its helpful about Google its really really wonderful aap it can solve any problem google like rain who give my crops water thank you so much google ||| This establishment is extraordinary and pioneer is providing social, economical and emotional support to the members of LGBTQ community and vulnerable groups"
Sewa Suraksha Foundation - Divine Meditation,0.0,3,Sewa Suraksha Foundation - Divine Meditation | 5.0(3) | Non-profit organization · B 4 | Closes soon · 6 pm · Opens 10 am Thu · 070117 84499,https://www.google.com/maps/place/Sewa+Suraksha+Foundation+-+Divine+Meditation/data=!4m7!3m6!1s0x390ce3311ff4fd95:0x45dd5d412bd7b446!8m2!3d28.5595048!4d77.1999181!16s%2Fg%2F11h0b6gh7l!19sChIJlf30HzHjDDkRRrTXK0Fd3UU?authuser=0&hl=en&g_ep=EgoyMDI2MDkyNy4xIJJjKgBIAVAD&rclk=1,NGO in South Extension Delhi,0,0.0,0.0,0,No verified reviews found.
Language and Learning Foundation (LLF),0.0,25,"Language and Learning Foundation (LLF) | 4.7(25) | Non-governmental organization ·  · 1st Floor, B Block, Plot No 8, Guru Ravidas Marg | Open · Closes 7 pm · 011 2646 7184",https://www.google.com/maps/place/Language+and+Learning+Foundation+%28LLF%29/data=!4m7!3m6!1s0x390ce1f01f9b6911:0x8af8baac45e256d2!8m2!3d28.5412823!4d77.2614027!16s%2Fg%2F11ddzh_5w8!19sChIJEWmbH_DhDDkR0lbiRay6-Io?authuser=0&hl=en&g_ep=EgoyMDI2MDkyNy4xIJJjKgBIAVAD&rclk=1,NGO in South Extension Delhi,5,5.0,0.5207222222222222,0,"Excellent work been done by them, nice place, good team, indepth and very detailed program on education ||| llf is the way of primary language teaching method. i am student here as a teacher llf 2017 batch chhattisgarh from mahasamund district ||| Strong foundation, better future ||| Good team members, and kindly behavior. ||| Good and friendly people here"
Shanti Sahyog NGO,0.0,14,"Shanti Sahyog NGO | 3.6(14) | Community health center · 14, Guru Ravidas Marg | 011 2603 0185",https://www.google.com/maps/place/Shanti+Sahyog+NGO/data=!4m7!3m6!1s0x390ce163ef918f11:0x68b17e7fc4649ce8!8m2!3d28.5304249!4d77.257011!16s%2Fg%2F11dzt4v64y!19sChIJEY-R72PhDDkR6JxkxH9-sWg?authuser=0&hl=en&g_ep=EgoyMDI2MDkyNy4xIJJjKgBIAVAD&rclk=1,NGO in South Extension Delhi,2,3.0,0.0,0,"Shanti Sahyog ngo is a reliable and inspiring organization making a real difference. Their dedication, transparency, and grassroots efforts are truly commendable. ||| Parlour is not good."
SHARP NGO,0.0,0,"SHARP NGO | No reviews | Non-profit organization · 21, B6 Colony Rd | Open · Closes 5 am Thu · 011 4602 3588",https://www.google.com/maps/place/SHARP+NGO/data=!4m7!3m6!1s0x390ce3002a097f1d:0xf64b846cad721f5b!8m2!3d28.5611674!4d77.19603!16s%2Fg%2F11y63ygw2c!19sChIJHX8JKgDjDDkRWx9yrWyES_Y?authuser=0&hl=en&g_ep=EgoyMDI2MDkyNy4xIJJjKgBIAVAD&rclk=1,NGO in South Extension Delhi,0,0.0,0.0,0,No verified reviews found.
Divine Group Foundation,0.0,0,Divine Group Foundation | No reviews | Non-profit organization · Plaza I | 011 4513 7922,https://www.google.com/maps/place/Divine+Group+Foundation/data=!4m7!3m6!1s0x390ce3553a0fd793:0xdb9fbd2050ee418!8m2!3d28.5639569!4d77.2198128!16s%2Fg%2F11rj5h4sy2!19sChIJk9cPOlXjDDkRGOQOBdL7uQ0?authuser=0&hl=en&g_ep=EgoyMDI2MDkyNy4xIJJjKgBIAVAD&rclk=1,NGO in South Extension Delhi,0,0.0,0.0,0,No verified reviews found.
ActionAid Association,0.0,64,"ActionAid Association | 4.3(64) | Non-governmental organization · First Floor, F-5 | Closed · Opens 9:30 am Thu · 011 4064 0500",https://www.google.com/maps/place/ActionAid+Association/data=!4m7!3m6!1s0x390ce2120a00705b:0xb6e11d7cb4d06ec7!8m2!3d28.5528241!4d77.240408!16s%2Fg%2F11b7qqzggj!19sChIJW3AAChLiDDkRx27QtHwd4bY?authuser=0&hl=en&g_ep=EgoyMDI2MDkyNy4xIJJjKgBIAVAD&rclk=1,NGO in South Extension Delhi,5,4.0,0.34773333333333334,0,"Super suprised how this NGO takes its donors for granted!! My agreement with them was to fund a child for one year and after year when I got revert from them, I informed I would like to discontinue my service. But they have been going ahead and deducting the amount even after my denial and was never able to contact or connect with any of their team members. This is highly unprofessional and will not recommend this NGO . Better to search for a professional one. ||| Visited as a guest. It is so homely. Very nice. Had some good time with Mr. Bharath sir. Though it is compact it is very nice.. ||| It is a good place. I came here for my summer internship. All the people are very friendly. Working environment is good. ||| The office is quite out of the busy town. You wont feel that youre in Delhi. The staff are very welcoming and helpful. ||| ActionAid Association is aNGO registered in India and an affiliate to ActionAid International, which has presence in 42 countries globally."
Divya Darshan kisan Foundation - NGO,0.0,9,"Divya Darshan kisan Foundation - NGO | 4.7(9) | Non-governmental organization · H.no-817, Gali Number 5 | Open · Closes 8 pm · 087000 36763",https://www.google.com/maps/place/Divya+Darshan+kisan+Foundation+-+NGO/data=!4m7!3m6!1s0x390ce70061203e13:0x876ae5a30658b742!8m2!3d28.4932864!4d77.324955!16s%2Fg%2F11x_qs2sb_!19sChIJEz4gYQDnDDkRQrdYBqPlaoc?authuser=0&hl=en&g_ep=EgoyMDI2MDkyNy4xIJJjKgBIAVAD&rclk=1,NGO in South Extension Delhi,5,5.0,0.29283333333333333,0,"Thank you, Divya Darshan Kisan Foundation, for your guidance on planting and for spreading muchneeded awareness. Your work makes a real difference. ||| I was a really busy person due to my office work and found it difficult to find inspiration and peace in my life. After a discussion with the Divya Darshan Kisan Foundation, my mental stress was reduced. They suggested I start some planting and gardening on my rooftop, and after just a few months, I felt much better. Im now successfully managing both my office and personal life. I truly appreciate the fantastic support. ||| I am so grateful for the work Divya Darshan Kisan Foundation is doing. Their educational initiatives in school have created a good foundation for the childrens learning. As a teacher, I know the value of this, and I really appreciate the fantastic work the volunteers are doing. ||| Comment I was so inspired by the gardening short videos from Divya Darshan Kisan Foundation. As a housewife, Im now motivated to spend time making my own environment more ecofriendly and dustfree. I truly appreciate the fantastic work the volunteers are doing. ||| The educational programs free basic computer 3 months course for girls are wonderful. They are empowering women in our community. A fantastic NGO."
Katha Khazana N.G.O,0.0,38,"Katha Khazana N.G.O | 4.5(38) | Literacy program ·  · 1352, Kalkaji Main Rd | Closed · Opens 9 am Thu · 088007 97647",https://www.google.com/maps/place/Katha+Khazana+N.G.O/data=!4m7!3m6!1s0x390ce166c5a9c9dd:0x92fae0afe438c40a!8m2!3d28.5293318!4d77.259586!16s%2Fg%2F1yfh_kr1k!19sChIJ3cmpxWbhDDkRCsQ45K_g-pI?authuser=0&hl=en&g_ep=EgoyMDI2MDkyNy4xIJJjKgBIAVAD&rclk=1,NGO in South Extension Delhi,5,5.0,0.3875,0,"I study there and its not the same as other school. Its Different.....but my fav ||| Best school and my best madam, I dont remember the name, it has been almost 20 to 25 years now, but my childhood is also spent there, I had many friends of that time but it is a matter of sadness, now no contact miss you all teachers and my friends........ ||| This school is best school in delhi and nios regular student are 10 class12 class reading thankyou ||| What an amazing place , one of the best NGOs one should definitely visit to see how amazingly this organisation working for the underprivileged people ||| Thank you so much. katha lab school. Mera school hai.. i love my school."
Punarjagran Samiti,0.0,4,"Punarjagran Samiti | 5.0(4) | Non-profit organization · Top FLOOR, Rishi Nagar, H.No -1595, near CHOPAL | Closes soon · 6 pm · Opens 10 am Thu · 085954 45204",https://www.google.com/maps/place/Punarjagran+Samiti/data=!4m7!3m6!1s0x390ce3ac864e4bb9:0x3aa4f1d759707a1c!8m2!3d28.5721985!4d77.2238861!16s%2Fg%2F11x5t3k_09!19sChIJuUtOhqzjDDkRHHpwWdfxpDo?authuser=0&hl=en&g_ep=EgoyMDI2MDkyNy4xIJJjKgBIAVAD&rclk=1,NGO in South Extension Delhi,2,5.0,0.85,0,Punarjagran Samiti work is excellent ||| Punarjagran samiti Good work
Youthreach,0.0,7,"Youthreach | 5.0(7) | Non-governmental organization · Anupam, PVR Anupam Saket, 11, Community Center | Closes soon · 6 pm · Opens 9 am Thu · 011 4164 9067",https://www.google.com/maps/place/Youthreach/data=!4m7!3m6!1s0x390ce1edf3abfc19:0xde176d256831f0d1!8m2!3d28.523777!4d77.2077228!16s%2Fg%2F1thgfdd5!19sChIJGfyr8-3hDDkR0fAxaCVtF94?authuser=0&hl=en&g_ep=EgoyMDI2MDkyNy4xIJJjKgBIAVAD&rclk=1,NGO in South Extension Delhi,2,5.0,0.4990079365079365,0,I attended a workshop which was for four days Youthreach Training.....that time will be one of the best time of my life . I made a strong bond there with Evey single person......! ||| This is a best palace for party meeting and function activity but these place are near to sabji mandi so there is lot of crowd and trafic jam issue all over
Aider N.G.O.,0.0,28,"Aider N.G.O. | 4.5(28) | Non-profit organization · House No, K G complex, 54H, street no-1 | Closed · Opens 9:30 am Thu · 088267 49491",https://www.google.com/maps/place/Aider+N.G.O./data=!4m7!3m6!1s0x390ce7cfbf940313:0xe275969d9e0d1a1e!8m2!3d28.4890092!4d77.3099804!16s%2Fg%2F11fm4jhwvv!19sChIJEwOUv8_nDDkRHhoNnp2WdeI?authuser=0&hl=en&g_ep=EgoyMDI2MDkyNy4xIJJjKgBIAVAD&rclk=1,NGO in South Extension Delhi,5,4.8,0.6133333333333333,0,"Aider ngo is such a worthful ngo for all of us.it provide a lot of beneficial things for us for free. Each and every teacher are giving there best for there students.So that we can achieve our best and worthful position in future. They also provide various kinds of health and medical camp, free for sure. ||| My Aider NGO is the best NGO in Delhi NCR . We get best technology prefer. ||| Aider is a good N.G.O.This ngo work for women empowerment . We can learn a lot of things in aider ngo ||| Aider NGO is doing well in Badarpur area for the upliftment of below poverty line people. ||| One of the best NGO in delhi badarpur their class rooms are cleaned and u get the best knowledge from here"
INDIA REHAB CENTRE,0.0,50,INDIA REHAB CENTRE | 1.3(50) | Hospital · H689+JP6 | Open 24 hours · 080108 61648,https://www.google.com/maps/place/INDIA+REHAB+CENTRE/data=!4m7!3m6!1s0x390ce25d34000001:0x5a5f3342d2176cee!8m2!3d28.5665346!4d77.2192681!16s%2Fg%2F11f53mrkx5!19sChIJAQAANF3iDDkR7mwX0kIzX1o?authuser=0&hl=en&g_ep=EgoyMDI2MDkyNy4xIJJjKgBIAVAD&rclk=1,NGO in South Extension Delhi,5,1.8,-0.15925,6,"FRAUD NGO, DONT DONATE I received call twice within 3 month from INDIA Rehab centre NGO asking about donation for same child named Manvi 2 yrs. whose body was 87 burnt. When i enquired found its fake. I am seeing many complains were made do different forum but no action to put these guys behind jail and block such NGO. kindly share the concern authority details to report such fraud. ||| Dont belive them. I got a call for help related to manvi kumari.I simply asked for details of the case . they whats app me all the details . And then it all started they started calling and messaging me one after other and making ||| Today I received a call saying a baby named Manvi Kumari had severe burns. Need to operated immediately otherwise she may die. I donated money. But now while going through these chats, I see a review posted 6 days back by someone that they received call for saving the same baby Manvi Kumari. Seems this is fake calls. I pray it should be a fake call. ||| This is a fake organization, they do emotional blackmail, cases are not genuine, do not cheated. I fell for their emotional black mail once , lost money realized fake after donating, they will urge you to do immediately without time to review. FAKE Registered NGO. ||| Guys I was also little doubtful seeing all these reviews. But then their person spoke to me was very soft cordial. They engage few of the volunteers being inexperienced sometimes they resort to rudely behavior. I requested that Senior"
Manzil Mystics,0.0,97,"Manzil Mystics | 4.8(97) | Non-profit organization ·  · 2028/10, near Muscle Rehab Gym | Closes soon · 6 pm · Opens 10 am Thu · 011 4100 6403",https://www.google.com/maps/place/Manzil+Mystics/data=!4m7!3m6!1s0x390ce317014dffad:0x75c7e13210d2851a!8m2!3d28.5755114!4d77.2187644!16s%2Fg%2F11f123yd2g!19sChIJrf9NARfjDDkRGoXSEDLhx3U?authuser=0&hl=en&g_ep=EgoyMDI2MDkyNy4xIJJjKgBIAVAD&rclk=1,NGO in South Extension Delhi,5,4.8,0.2677597402597402,0,"I found myself again after 15 years this place is a heaven for musicians and audiophiles ||| I attended last chai coffee music and it was really awesome the important thing is they give chance to new comers on stage which I saw on event. School groups and mantash tooo. Perfect thing is its always start on time and end on time. So if u get a chance to join someday these events guys join them you really enjoy it ||| Organization working on education through music. Works with Government school children. There are music fellows here who come here to learn music. songs focusing on menstrual hygiene are also produced. Anurag, Anuradha and other people in organization are all musicians. Love this place. ||| Manzil Mystics is doing something truly special at the intersection of music and social impact. Whether you are looking to support their cause, join a workshop, or book them for a performance, ||| Good staffs with good behaviour, musical environment"
Manjil NGO - Head Office | NGO in Delhi,0.0,8,"Manjil NGO - Head Office | NGO in Delhi | 5.0(8) | Non-governmental organization · 47/1-A, near IIT Delhi | Closed · Opens 9 am Thu · 085889 72416",https://www.google.com/maps/place/Manjil+NGO+-+Head+Office+%7C+NGO+in+Delhi/data=!4m7!3m6!1s0x390d1df7daaaaaab:0x21317039ef158941!8m2!3d28.546468!4d77.1889296!16s%2Fg%2F11fnqm9fcz!19sChIJq6qq2vcdDTkRQYkV7zlwMSE?authuser=0&hl=en&g_ep=EgoyMDI2MDkyNy4xIJJjKgBIAVAD&rclk=1,NGO in South Extension Delhi,0,0.0,0.0,0,No verified reviews found.
Bethesda Prayer Fellowship (Ngo),0.0,5,"Bethesda Prayer Fellowship (Ngo) | 5.0(5) | Place of worship · G6M8+4Q8 Bethesda Prayer Fellowship, Malviya Nagar Rd | Closes soon · 6 pm · Opens 3 pm Thu · 075330 94454",https://www.google.com/maps/place/Bethesda+Prayer+Fellowship+%28Ngo%29/data=!4m7!3m6!1s0x390ce30233bb217f:0xd5576739dfddb6e7!8m2!3d28.5327862!4d77.2169529!16s%2Fg%2F11s351h3t_!19sChIJfyG7MwLjDDkR57bd3zlnV9U?authuser=0&hl=en&g_ep=EgoyMDI2MDkyNy4xIJJjKgBIAVAD&rclk=1,NGO in South Extension Delhi,0,0.0,0.0,0,No verified reviews found.
NGO Consultancy,0.0,8,"NGO Consultancy | 5.0(8) | Non-governmental organization · Shri, R-34 | Open · Closes 11 pm · 077009 95544",https://www.google.com/maps/place/NGO+Consultancy/data=!4m7!3m6!1s0x390ce3be8c1eb79d:0x5ad30ff3d5732579!8m2!3d28.5632722!4d77.2602089!16s%2Fg%2F11bzv_6ylq!19sChIJnbcejL7jDDkReSVz1fMP01o?authuser=0&hl=en&g_ep=EgoyMDI2MDkyNy4xIJJjKgBIAVAD&rclk=1,NGO in South Extension Delhi,2,5.0,0.425,0,"NGO Consultancy gives good services for NGO Registration, funding and support. They give excellent advice on NGO associated matters. ||| NGO Consultancy for NGO registration."
NGO EXPERT,0.0,6,NGO EXPERT | 4.8(6) | Legal services · D95 | Closes soon · 6 pm · Opens 10 am Thu · 085398 48994,https://www.google.com/maps/place/NGO+EXPERT/data=!4m7!3m6!1s0x390d1d09c687b8af:0x42771143fd049f9f!8m2!3d28.6148051!4d77.2776704!16s%2Fg%2F11hdrwsh84!19sChIJr7iHxgkdDTkRn58E_UMRd0I?authuser=0&hl=en&g_ep=EgoyMDI2MDkyNy4xIJJjKgBIAVAD&rclk=1,NGO in South Extension Delhi,4,5.0,0.5095833333333333,0,"The team provides practical solutions in time and work professionally. ||| Good and faster service, additionally, Five stars all the way! The service and the overall experience were outstanding. I will recommend that to take this for everyone. ||| My experience is too good To opt the Expert Services ||| Very nice place"
SwaTaleem Foundation,0.0,5,SwaTaleem Foundation | 4.2(5) | Non-profit organization · F/F | Closed · Opens 9:30 am Thu · 082229 40527,https://www.google.com/maps/place/SwaTaleem+Foundation/data=!4m7!3m6!1s0x390ce158a2414255:0xe2236debc1d7dc63!8m2!3d28.5464016!4d77.2127587!16s%2Fg%2F11j2nry110!19sChIJVUJBoljhDDkRY9zXwettI-I?authuser=0&hl=en&g_ep=EgoyMDI2MDkyNy4xIJJjKgBIAVAD&rclk=1,NGO in South Extension Delhi,0,0.0,0.0,0,No verified reviews found.
BSSM India- Best Ngo in Delhi,0.0,0,"BSSM India- Best Ngo in Delhi | No reviews | Corporate office · Near, 30 Mohammadpur Ground Flower | Open · Closes 7:30 pm · 098683 47267",https://www.google.com/maps/place/BSSM+India-+Best+Ngo+in+Delhi/data=!4m7!3m6!1s0x390d1d841a0f4d5b:0x16ad35b97d51a9cc!8m2!3d28.5679196!4d77.1881392!16s%2Fg%2F11hdvr1sr1!19sChIJW00PGoQdDTkRzKlRfbk1rRY?authuser=0&hl=en&g_ep=EgoyMDI2MDkyNy4xIJJjKgBIAVAD&rclk=1,NGO in South Extension Delhi,0,0.0,0.0,0,No verified reviews found.
Change Alliance (CAPL),0.0,12,"Change Alliance (CAPL) | 4.5(12) | Association / Organization · SJ House, D 25/D | Closed · Opens 9:30 am Thu · 011 2625 0015",https://www.google.com/maps/place/Change+Alliance+%28CAPL%29/data=!4m7!3m6!1s0x390ce267ea9cf1db:0xf317acabcb5c4643!8m2!3d28.5663135!4d77.2161971!16s%2Fg%2F11c5s5v0h9!19sChIJ2_Gc6mfiDDkRQ0Zcy6usF_M?authuser=0&hl=en&g_ep=EgoyMDI2MDkyNy4xIJJjKgBIAVAD&rclk=1,NGO in South Extension Delhi,3,4.333333333333333,0.15555555555555553,0,"We believe that every human irrespective of his caste, colour, race or economic background deserves a life of equality, justice and dignity. In order to achieve that, we partner with businesses, foundations, government and civil society to find solutions to create a more equitable and just world where everyone has an opportunity to grow, prosper and lead a dignified life. ||| Working with exceptional civil society organisations across India and consulting services for the corporate social sector. ||| works for the underprivileged"
Salute Tiranga,0.0,25,"Salute Tiranga | 4.9(25) | Non-governmental organization · M3, UF, Kanchanjunga Building | Open · Closes 7 pm · 099992 90633",https://www.google.com/maps/place/Salute+Tiranga/data=!4m7!3m6!1s0x390d1dddb5266787:0xdff43871bb68e7fd!8m2!3d28.6301044!4d77.2255613!16s%2Fg%2F11g0_rhdmf!19sChIJh2cmtd0dDTkR_edou3E49N8?authuser=0&hl=en&g_ep=EgoyMDI2MDkyNy4xIJJjKgBIAVAD&rclk=1,NGO in South Extension Delhi,4,5.0,0.71,0,"Run by one of my mentors and idols, this is a great organization ||| Feeling honored to be a member of this incredible organization. ||| Very good org and very good people .and iam feel very proud to be with you always ||| Yes.. Its very fruitful for us. Salute Tiranga office address."
Noble Nonprofit NGO In Delhi,0.0,27,"Noble Nonprofit NGO In Delhi | 5.0(27) | Non-governmental organization · First Floor, F-12 | Temporarily closed · 082871 76006",https://www.google.com/maps/place/Noble+Nonprofit+NGO+In+Delhi/data=!4m7!3m6!1s0x390ce3bc96854229:0xae0002b2a5ec2522!8m2!3d28.5713178!4d77.2449647!16s%2Fg%2F11rd87z81n!19sChIJKUKFlrzjDDkRIiXspbICAK4?authuser=0&hl=en&g_ep=EgoyMDI2MDkyNy4xIJJjKgBIAVAD&rclk=1,NGO in South Extension Delhi,5,5.0,0.4972651515151515,0,"Exceptional NGO! Noble Nonprofit truly makes a positive impact in the community. Their commitment to creating lasting change is evident through their wellexecuted projects and dedicated team. I highly recommend supporting and getting involved with Noble Nonprofit a beacon of hope for those in need. ||| Amazing work guys. I went on a onsite visit with this team and loved the way they treated those who need help. God bless you people! ||| I am always looking at ways to help people, and Noble Nonprofit has given me an easy way to help. The good thing is that I know that my donations are used to help the poor... Well done, and keep up the good work. ||| I consider you a real superhero because you have helped all these people without any personal interest. People like you are hard to find. Thank you and best of luck ||| Good step taken by you all go ahead keep it up Great work."
Shining Souls (Trust) | Best NGO in India,0.0,2,"Shining Souls (Trust) | Best NGO in India | 5.0(2) | Non-profit organization · L – 23, G/F, Veer Shining Souls Trust.Savarkar Marg, Central Main Market Road Second787 787, 3333 | Temporarily closed · 075620 20200",https://www.google.com/maps/place/Shining+Souls+%28Trust%29+%7C+Best+NGO+in+India/data=!4m7!3m6!1s0x390ce3ad71e8f301:0xd69cc58613a83270!8m2!3d28.5694222!4d77.2427218!16s%2Fg%2F11h_6xsppx!19sChIJAfPoca3jDDkRcDKoE4bFnNY?authuser=0&hl=en&g_ep=EgoyMDI2MDkyNy4xIJJjKgBIAVAD&rclk=1,NGO in South Extension Delhi,0,0.0,0.0,0,No verified reviews found.
Udankaar NGO,0.0,1,Udankaar NGO | 5.0(1) | Social worker · H 62 | Temporarily closed,https://www.google.com/maps/place/Udankaar+NGO/data=!4m7!3m6!1s0x390ce32419f840b1:0xde501463fc785652!8m2!3d28.5745942!4d77.2243934!16s%2Fg%2F11mtfj5jwk!19sChIJsUD4GSTjDDkRUlZ4_GMUUN4?authuser=0&hl=en&g_ep=EgoyMDI2MDkyNy4xIJJjKgBIAVAD&rclk=1,NGO in South Extension Delhi,0,0.0,0.0,0,No verified reviews found.
Possit Skill Organisation HO,0.0,9,"Possit Skill Organisation HO | 4.6(9) | Non-profit organization · 2nd Floor, E-4 | Temporarily closed · 011 4140 3112",https://www.google.com/maps/place/Possit+Skill+Organisation+HO/data=!4m7!3m6!1s0x390ce25c94ff880d:0x45f32bc214931e80!8m2!3d28.571004!4d77.220001!16s%2Fg%2F11bw2fm20m!19sChIJDYj_lFziDDkRgB6TFMIr80U?authuser=0&hl=en&g_ep=EgoyMDI2MDkyNy4xIJJjKgBIAVAD&rclk=1,NGO in South Extension Delhi,1,4.0,0.0,0,What a place
Notears Foundation,0.0,3,"Notears Foundation | 3.7(3) | Foundation · 1st Floor, D-38 | Temporarily closed · 079851 15875",https://www.google.com/maps/place/Notears+Foundation/data=!4m7!3m6!1s0x390ce25ebe73cb59:0x9417a5497396f760!8m2!3d28.5437!4d77.2001404!16s%2Fg%2F11rl6h0895!19sChIJWctzvl7iDDkRYPeWc0mlF5Q?authuser=0&hl=en&g_ep=EgoyMDI2MDkyNy4xIJJjKgBIAVAD&rclk=1,NGO in South Extension Delhi,1,5.0,0.8,0,Great initiative guys.
Maximising Employment to Serve the Handicapped,0.0,43,"Maximising Employment to Serve the Handicapped | 4.7(43) | Home goods store · 5, Local Shopping Centre | Temporarily closed · 011 4166 1499",https://www.google.com/maps/place/Maximising+Employment+to+Serve+the+Handicapped/data=!4m7!3m6!1s0x390ce242031471a5:0x60725afdc0039b15!8m2!3d28.5605611!4d77.2182991!16s%2Fg%2F11bxjc92sh!19sChIJpXEUA0LiDDkRFZsDwP1acmA?authuser=0&hl=en&g_ep=EgoyMDI2MDkyNy4xIJJjKgBIAVAD&rclk=1,NGO in South Extension Delhi,0,0.0,0.0,0,No verified reviews found.
Smartech Foundation,0.0,10,"Smartech Foundation | 4.4(10) | Charity · J5, Paryavaran Complex, IGNOU Rd, opposite St. Mary's School | Open · Closes 8 pm",https://www.google.com/maps/place/Smartech+Foundation/data=!4m7!3m6!1s0x390ce1a3f9aeda83:0x38111edd1d9f5b49!8m2!3d28.5133382!4d77.2026102!16s%2Fg%2F11gj19rwvg!19sChIJg9qu-aPhDDkRSVufHd0eETg?authuser=0&hl=en&g_ep=EgoyMDI2MDkyNy4xIJJjKgBIAVAD&rclk=1,NGO in Saket Delhi,5,4.4,0.47050000000000003,0,"All of you are doing a good job, stay blessed always. ||| Smartech Foundation is doing very good for the welfare of society as well as students. We expect the same in future. Thanks. ||| The google location is not showing the exact place. Also there is no number to contact them. Its really challenging to find the place. ||| Good initiative to cultivate the seeds of development ||| Best ngo for poor students"
CRY - Child Rights and You | NGO in Delhi,0.0,151,"CRY - Child Rights and You | NGO in Delhi | 4.4(151) | Non-governmental organization ·  · Near Garden Of Five Senses, Saket Metro Station, 632, 2nd floor, Lane No.3, to, Westend Marg, beside Delhi Haath & Rajasthan Emporium Shops | Closes soon · 6 pm · Opens 9 am Thu · 091159 11500",https://www.google.com/maps/place/CRY+-+Child+Rights+and+You+%7C+NGO+in+Delhi/data=!4m7!3m6!1s0x390ce1e2f0a36d9b:0x352a2ea7af898ed7!8m2!3d28.5178406!4d77.1997244!16s%2Fg%2F1hhh711rl!19sChIJm22j8OLhDDkR146Jr6cuKjU?authuser=0&hl=en&g_ep=EgoyMDI2MDkyNy4xIJJjKgBIAVAD&rclk=1,NGO in Saket Delhi,5,4.2,0.24772023809523808,0,"CRY organization does a lot of good work for children. It does a very good job in educating and protecting children. CRY is a very supportive organization for all people. We appreciate the work of CRY. ||| A very renowned NGO which is working towards the social work and striving towards the welfare of the underprivileged kids. My experience with few of the fellow members working here was not very satisfactory. I used to contribute which lately I have stopped doing. I hope the actual purpose behind running the organisation benefit the society and the children. ||| Child Rights and You, a great step towards save child and social work, excellent place to repay human life via devoting service to humankind and become a volunteer and help the needy child! ||| Dont know much about the organisation but please teach your sales people to do proper follow up after they have received donation. ||| If you have all the joys of the world dont think everybody else too have that. Get some time out of your busy life and dedicate it to childrens who are little less fortunate than you."
The Antara Foundation,0.0,24,"The Antara Foundation | 4.4(24) | Foundation · 5th Floor, ABW, Rectangle One Saket, 505 A&B | Open · Closes 6 am Thu · 011 4896 5300",https://www.google.com/maps/place/The+Antara+Foundation/data=!4m7!3m6!1s0x390ce18b15b8ff13:0xc456c7ee4b058c67!8m2!3d28.5266765!4d77.2166536!16s%2Fg%2F11b7hg7v60!19sChIJE_-4FYvhDDkRZ4wFS-7HVsQ?authuser=0&hl=en&g_ep=EgoyMDI2MDkyNy4xIJJjKgBIAVAD&rclk=1,NGO in Saket Delhi,3,4.666666666666667,0.62,0,Orgatation work is too good ||| Well behave supporting staff. ||| Very good environment
MADE EASY FOR YOU,0.0,114,"MADE EASY FOR YOU | 4.3(114) | Non-profit organization · Hundred Million ,9, Dang Complex, IGNOU Rd, near Saket Metro Station | 011 4512 4643",https://www.google.com/maps/place/MADE+EASY+FOR+YOU/data=!4m7!3m6!1s0x390d1e468f7d9be9:0x89ee459e8a3165c7!8m2!3d28.5089956!4d77.2010449!16s%2Fg%2F11c2lr4zsg!19sChIJ6Zt9j0YeDTkRx2Uxip5F7ok?authuser=0&hl=en&g_ep=EgoyMDI2MDkyNy4xIJJjKgBIAVAD&rclk=1,NGO in Saket Delhi,5,3.8,0.1957185185185185,0,"Best coaching centers for preparation for GATE and ESE . The faculty members are excellent they regularly motivate you and solve your every problems . ||| This place is a coaching center for coaching of IES, Gate examination In this center this is less capacity and per room around 500 students can sit, and seats and all thing are not good very congusted. Located in a very high traffic area, usually cross the road to get there and be aware of safety while going there as traffic is very high in this area... ||| One of the oldest MadeEasy branch for CSE students. The entire building having 3 classrooms dedicatedly for gate CSE students. There is no proper parking area as this building is in the Delhi village. ||| It was rellay very good Faculties are really empressive and helpful and they have vast knowledge on their core subject it was really good that i am a part of it ||| They do not allow to go outside the building in even 30 minutes break. If anyone wants to have snacks, they are forced to buy from inside canteen."
SKS Hope Foundation,0.0,47,SKS Hope Foundation | 4.8(47) | Non-governmental organization · Shivalik A191 | Open · Closes 8 pm · 098101 85298,https://www.google.com/maps/place/SKS+Hope+Foundation/data=!4m7!3m6!1s0x390ce3563233fda9:0x119d32e0f2770a3b!8m2!3d28.5312518!4d77.2072219!16s%2Fg%2F11ft199mcy!19sChIJqf0zMlbjDDkROwp38uAynRE?authuser=0&hl=en&g_ep=EgoyMDI2MDkyNy4xIJJjKgBIAVAD&rclk=1,NGO in Saket Delhi,5,5.0,0.3194767316017316,0,"Shubhra is passionate about enlightening kids and their families with her knowledge and wisdom of our Indian mythology. Sometimes we are left in awe to know the depth of our cultural when she reveals the untold and corrects misconceptions which our grandparents didnt even know. Not to mention her unique ways of telling it. SKS is her beautiful work of dedication towards selfless working for society and so inspiring the way she has collaborated her two passions of story telling on mythology and social work. Wishing her and SKS foundation a great success in each endeavour. ||| SKS Foundation is doing a great job by education new generation about our culture and history. I would Love to join their sessions on regular basis, and will definitely do that in my retirement days! ||| SKS Foundation has helped kids connect with their roots in the most fun filled ways of mythological stories. It is the need of the hour to help kids connect with their inner soul and fight the adversities of life. Thankyou soo much for your lovely efforts shubhra. We love you. ||| Shubhra is an amazing story teller. The effort she puts into researching stories and presenting the content to the kids is much. It takes a huge effort to capture and retain the attention of these gadget savvy kids and Shubhra does it with absolute ease. I would recommend her sessions to parents who want to introduce their kids to the world of Indian mythology. ||| An absolutely unique and essential initiative led by Shubhra Maheshwari. The new generation needs to be taught to stay connected to the roots and at the same time fly high to reach the sky. It also helps instill great values in the young"
Protection of Women & Empowerment Organization,0.0,17,"Protection of Women & Empowerment Organization | 5.0(17) | Non-profit organization · Dang Complex, Plot No.: 8, IGNOU Rd | Open · Closes 7:30 pm · 098100 57182",https://www.google.com/maps/place/Protection+of+Women+%26+Empowerment+Organization/data=!4m7!3m6!1s0x390ce1e7309a4bf1:0x9022475314efd6a4!8m2!3d28.5089847!4d77.2009584!16s%2Fg%2F11h7q5bjdp!19sChIJ8UuaMOfhDDkRpNbvFFNHIpA?authuser=0&hl=en&g_ep=EgoyMDI2MDkyNy4xIJJjKgBIAVAD&rclk=1,NGO in Saket Delhi,5,5.0,0.3406172248803828,0,"We live in the same building and i have seen her help people in need and provide them with the facilities they need . She is a great person and i have seen her do the work . ||| This ngo is amazing for helping This ngo solved countless cases.... So that if u want any type of help u can contact them..... ||| This organization is the best nd the most great thing about this that helps women nd needy people!! ||| My name is Tabrez Anwar . My wife went to Mrs. Sujata Singh, who is the founder of Women Protection and Empowerment organisation for help, as we had a normal dispute going between us which any normal couple would have. Sujata Singh Ji called me for reconciliation so that me, my wife and children could have a good future. But on contrary, my wife started blackmailing me that rather sending her Rs. 40,000 I should send her Rs. 100, 000 out of which shell share with Sujata Madam ji. If I did not agree with my wife she would get me entangled in dire legal consequences. However the fact is that there is no any monetary demand from the NGO in discussion. This really upsetted me a lot. I was devastated emotionally and mentally. Therefore I contacted Sujata Madam Ji. Madam Ji is a very understanding woman. Her organisation is really helpful and provides all sorts of assistance which is expected from a reliable and upto the mark NGO. She wanted the best for me, my wife and my children. She helped my wife a lot by supporting her mentally, emotionally and showed a lot hospitality. Madam ji was trying her best to sort out all the misconceptions but my wife just wants the opposite and just lingering the issue. Despite the wholehearted efforts of me and Sujata Madam the whole issue is as it is and misconceptions and false notions still going on. ||| I have personally mate with the member of PWEO organization foundation ,they are playing a great role to help the poor children for their education and other requirements. The are also work for Women Empowerment Hats off to entire team member of group."
Hamari Pahchan NGO | Delhi,0.0,3232,"Hamari Pahchan NGO | Delhi | 4.9(3,232) | Non-profit organization · 1st floor, H.no. 1121, Mahipalpur Bypass, opposite Arjun Camp | Open 24 hours · 099111 73557",https://www.google.com/maps/place/Hamari+Pahchan+NGO+%7C+Delhi/data=!4m7!3m6!1s0x390d1c471da347db:0x2a2d85f7a5cec486!8m2!3d28.5514778!4d77.1331245!16s%2Fg%2F11g70v_99d!19sChIJ20ejHUccDTkRhsTOpfeFLSo?authuser=0&hl=en&g_ep=EgoyMDI2MDkyNy4xIJJjKgBIAVAD&rclk=1,NGO in Saket Delhi,5,5.0,0.24788204626914304,0,"My Experience with Hamari Pahchan NGO Volunteering with Hamari Pahchan NGO has been a really meaningful experience for me. What I like most is that the organisation doesnt just talk about social change it encourages young people to actually become a part of it. As a volunteer, I got the opportunity to work on different tasks and campaigns, including spreading awareness about important social causes. Even small tasks started feeling meaningful when I realised that they could help bring attention to issues that genuinely matter. What makes the experience even better is the flexibility. As a student, it can be difficult to balance college, assignments and volunteering, but Hamari Pahchan gives volunteers opportunities to contribute according to their availability and skills. I also feel that volunteering here has helped me become more aware of the world outside my own routine. It reminded me that social work isnt always about doing something extraordinary. Sometimes, sharing a post, raising awareness, helping with a campaign or simply giving your time can make a difference. I would definitely recommend Hamari Pahchan NGO to students and young people who want to explore Social Work and contribute to a meaningful cause. Its a great place to start if you want your volunteering experience to be more than just something to add to your resume. Overall, my experience has been positive, eyeopening and genuinely rewarding. Im glad I decided to be a part of Hamari Pahchan and look forward to learning and contributing more along the way. ||| Hamari Pahchan NGO is doing commendable work in empowering underprivileged communities through education, skill development, and social welfare initiatives. The organization creates meaningful opportunities for youth to build a better ||| I am truly impressed by the work Hamari Pahchan is doing for society. Their dedication towards women empowerment, education, environmental awareness, and community welfare is inspiring. The team works with honesty and compassion to create meaningful change. Proud to support such a wonderful NGO. Wishing them continued success in making a positive impact. ||| Ive been volunteering with Hamari Pahchan across several of their programs for a while now, and what keeps me coming back is how tangible the impact feels. This isnt an NGO where you show up, take a few photos, and leave wondering if ||| An organization dedicated to bringing positive change in society through various awareness and welfare programs. Hamari Pahchan NGOs efforts toward education, empowerment, and community support are truly commendable. Wishing them continued success in their mission."
OPCAR FOUNDATION,0.0,17,OPCAR FOUNDATION | 4.8(17) | Charity · D-2 | Closed · Opens 9:30 am Thu · 011 2686 8598,https://www.google.com/maps/place/OPCAR+FOUNDATION/data=!4m7!3m6!1s0x390ce1f9cebea163:0x9128532bef79a1aa!8m2!3d28.5271149!4d77.2050181!16s%2Fg%2F12hm55cvv!19sChIJY6G-zvnhDDkRqqF57ytTKJE?authuser=0&hl=en&g_ep=EgoyMDI2MDkyNy4xIJJjKgBIAVAD&rclk=1,NGO in Saket Delhi,5,5.0,0.23235604092876821,0,"Im deeply grateful to OPCAR FOUNDATION for their tireless efforts in empowering individuals of all ages through education, healthcare, and support initiatives. Their scholarship programs have been a lifeline for many, including myself, for the past 3 years. Im proud to be a beneficiary of their generosity and commitment to creating positive change. Their work with widows and underprivileged communities is truly commendable, providing vital assistance and hope for a brighter future. OPCAR FOUNDATIONs dedication to education, health, and social welfare is an inspiration to us all. Thank you, OPCAR FOUNDATION, for your selfless service and for making a real difference in the lives of many. May your efforts continue to uplift and transform communities, creating a more compassionate and equitable world for all. Inderjeet kumar verma ||| Im very thankful to Opcar foundation and founder chairperson of opcar foundation Dr. Rekha banka maam. Im getting scholarship from this foundation since last 6 years. Also Im volunteering here from my school days. ||| Opcar foundation works whole heartedly to support meritorious students who belong to economically weaker sections.. Im also a beneficiary of opcar foundation. And am really very thankful to the foundation and its chairperson Dr. Rekha Banka maam for helping me and hundreds of meritorious students out there.. Thank you ||| Opcar Foundation has a tremendous support to shape my Educational career and Future. A special ThankYou to Dr. Rekha Banka Mam , Chairperson Director of Opcar ||| Thank you Opcar foundation for giving me such an amazing opportunity . Very thankful for your monthly scholarship. Also thanks to Dr. Rekha Banka mam chairpersonfor a very kind behaviour."
Prashraya Welfare Foundation (Team Aashraya) Delhi,0.0,32,"Prashraya Welfare Foundation (Team Aashraya) Delhi | 4.9(32) | Youth social services organization · Ravish Apartment, 004, 473/A | 062648 03084",https://www.google.com/maps/place/Prashraya+Welfare+Foundation+%28Team+Aashraya%29+Delhi/data=!4m7!3m6!1s0x390ce1c2e0654d25:0x8252a67aee8a3ed0!8m2!3d28.5057196!4d77.2015358!16s%2Fg%2F11w4jwdj8t!19sChIJJU1l4MLhDDkR0D6K7nqmUoI?authuser=0&hl=en&g_ep=EgoyMDI2MDkyNy4xIJJjKgBIAVAD&rclk=1,NGO in Saket Delhi,5,5.0,0.59005291005291,0,"Having such a beautiful journey with Aashraya ||| Ive been a part of Aashraya since last last 78 months and theres not a single day I dont feel grateful for joining here. I have learnt a lottt and Im still learning. It has been a beautiful journey so far. Everyone is so supportive. Its no less than a FAMILY. Super grateful and proud to be a member ||| I had the incredible opportunity to volunteer with Aashraya, a renowned NGO in Delhi, India, and it was truly an unforgettable experience. The teams dedication to providing education and support to underprivileged communities is genuinely inspiring ||| It has been a great experience working with the Prashraya Welfare Foundation Aashraya. I joined Aashraya in February 2024 and have been working under Team Delhi. All the members of our team are very supportive and helpful. I look forward to continuing my work with Prashraya. ||| Incredible people doing incredible work. Team Aasharya is a testament to what can be achieved when we work together for a better tomorrow. lets_serve_together"
Aarohan,0.0,125,Aarohan | 4.3(125) | Non-governmental organization · B-127 | Open · Closes 8 pm · 011 4100 7526,https://www.google.com/maps/place/Aarohan/data=!4m7!3m6!1s0x390ce21ed0f7c131:0x68d37c4bdeef683e!8m2!3d28.536565!4d77.214254!16s%2Fg%2F1ptx5fczm!19sChIJMcH30B7iDDkRPmjv3kt802g?authuser=0&hl=en&g_ep=EgoyMDI2MDkyNy4xIJJjKgBIAVAD&rclk=1,NGO in Saket Delhi,5,4.2,0.25041704545454546,0,"Aarohan NGO is doing incredible work on the ground to uplift underprivileged children and empower women. Their dedication to providing quality education, vocational training, and healthcare to marginalized communities is truly inspiring. The staff is passionate, transparent, and genuinely cares about bringing positive change. Highly recommend supporting or volunteering with them! ||| one of the best and genuine NGOs there. Suraj Sir is very polite. I wish Aarohan NGO gets more support. ||| I have interned here in the past, this is a genuine case, legit, facility is good and they truly care about the children. Wishing Aaron continued success in doing more good. ||| A non profit organisation where underprivileged kids gets to learn new things and they also teach computers to those who cannot afford them.. ||| President of the organisation is very rude dont know how to talk to volunteers. First she gives her number as the main consultant and then gets mad and prickly when called like its our fault that they arent replying to any other type of"
Self-Reliant Initiatives through Joint Action (SRIJAN),0.0,62,"Self-Reliant Initiatives through Joint Action (SRIJAN) | 4.1(62) | Association / Organization ·  · #4, Community Shopping Centre, First Floor, Anupam Apartments, Mehrauli - Badarpur Rd | Closed · Opens 9 am Thu · 011 4166 4521",https://www.google.com/maps/place/Self-Reliant+Initiatives+through+Joint+Action+%28SRIJAN%29/data=!4m7!3m6!1s0x390ce1effb1e1935:0xb8a46c6eb536f1b5!8m2!3d28.5187835!4d77.2066823!16s%2Fg%2F1tfsfsqm!19sChIJNRke--_hDDkRtfE2tW5spLg?authuser=0&hl=en&g_ep=EgoyMDI2MDkyNy4xIJJjKgBIAVAD&rclk=1,NGO in Saket Delhi,5,4.2,0.14105555555555555,0,"SRIJAN is a NGO, which are enhancing the life of tribal, it fully dedicated to increase their source of income ||| The way it is helping poor Peoples nobody do for their betterment. ||| to the program of GIVEN TAKE. Srijan india foundation_ it galobal are country. Social comentment. Provied to publik magrftion for work job ||| Great organisation with very nice people on board. Have worked with them for the first time but the experience was wonderful. ||| Located at highly conjusted IGNou Road. Mostly IES aspirants preparing from made easy liive in this area."
Nav Srishti,0.0,181,"Nav Srishti | 4.8(181) | Non-profit organization · Nav Srishti, 306/3, near Holychowk | Closed · Opens 10 am Thu · 084486 93484",https://www.google.com/maps/place/Nav+Srishti/data=!4m7!3m6!1s0x390d1e2699410a7d:0x315b199cc4572204!8m2!3d28.5072389!4d77.203493!16s%2Fg%2F11cr_5d0vv!19sChIJfQpBmSYeDTkRBCJXxJwZWzE?authuser=0&hl=en&g_ep=EgoyMDI2MDkyNy4xIJJjKgBIAVAD&rclk=1,NGO in Saket Delhi,5,5.0,0.5149936868686869,0,"Nav Srishti is doing truly impactful work in the Neb Sarai community of Delhi. The organization is dedicated to empowering children, youth, and women through education, awareness programs, and skill development initiatives. I was really impressed by their commitment to creating positive social change at the grassroots level. Their team is passionate, supportive, and actively involved in the community. The awareness classes, especially for children, are interactive and meaningful, helping them understand important topics like education, hygiene, and environment in a simple way. Nav Srishti provides a safe and encouraging space for learning and growth. It is inspiring to see how they are helping individuals build confidence and improve their future opportunities. Overall, Nav Srishti is a highly recommended NGO for anyone looking to volunteer, support, or collaborate for a good cause. ||| Nav srishti , me mane yuva batch join Kiya h or ye best hai for all boys and girls because nav shristi staff and Mams are very helpfull. ||| A good institution.. Doing their best for the marginalised section of the society ||| I know the Navshrishti NGO since last 5 years and its very good and doing well in my fields. Many of my known did many course, stitching course and other skill development courses. They helped many during COVID. Great Job. All the best for future. ||| I recently had the privilege of learning about Nav Srishti and I am genuinely impressed by their unwavering commitment to child and women development. Their holistic approach effectively addresses the needs of both children and women, providing essential resources, education, and support."
Almighty NGO,0.0,1,"Almighty NGO | 5.0(1) | Non-profit organization · 50, Hauz Rani Inner Ln | Closed · Opens 9 am Thu · 096541 32167",https://www.google.com/maps/place/Almighty+NGO/data=!4m7!3m6!1s0x390ce1e9d984e43f:0x718502cf79c8e3b5!8m2!3d28.5282712!4d77.2086761!16s%2Fg%2F11yz7ly_4h!19sChIJP-SE2enhDDkRtePIec8ChXE?authuser=0&hl=en&g_ep=EgoyMDI2MDkyNy4xIJJjKgBIAVAD&rclk=1,NGO in Saket Delhi,1,5.0,0.24732782369146003,0,"I have had the opportunity to collaborate with Almighty NGO on multiple initiatives, and my experience has been consistently positive. This is a vibrant, womenled organization driven by strong purpose and genuine commitment to community welfare. Their work spans critical areas such as womens safety and selfdefence training, environmental initiatives, geriatric care, and child health, all delivered with notable energy and professionalism. What truly sets them apart is their integrity, transparency, and handson approach. The team demonstrates accountability in their activities and maintains a high level of trust with stakeholders and beneficiaries alike. I would strongly recommend Almighty NGO to individuals and organizations looking to support or partner with a credible and impactful grassroots initiative."
Sunshine Project,0.0,27,"Sunshine Project | 4.1(27) | School center ·  · 5, Ground Floor, Kehar Singh Estate, next to Saket Metro Station Saidulajab | Closes soon · 6 pm · Opens 10 am Thu · 098111 38280",https://www.google.com/maps/place/Sunshine+Project/data=!4m7!3m6!1s0x390ce1f0bebb0dc5:0xba1444a14c9bac67!8m2!3d28.5193135!4d77.2009191!16s%2Fg%2F11d_9gryk4!19sChIJxQ27vvDhDDkRZ6ybTKFEFLo?authuser=0&hl=en&g_ep=EgoyMDI2MDkyNy4xIJJjKgBIAVAD&rclk=1,NGO in Saket Delhi,5,5.0,0.5974444444444444,0,"Sunshine project is best place to grow as a human. The environment of this place is very good, they provide education, enjoyment, growth to all children in there whole journey and make there life worthy. This is the place where I feel myself the most. ||| Wonderful opportunity for supporting humankind. Good work by the owners Mr n Mrs Arora When we help others, our brains release oxytocin, serotonin and dopamine. These hormones have the effect of boosting our mood and counteract the effect of cortisol the stress hormone. Visit the place, give goodies of any kind, and release your own stress. ||| I feel very happy here..this is the great place of learning skills. They also accomplish the basic needs of the students... ||| The session was excellent All topic were compatetive. Excellent teaching with proper Examples.. Please guys do it will help you ||| This is an amazing experience of being here. Helping children in their education is truly a blessing."
NewLife Shelter Foundation,0.0,128,"NewLife Shelter Foundation | 5.0(128) | Non-governmental organization · Metro Station, near Panchsheel Park | Closed · Opens 10 am Thu · 088104 14121",https://www.google.com/maps/place/NewLife+Shelter+Foundation/data=!4m7!3m6!1s0x390ce1872ec83841:0x69d1374fb62dfd96!8m2!3d28.5402372!4d77.2190383!16s%2Fg%2F11rsfsjdvc!19sChIJQTjILofhDDkRlv0ttk830Wk?authuser=0&hl=en&g_ep=EgoyMDI2MDkyNy4xIJJjKgBIAVAD&rclk=1,NGO in Saket Delhi,5,5.0,0.5253636363636364,0,"I am truly impressed by the impactful NGO work in empowering children and women. Their dedication shines through in providing education, healthcare, fostering positive change. This organizations commitment to creating a brighter future is commendable, making a real difference in the lives of those they serve. ||| I really appreciate their work which they has bees working its is very nice NGO i like the work they are doing helping is the best thing which they are doing bless you newlife shelter foundation. All the very best. ||| I am very happy to see there work. They are doing such a great job. ||| Such a great work, best organisation i have ever seen. Keet it up ||| you guys are doing amazing work, especially the way of your working of you guys which is fantastic may you guys get alot of success ahead....... every one knows about your NGO......."
THOUSAND THOUGHTS,0.0,25,THOUSAND THOUGHTS | 4.2(25) | Mental health service · N 27A | Closes soon · 6 pm · Opens 10 am Thu,https://www.google.com/maps/place/THOUSAND+THOUGHTS/data=!4m7!3m6!1s0x390ce1f9825b3d57:0xd3ae8551e45b4f3a!8m2!3d28.5250225!4d77.2032742!16s%2Fg%2F11g6xqv5dl!19sChIJVz1bgvnhDDkROk9b5FGFrtM?authuser=0&hl=en&g_ep=EgoyMDI2MDkyNy4xIJJjKgBIAVAD&rclk=1,NGO in Saket Delhi,5,5.0,0.38863127025953115,0,"Rishikesh Retreat with Thousand Thoughts is one of my most memorable trips. I being a senior citizen was quite apprehensive to go on such a retreat but Divyangi, Rohit and all the members made be feel so much at ease. The retreat was total fun mind reset. The three days I spent with them were truly magical. I rediscovered myself amongst lot of laughter, peace and silence too . Thankyou Rohit and Divyangi for being loving, caring and teaching many unforgettable life lessons. ||| I had an incredible experience at Hrishikesh wellness retreat organized by thousand thoughts. From the moment I arrived, I felt welcomed, supported, and truly cared for. The environment was safe, peaceful and thoughtfully designed. The mentors both Rohit and Divyangi were incredibly welcoming and thoughtful. Communication was smooth from start to finish, and they made sure everyone was comfortable during the stay. They were kind and attentive, and every activity felt intentional and nourishing. I left feeling calmer, more grounded, and reconnected with myself. The retreat helped me disconnect from stress and reconnect with myself. If youre looking for a space to slow down, reset, and genuinely focus on your wellbeing, I cant recommend this retreat enough. I definitely returned home with more clarity, energy, and tools I can actually use in daily life. ||| I recently attended the Kasar Devi retreat with the team, and it was a truly memorable experience. Rohit and Divyangi dont just conduct sessionsthey bring genuine care, warmth, and presence into everything they do. Hosting the retreat in a hill station like Kasar Devi created the perfect space to step away from daily hustle and reflect inward. The sessions and interactions were extremely valuable. Despite challenging conditionsrecent snowfall, traffic disruptions, and road blockagesthe retreat was handled beautifully. The Hosteller staff were excellent, ensuring clean rooms, good food, and uninterrupted power despite running on generators throughout. Managing a diverse group of participants is never easy, especially with delays caused by late arrivals and weather issues. Rohit and Divyangi handled this with remarkable patience, flexibility, and a strong focus on everyones safety and inclusion. Having also attended a retreat with them at Bir, I can say their energy remains infectious. Thank you, Rohit and Divyangi, for a wonderful and handling a challenging retreat with grace. One small suggestionbeing a little stricter with latecomers might help, instead of constantly reshuffling plans to accommodate everyones creative sense of time . ||| I attended my firstever wellness retreat organised by Thousand Thoughts in Rishikesh, and honestly, I had a thousand thoughts before joiningwhether it would be worth it, safe or comfortable, especially as a firsttimer. But it turned out to be an absolutely amazing experience The organisers, Divyangi and Rohit, made me feel comfortable right from the beginning. Even after coming back from the retreat, I reached out to them with a few doubts, and they genuinely took the time to patiently address my queries. The sessions were well planned and included Art Therapy, NLP, and other insightful activities that helped in selfreflection, emotional clarity, and inner calm. Along with the retreat, they also thoughtfully arranged experiences like Ganga Aarti and a visit to Neelkanth Mahadev Temple, making it a beautiful blend of wellness, spirituality, and nature.What truly stood out was the thoughtfulnessthe organisers even made efforts to celebrate one participants birthday at midnight, which was incredibly touching. Thank you, Divyangi and Rohit for this beautiful journey Highly recommendeda musttry for anyone seeking wellness and selfdiscovery ||| My experience with Thousand Thoughts has honestly been beautiful. What stands out the most is how Rohit and Divyangi have cared for me across the"
Dawn Child Foundation (NGO),0.0,11,Dawn Child Foundation (NGO) | 5.0(11) | Non-governmental organization · 206 Second Floor | Closes soon · 6 pm · Opens 9:30 am Thu · 098114 10809,https://www.google.com/maps/place/Dawn+Child+Foundation+%28NGO%29/data=!4m7!3m6!1s0x390ce34923abebbf:0x53a26c94163c813b!8m2!3d28.5313269!4d77.2058107!16s%2Fg%2F11pdy6j5qc!19sChIJv-urI0njDDkRO4E8FpRsolM?authuser=0&hl=en&g_ep=EgoyMDI2MDkyNy4xIJJjKgBIAVAD&rclk=1,NGO in Saket Delhi,4,5.0,0.39871482683982684,0,"DawnChild Foundation is doing incredible work in supporting infants, toddlers, and families. Their team is compassionate, dedicated, and always focused on creating safe and nurturing spaces for children. The programs are thoughtfully designed, and the staff truly cares about every family they meet. Proud to see such meaningful work happening in our community ||| In a world of giant NGOs being run like corporations, Dawn Child breathes fresh life into social work and community empowerment. With a small but committed team hired from the community, every aspect of their work with marginalized parents ||| Dawn Child Foundation is doing remarkable work to support and uplift children, Their dedication, transparency and compassion truly set them apart. ||| A safe place where we live without judgment, without limits. Here, we are free to be ourselves, to explore, to grow, and to truly understand who we are."
United Way of Delhi,0.0,59,United Way of Delhi | 4.3(59) | Non-profit organization · S79. First floor | Closed · Opens 9 am Thu · 011 4050 7970,https://www.google.com/maps/place/United+Way+of+Delhi/data=!4m7!3m6!1s0x390ce21019b41ebf:0x96e0a509f4d34b!8m2!3d28.5410905!4d77.2119676!16s%2Fg%2F11bzwrrt16!19sChIJvx60GRDiDDkRS9P0CaXglgA?authuser=0&hl=en&g_ep=EgoyMDI2MDkyNy4xIJJjKgBIAVAD&rclk=1,NGO in Saket Delhi,3,5.0,0.5033333333333333,0,"A team of dedicated social workers, working with zeal and passion for the holistic development of society. ||| Beautiful people on the earth. Very kind, helping and humble nature persons. ||| Awesome beat in Sarvpriya Nagar"
Lakshyam NGO Delhi (Head Office),0.0,23,"Lakshyam NGO Delhi (Head Office) | 4.0(23) | Non-governmental organization ·  · B-1/27, Ground Floor | 095407 90002",https://www.google.com/maps/place/Lakshyam+NGO+Delhi+%28Head+Office%29/data=!4m7!3m6!1s0x390d1d8a858ea50d:0x9d526af0965ceffd!8m2!3d28.551222!4d77.2049174!16s%2Fg%2F11fz2mwh46!19sChIJDaWOhYodDTkR_e9clvBqUp0?authuser=0&hl=en&g_ep=EgoyMDI2MDkyNy4xIJJjKgBIAVAD&rclk=1,NGO in Saket Delhi,4,5.0,0.3692791756854257,0,"We had a wonderful experience visiting Lakshyam NGO, Faridabad Centre. Ayushi, with whom we coordinated for donations, truly stood out as the backbone of the entire process. Her dedication, responsiveness, and support made everything smooth and meaningful. A special mention to Priyanka, who is managing the Faridabad branch so efficiently. Her leadership and commitment are clearly reflected in the way the centre functions. The children were extremely active, welldisciplined, polite, and wellmannered, which speaks volumes about the values being instilled in them. We truly appreciate the incredible work your team is doing and feel grateful to be associated with such a genuine and impactful organization. Warm regards, Little Cambridge Team ||| I had a very positive experience with Laksyam NGO. Their work creates meaningful impact at the grassroots level, and the dedication they show toward social development is truly commendable. The tagline Hands to Hearts beautifully reflects their mission and the genuine care they bring to the communities they serve. ||| Lakshyam NGO demonstrates strong commitment to social responsibility by empowering underprivileged children through education and extending compassionate care to rescued and abandoned animals. ||| Had a great time working with them...what they are doing for the society is really commendable"
Saksham Foundation,0.0,46,"Saksham Foundation | 4.5(46) | Corporate office ·  · G1, 15, near pandit madan Mohan hospital, opposite sarvodaya kanya vidhyalya | Open now · 088269 76703",https://www.google.com/maps/place/Saksham+Foundation/data=!4m7!3m6!1s0x390ce21e1c682413:0xa8658e0e00da90ec!8m2!3d28.5334754!4d77.2132967!16s%2Fg%2F11t310q059!19sChIJEyRoHB7iDDkR7JDaAA6OZag?authuser=0&hl=en&g_ep=EgoyMDI2MDkyNy4xIJJjKgBIAVAD&rclk=1,NGO in Saket Delhi,5,5.0,0.266462962962963,0,"Great Service to the Nation. Kudos to Team Saksham Foundation and Mr. Rachit Khosla for their relentless and responsible efforts in working towards and changing the lives of the kids who come from humble backgrounds and need support in their upbringing. From taking care of the education, nourishment, social skill development, personality development, technical skill training, organising and participation in outdoor events and many other such activities, this team is really passiaonate about bringing a progressive change in the lives of these kids and perhaps on a larger side building the youth of your nation. I have been fortunate enough to have been associated with them since over 7 years and truly am grateful for the service they are doing to mankind. Salute to their love, determination, passion, perseverance and commitment. Would really request and encourage people to be a part of their movement in whatever ways possible. The best can be taking out time to spend with the kids, which can maybe 1 hour a week. My best wishes and love are always woth Team Saksham. Regards Garvit ||| Thank you so much for your support during the distribution drive. Your work towards the welfare of underprivileged children is commendable. Your help was essential in making it a success, and we couldnt have done it without you. It was a great experience. ||| My inner peace Started as a stranger and ended as a family ||| Saksham Foundation is really a great place which works for the betterment of underprivileged children and their families. I took a session with the kids and they seemed very enthusiastic, also they participated eagerly during the session. This place is a blessing for them aiming to provide overall development. Recently Saksham also helped the Covid patients by providing oxygen cylinders and other kinds of help, Great initiative guys!!! ||| Saksham Foundation is doing their best for upliftment of down trodden children and distressed women mostly from other states who come to delhi for their livlihood. Saksham itself means to make someone self dependent. Overall its a good nongovernmental organisation."
SAATHII - Delhi Office,0.0,28,SAATHII - Delhi Office | 4.5(28) | Non-profit organization · 3 | Open · Closes 7 pm · 011 4100 7035,https://www.google.com/maps/place/SAATHII+-+Delhi+Office/data=!4m7!3m6!1s0x390ce3a77c5bed29:0x37dd227c987f4a8f!8m2!3d28.5514899!4d77.2026034!16s%2Fg%2F11f7dsz84c!19sChIJKe1bfKfjDDkRj0p_mHwi3Tc?authuser=0&hl=en&g_ep=EgoyMDI2MDkyNy4xIJJjKgBIAVAD&rclk=1,NGO in Saket Delhi,2,5.0,0.526,0,They helped me and my partner a lot and i really thanks to Khushi Pahuja RPS Delhi and the whole team of SAATHI. I also thanks to Advocate Anupradha for her excellent job and support through out the case and fighting for our Case from Delhi High Court I will always be thankful to you all . ||| Good Not for profit organization
Udyogini,0.0,31,"Udyogini | 4.4(31) | Non-profit organization · D-17, Basement | Closes soon · 6 pm · Opens 9:30 am Thu · 093196 20533",https://www.google.com/maps/place/Udyogini/data=!4m7!3m6!1s0x390ce26b9aaaaab3:0xd452d734b718be2b!8m2!3d28.520918!4d77.2051287!16s%2Fg%2F1thkvn3y!19sChIJs6qqmmviDDkRK74YtzTXUtQ?authuser=0&hl=en&g_ep=EgoyMDI2MDkyNy4xIJJjKgBIAVAD&rclk=1,NGO in Saket Delhi,2,3.5,0.3,0,Wasnt upto the expectation. Not properly maintained. ||| It was nice experience.
DOCTORS FOR YOU FOUNDATION,0.0,49,DOCTORS FOR YOU FOUNDATION | 4.0(49) | Non-governmental organization ·  · CG 44 | Open 24 hours · 098102 48920,https://www.google.com/maps/place/DOCTORS+FOR+YOU+FOUNDATION/data=!4m7!3m6!1s0x390ce26c147e8a3b:0x9ee6a9075e7d3f1f!8m2!3d28.5594512!4d77.2103379!16s%2Fg%2F11m38xqkgj!19sChIJO4p-FGziDDkRHz99Xgep5p4?authuser=0&hl=en&g_ep=EgoyMDI2MDkyNy4xIJJjKgBIAVAD&rclk=1,NGO in Saket Delhi,5,2.6,-0.08209163059163058,5,"This is to strongly refute your response stating that the camp was conducted by a different NGO. The name of the NGO is clearly mentioned and visible as Doctors For You DFY, which is a foundation partnered with Sensodyne and Haleon for the mobile dental camp. Therefore, your assertion that this was a different NGO is factually incorrect and misleading. At the time of inspection, no doctor was present at the camp, and the available staff were found sleeping. As confirmed by the driver on site, the doctor had left the camp unattended to attend a meeting elsewhere. This is a serious lapse and defeats the very purpose of organizing a medicaldental camp. Such conduct raises grave concerns and gives a strong impression that the camp was being organized only for documentation and reporting purposes, rather than for providing actual healthcare services to beneficiaries. If you still maintain that this camp was not conducted by your organization, then it is your responsibility to immediately lodge a formal police complaint regarding this fraudulent misuse of your NGOs name, branding, and partnerships. Failure to do so will clearly indicate acceptance of responsibility for the conduct observed at the camp. Given the above, your reply lacks due diligence and reflects either a failure to verify basic facts or a deliberate attempt to misrepresent the situation. The responsibility of DFY in this matter cannot be denied, as the NGOs name and branding were explicitly displayed at the camp. ||| This is a fantastic initiative to provide medicines medical help to people travelling on the highway. Khalapur Food mall. This is the second time we availed this facility . I was having a terrible headache due to cold that was when we came to know about Doctors for you which is free service by this foundation. It was such a relief as there is no medical shop on the highway. This time it was a bout of acidity we took a strip of chewable a from the centre. Apparently these free centres are in 27 states in our country!! Highly recommend their service as they have 247 facility with doctors whom you can consult as well. The provide off the counter medicines for trivial problems too. ||| FAKE ALERT DFYF misusing DOCTORS FOR YOU NGO name and fame, calling their hardwork as DFYFs ||| DFYF is a new organisation which is using the brand name of DFY to loot hard earned money of people. Please do not fall prey to this. They are nothing but a fake NGO group with no credibility. ||| I m admitted in covid center Delhi common wealth games stadium , and here DOCTOR FOR YOU TEAM WORKING LIKE GODS MAN , GOD BLESS YOU GUYS , WE FEEL MORE SECURE , AND THESE STAFF IS AWESOME , DEDICATED AND VERY POLITE."
GUNJA DEVI CHARITABLE TRUST GDCT,0.0,44,"GUNJA DEVI CHARITABLE TRUST GDCT | 4.8(44) | Non-governmental organization · 365A, near INTERNATIONAL HAPPY SCHOOL | Closes soon · 6 pm · Opens 10 am Thu · 088822 70388",https://www.google.com/maps/place/GUNJA+DEVI+CHARITABLE+TRUST+GDCT/data=!4m7!3m6!1s0x390ce365886cd08d:0x42ba40ecf9577417!8m2!3d28.5365667!4d77.2283829!16s%2Fg%2F11vyv1brvj!19sChIJjdBsiGXjDDkRF3RX-exAukI?authuser=0&hl=en&g_ep=EgoyMDI2MDkyNy4xIJJjKgBIAVAD&rclk=1,NGO in Saket Delhi,5,5.0,0.40631168831168835,0,"Dharmik yatra best option for your familys senior citizen, gdct trust team managed each and everything carefully with safe travel quality meals 02 times, and medical facilities. We done recently Adi kailashyatra withgdct trust dharmik yatra. ||| Best Social services across Delhi NCR specially food Distribution kindly connect with gdcttrust ||| Best social services done by Team Gdct Trust ||| Thanks to Gunja devi charitable trust gdct to running free food distribution drive to help poor hungry peoples. Gdct trust team help humanity every sitution for everyone ||| From this NGO, children, the elderly, and animals will receive a lot of help and support, and they will also be able to live a peaceful life they deserve. Best wishes to GDCT, you are doing great work"
Shubh pahal,0.0,61,"Shubh pahal | 4.3(61) | Non-governmental organization · Andheria Mor, opp. Chhattarpur | Open · Closes 7 pm · 070113 13392",https://www.google.com/maps/place/Shubh+pahal/data=!4m7!3m6!1s0x390d1ff587315009:0x6ce1c9e1a9c95a75!8m2!3d28.506783!4d77.1748925!16s%2Fg%2F11qgjnh_vl!19sChIJCVAxh_UfDTkRdVrJqeHJ4Ww?authuser=0&hl=en&g_ep=EgoyMDI2MDkyNy4xIJJjKgBIAVAD&rclk=1,NGO in Saket Delhi,5,4.0,0.28422619047619047,0,I would like to share my feedback about SP. I am really impressed by the way of approach and quick help by the team. ||| Shubh Pahal is an amazing NGO who believes taking small steps can bring a big change at large . Keep it up ! ||| I came across street kids who wanted to study and have shelter.whole helped kids in providing education. ||| I must say that ngo is doing a great job and making a difference in thousands of poor students. ||| Your NGO such a great work for needy people and childrens.
B.S.S NGO,0.0,3,"B.S.S NGO | 5.0(3) | Non-governmental organization · B-85, Flat No. G-3, Ground Floor | Open 24 hours · 098999 19911",https://www.google.com/maps/place/B.S.S+NGO/data=!4m7!3m6!1s0x390ce34219e8d19f:0x3743d200f37449f8!8m2!3d28.5353227!4d77.2231961!16s%2Fg%2F11s34d9g5s!19sChIJn9HoGULjDDkR-El08wDSQzc?authuser=0&hl=en&g_ep=EgoyMDI2MDkyNy4xIJJjKgBIAVAD&rclk=1,NGO in Saket Delhi,0,0.0,0.0,0,No verified reviews found.
Society for the Promotion of Youth and Masses (SPYM),0.0,2840,"Society for the Promotion of Youth and Masses (SPYM) | 4.8(2,840) | Social services organization · SPYM centre, Aruna Asaf Ali Marg, opposite Pocket 4 | Closed · Opens 9:30 am Thu · 011 4100 3872",https://www.google.com/maps/place/Society+for+the+Promotion+of+Youth+and+Masses+%28SPYM%29/data=!4m7!3m6!1s0x390d1e7479933d67:0x4130c3e647eea6d6!8m2!3d28.5214628!4d77.1680215!16s%2Fg%2F1hf3tc590!19sChIJZz2TeXQeDTkR1qbuR-bDMEE?authuser=0&hl=en&g_ep=EgoyMDI2MDkyNy4xIJJjKgBIAVAD&rclk=1,NGO in Saket Delhi,5,4.6,0.1756047619047619,0,"I had a very positive experience with this deaddiction centre. The staff were compassionate, respectful, and genuinely committed to helping individuals recover. The doctors, and counsellors took the time to understand each persons needs and created personalized treatment plans. The environment was clean, safe, and supportive, making it easier to focus on recovery. The therapy sessions, group activities, and regular followups helped build confidence and encouraged longterm sobriety. I would highly recommend this centre to anyone seeking professional help for addiction or looking for a supportive place to begin their recovery journey. ||| I had a very good experience participating in the SPYM training. It helped me learn how to deal with childrenAdults in a friendly and effective way and work with them more comfortably. I also learned how to use the NICE Formula to say No appropriately at any level. Overall, the training was very useful and enriching. ||| My name is Mohd Kashif, a secondyear B.A. Hons Social Work student at Dr. Bhim Rao Ambedkar College, University of Delhi. I am currently doing an internship at the Society for the Promotion of Youth and Masses SPYM under the TI and ||| The training was very informative and useful. I learned many new skills and gained practical knowledge. The trainer explained all the topics clearly and patiently. The activities and group discussions made the session more interesting and interactive. This training has increased my confidence and improved my overall understanding of the subject However, the other facilities such as drinking water and washroom arrangements were very poor. These basic amenities need improvement for a better training experience Thanku Sunita Negi RAWAT NGO ||| SPYM is doing outstanding work in the field of substance abuse rehabilitation and community welfare. Their dedication to reforming lives, especially among vulnerable youth and children, is truly commendable. The staff is deeply committed,"
SEEDS India,0.0,71,"SEEDS India | 4.5(71) | Non-profit organization ·  · 2nd Floor, B-40 | Open · Closes 7 pm · 011 2090 4048",https://www.google.com/maps/place/SEEDS+India/data=!4m7!3m6!1s0x390d1d9850095dcb:0x450f4adfc2146d00!8m2!3d28.537353!4d77.1819452!16s%2Fg%2F1tcw6kvw!19sChIJy10JUJgdDTkRAG0Uwt9KD0U?authuser=0&hl=en&g_ep=EgoyMDI2MDkyNy4xIJJjKgBIAVAD&rclk=1,NGO in Saket Delhi,5,4.4,0.42028985507246375,0,"Nice place. Decent environment ||| Great Experience. SEEDS is doing Great job ||| Born in 1994, SEEDS Sustainable Environment and Ecological Development Society had one ultimate goal protecting the lives and livelihoods of people exposed to disasters. Today, we persist along the same path, continuing to focus on integrating locally based approached into each of our programs. Behind this work lies a diverse SEEDS team consisting of young professionals from various development related fields. It is governed and advised by a board of eminent academicians and practitioners from international organisations. Over the years, this team of committed individuals, has reached out to families affected by earthquakes, floods and cyclones restored schools and homes and has invariably put its faith in education to build long term resilience of the communities. SEEDS continues to advocate for and work with communities across Asia to build a safer and more sustainable world. Dr. V. K. Sharma, President. He is a Professor of Disaster Management Convener of the Training Advisory Committee at the Indian Institute of Public Administration since 2006. Formerly, he was the Chief of Party, Program for Enhancement of Emergency Response PEER, a USAID funded program for six Asian Countries. Dr. Manu Gupta, Vice President. He is the cofounder and director of SEEDS. His 19 years of experience in the sector covers national and regional advocacy, mobilization of community led efforts in recovery and risk reduction, climate change adaptation and emerging issues including humanitarian partnership, accountability and community resilience. He holds a doctorate degree in community based disaster management. He completed his Masters in Urban Planning and the Bachelors degree in Physical Planning. He currently serves as the Chair of the Asian Disaster Risk Reduction and Response Network, an active network of national NGOs from over 17 countries in Asia. He is part of the Steering Committee of the Global Network of CSOs for Disaster Reduction. He is also the Global Advisor for UNISDR on the Resilient Cities Campaign. He is a contributor to UNISDRs Global Assessment Report, 2011 and expert reviewer for the IPCC, SREX report. At the national level, Manu is the cofounder and member of the core group of the Alliance for Adaption Disaster Risk Reduction in India and serves on various national committees of the Government of India ||| Rehabilitation of remote areas affected by natural disasters requires commitment and grit. And above all courage. ||| Seeds doing incredible effort on grass roots for the disaster victims people nd their community...Congrats for 23 year devoted nd dedicated contribution..."
Rohini Ghadiok Foundation,0.0,1,"Rohini Ghadiok Foundation | 5.0(1) | Corporate office · J 6, Mehrauli - Badarpur Rd | Closes soon · 6 pm · Opens 10 am Thu · 011 4602 2399",https://www.google.com/maps/place/Rohini+Ghadiok+Foundation/data=!4m7!3m6!1s0x390ce1f00a51b84f:0xb457d9d6e64525da!8m2!3d28.5185903!4d77.2141621!16s%2Fg%2F11c37l08wg!19sChIJT7hRCvDhDDkR2iVF5tbZV7Q?authuser=0&hl=en&g_ep=EgoyMDI2MDkyNy4xIJJjKgBIAVAD&rclk=1,NGO in Saket Delhi,0,0.0,0.0,0,No verified reviews found.
Vasudha Foundation,0.0,27,Vasudha Foundation | 4.0(27) | Non-profit organization · G6G9+XM3 | Closed · Opens 9:30 am Thu · 080 2671 7186,https://www.google.com/maps/place/Vasudha+Foundation/data=!4m7!3m6!1s0x390ce307fdbc0dbb:0x46bd1eee4b081241!8m2!3d28.5273842!4d77.2191678!16s%2Fg%2F11bc71544r!19sChIJuw28_QfjDDkRQRIIS-4evUY?authuser=0&hl=en&g_ep=EgoyMDI2MDkyNy4xIJJjKgBIAVAD&rclk=1,NGO in Saket Delhi,1,5.0,0.5,0,Outstanding work being done by Zakat Foundation here. Mock interviews of civil services are conducted by an expert panel.
Muskaan-PAEPID,0.0,222,Muskaan-PAEPID | 4.5(222) | Non-governmental organization ·  · Plot No. 3 | Closed · Opens 9 am Thu · 011 4176 1873,https://www.google.com/maps/place/Muskaan-PAEPID/data=!4m7!3m6!1s0x390d1e77cf79cee9:0x1ea1cdab92ee0ae4!8m2!3d28.5252481!4d77.1621122!16s%2Fg%2F1q64q0x64!19sChIJ6c55z3ceDTkR5ArukqvNoR4?authuser=0&hl=en&g_ep=EgoyMDI2MDkyNy4xIJJjKgBIAVAD&rclk=1,NGO in Saket Delhi,5,4.2,0.23716666666666666,1,"Loved the place and kudos to the teachers and Seema Mam who helped us around the ngo. The work they are doing is just awesome, they have created a second home for adults with disability. These adults are not just taken care of but they are taught some vocational skills through which they earn money. The rooms , the cafeteria everything is so well maintained. Would love to visit them again and help them in any way I could because there is some magic happening in this place, once you go in you come out happy and calm. ||| Its Ngo Work on different abiled child ... wonderful working algorithm, safe , neet and clean , experienced teachers ||| Just loved the place, life time experience, motivated after visiting the place.. teacher are very helpful in developing the skills of underprivileged children... ||| Very poor behaviour by security guard at entrence gate. No empathy by staff. Have interacted with Mr Rohit however he is unable to justify the behaviour at security guard and he has not even ask me for the purpose of my visit and whether ||| Real impactful work done with adults with disabilities"
Ujjwal Manthan Bharat Seva Foundation | Ngo,0.0,6,"Ujjwal Manthan Bharat Seva Foundation | Ngo | 5.0(6) | Social welfare center · KH NO ,322, SUNRISE APPARTMENT, H NO .B8 1ST FLOOR, PLOT NO.399 | Closes soon · 6:30 pm · Opens 10 am Thu",https://www.google.com/maps/place/Ujjwal+Manthan+Bharat+Seva+Foundation+%7C+Ngo/data=!4m7!3m6!1s0x390ce160b1d6b135:0xe995ad5a024ba6f!8m2!3d28.5049596!4d77.2088987!16s%2Fg%2F11ys2gyzjy!19sChIJNbHWsWDhDDkRb7okoNVamQ4?authuser=0&hl=en&g_ep=EgoyMDI2MDkyNy4xIJJjKgBIAVAD&rclk=1,NGO in Saket Delhi,3,5.0,0.6744444444444445,0,"Very good parson sonia sharma ji ||| Very nice well done worker ||| You are doing a great job, and my team and I are with you. Radhe Radhe Jai Gau Mata Anshul Pandit, Cow Servant"
Milaan - Be The Change,0.0,27,"Milaan - Be The Change | 4.7(27) | Non-profit organization · Ground Floor, A-329 | Closes soon · 6 pm · Opens 9 am Thu · 011 4160 8955",https://www.google.com/maps/place/Milaan+-+Be+The+Change/data=!4m7!3m6!1s0x390d19e72e5cf04d:0xadfb3f712579cae4!8m2!3d28.5330164!4d77.2064446!16s%2Fg%2F11g0n96f_t!19sChIJTfBcLucZDTkR5Mp5JXE_-60?authuser=0&hl=en&g_ep=EgoyMDI2MDkyNy4xIJJjKgBIAVAD&rclk=1,NGO in Saket Delhi,5,4.6,0.26305555555555554,0,"Milaan has significantly strengthened my leadership abilities, boosted my confidence, and given me a clear direction in my career. Through consistent guidance, valuable opportunities, and meaningful engagement with communities, I have experienced the true impact of girlled change. I feel deeply grateful to be part of this inspiring movement that empowers adolescent girls to speak up, lead with confidence, and create lasting change within their communities. ||| I have been a part of Milaan for the past eight years, and joining this organisation gave me a safe and encouraging space where my voice was heard. It is because of this space and support that today I stand confident and independent. ||| I had the opportunity to mentor a young girl through Milaan Foundation. I enjoyed the opportunity to understand her and her life better. It was a humbling and learning experience for me. I am not sure how much she appreciated the ||| This girl icon program was really a great experience for me. Communicating with my girl icon and discussing with her likes, dislikes, her problems was overall a different experience for me. Milaan Foundation is up with this really good effort towards girls because its just not about a call, its about how you communicate with the person and tries to understand her problems, to make her a good friend of yours so that you may help her in any way possible. ||| A fantastic nonprofit working for the upliftment of adolescent girls boys from some of the most underserved communities across rural India. God Speed!"
Jagori Women's Resource Centre,0.0,51,Jagori Women's Resource Centre | 4.3(51) | Women's organization · 114 | Closed · Opens 9:30 am Thu · 011 2669 1219,https://www.google.com/maps/place/Jagori+Women%27s+Resource+Centre/data=!4m7!3m6!1s0x390ce21ca751c5f7:0x313a6c58baffd770!8m2!3d28.5363031!4d77.2070712!16s%2Fg%2F11dfjy6k5x!19sChIJ98VRpxziDDkRcNf_ulhsOjE?authuser=0&hl=en&g_ep=EgoyMDI2MDkyNy4xIJJjKgBIAVAD&rclk=1,NGO in Saket Delhi,0,0.0,0.0,0,No verified reviews found.
Aashalata Victoria Wilkinson Memorial Charitable Trust,0.0,8,"Aashalata Victoria Wilkinson Memorial Charitable Trust | 5.0(8) | Non-profit organization · D, 2nd Floor, L-96 | Open 24 hours · 099101 02002",https://www.google.com/maps/place/Aashalata+Victoria+Wilkinson+Memorial+Charitable+Trust/data=!4m7!3m6!1s0x390ce1f05a4abda3:0xa57ae37174e2b652!8m2!3d28.5244292!4d77.2131926!16s%2Fg%2F11g9q4z2yb!19sChIJo71KWvDhDDkRUrbidHHjeqU?authuser=0&hl=en&g_ep=EgoyMDI2MDkyNy4xIJJjKgBIAVAD&rclk=1,NGO in Saket Delhi,5,5.0,0.45121632996633,0,"The best part about this memorial is youll get a free guide here. It was a new experience. The girl who explained the things was really good at her job. She started with a question, how many times Queen Victoria visited the memorial. If you know the answer write it down ||| Victoria Memorial in Kolkata is a majestic testament to Indias colonial past and a stunning architectural marvel. As I stepped into its grand courtyard, I was immediately transported to a bygone era of British rule in India. The memorials imposing white marble structure, adorned with intricate carvings and surrounded by lush gardens, exudes an air of regal elegance. Exploring the galleries inside, I was captivated by the vast collection of paintings, sculptures, and historical artifacts that vividly depict the rich tapestry of Indian history and culture. From portraits of British monarchs to exquisite displays of Indian artistry, each exhibit offered a glimpse into the shared heritage of two nations intertwined by history. The highlight of my visit was ascending the memorials central dome, offering panoramic views of Kolkatas skyline against the backdrop of the Hooghly River. It was a surreal experience, standing atop this architectural masterpiece and contemplating the legacy it represents. However, amidst the grandeur, I couldnt help but reflect on the complex colonial legacy that the Victoria Memorial embodies. While it serves as a symbol of Indias cultural heritage and resilience, it also serves as a reminder of the colonial exploitation and oppression that shaped the countrys history. Overall, my visit to the Victoria Memorial was a profound and enlightening experience, offering a nuanced perspective on Indias past and present. Its a mustvisit destination for anyone seeking to delve into the rich tapestry of Indian history and culture. ||| A Great place to go with your family and friends. The museum had a wellpreserved rich cultural history of India. The gardens are well maintained. Note Please do not litter waste in any garden or around monuments it disturb flaura and fauna both. ||| This place holds the 100 war victory of India. The place where joy of victory is seen .Victoria Memorial hall ,1,queens way ,maidan ,Kolkata, west Bengal 70071.Elegant ,domed,white marble museum, opened Im 1921,housing...it was beautiful All along .must visit ||| Nice to stay"
Common Cause,0.0,31,"Common Cause | 4.3(31) | Non-profit organization · 5, Nelson Mandela Marg | 011 2613 1313",https://www.google.com/maps/place/Common+Cause/data=!4m7!3m6!1s0x390d1dd358dfa28d:0x7e4a571bc79bd4c!8m2!3d28.5313399!4d77.1494967!16s%2Fg%2F11b7tvflgt!19sChIJjaLfWNMdDTkRTL15vHGl5Ac?authuser=0&hl=en&g_ep=EgoyMDI2MDkyNy4xIJJjKgBIAVAD&rclk=1,NGO in Saket Delhi,5,5.0,0.2543047619047619,0,"They are doing very good work for our society by raising awareness about peoples rights and trying to protect these rights. People should support the Common Cause organization. I thank all Common Cause members for their hard work for our society without any interest in personal benefits. ||| A public interest organisation of long standing that has had an enduring impact on governance in India through its PILs and policy advocacy. ||| To fight the bad elements of the business firms, the consumer needs to stand together against them and fight for their right. This NonProfit Organizations is working towards these consumer affairs. This organizations is dealing with the concerns faced by consumers. ||| its a non profitable institute good location and have a good returant inside. ||| A crusade against corruption by some dedicated and experienced lawyers"
Centre for Health and Social Justice,0.0,14,"Centre for Health and Social Justice | 4.4(14) | Social services organization · Basement of Young Women's Hostel No. 2, Avenue 21, G Block, Saket, near Bank Of India | 011 2651 1425",https://www.google.com/maps/place/Centre+for+Health+and+Social+Justice/data=!4m7!3m6!1s0x390ce1f185852d65:0xee5b74bc5357772b!8m2!3d28.5218924!4d77.2098207!16s%2Fg%2F11cjhys5mf!19sChIJZS2FhfHhDDkRK3dXU7x0W-4?authuser=0&hl=en&g_ep=EgoyMDI2MDkyNy4xIJJjKgBIAVAD&rclk=1,NGO in Saket Delhi,3,4.333333333333333,0.16666666666666666,0,"Ngo working for health have basment office. One issue is network. ||| Dedicated and hardworking people for Health rights. Know them since 2007 ||| Needs better care, located conveniently"
HAQ Centre for Child Rights,0.0,40,"HAQ Centre for Child Rights | 4.6(40) | Social services organization ·  · 128 B, Second Floor, near Purana Shiv Mandir | Closes soon · 6 pm · Opens 10 am Thu · 011 2649 7412",https://www.google.com/maps/place/HAQ+Centre+for+Child+Rights/data=!4m7!3m6!1s0x390ce21f599dc49b:0x39dd159be9c1b27d!8m2!3d28.5486145!4d77.2153405!16s%2Fg%2F11bwkgnvkt!19sChIJm8SdWR_iDDkRfbLB6ZsV3Tk?authuser=0&hl=en&g_ep=EgoyMDI2MDkyNy4xIJJjKgBIAVAD&rclk=1,NGO in Saket Delhi,5,3.0,0.33333333333333337,0,Visit at honk it was such an amazing service by rino.Awesome flavours of food lovely ||| They are the worst people upon this planet They help nirbhaya culprit free away They definitely going to hell there family suffer like nirbhaya than they know pain ||| They wanted mercy for Azmal kasab and signed a mercy petition for that. Recognise the enemy within. ||| What cant they see so many under privileged children on the streets of Delhi ||| Raghav is awesome
Ritinjali NGO,0.0,25,Ritinjali NGO | 4.4(25) | Non-profit organization · K2 - 726 | Closes soon · 6 pm · Opens 10 am Thu · 011 4186 1541,https://www.google.com/maps/place/Ritinjali+NGO/data=!4m7!3m6!1s0x390d1dffdb91869d:0x2f3c3bacdc8b9442!8m2!3d28.5404299!4d77.1286583!16s%2Fg%2F11h75jtqp6!19sChIJnYaR2_8dDTkRQpSL3Kw7PC8?authuser=0&hl=en&g_ep=EgoyMDI2MDkyNy4xIJJjKgBIAVAD&rclk=1,NGO in Saket Delhi,3,4.666666666666667,0.44166666666666665,0,"This is the best NGO I have seen in my life, there is a lot of exploring here like workshop, explore visit, education, guidance, and its also support for boys from Delhi, there is a proper hostel for them with all the facilities. ||| It is beautiful NGO. Here you can learn so many things. ||| Doing good work for the poor sections of society"
Young Women's Association Hostel,0.0,305,"Young Women's Association Hostel | 3.9(305) | Working women's hostel · Avenue 21, G Block | 011 2656 0063",https://www.google.com/maps/place/Young+Women%27s+Association+Hostel/data=!4m7!3m6!1s0x390ce1f1a430c9bd:0x39b401076c097b77!8m2!3d28.522033!4d77.2100147!16s%2Fg%2F1tlgwb8n!19sChIJvckwpPHhDDkRd3sJbAcBtDk?authuser=0&hl=en&g_ep=EgoyMDI2MDkyNy4xIJJjKgBIAVAD&rclk=1,NGO in Saket Delhi,0,0.0,0.0,0,No verified reviews found.
Sadbhavna Foundation,0.0,2,"Sadbhavna Foundation | 5.0(2) | Non-profit organization · Flat No-01, UGF, House No. 566, Village | 096540 91000",https://www.google.com/maps/place/Sadbhavna+Foundation/data=!4m7!3m6!1s0x390ce172f627901f:0x507cb10cb19b5366!8m2!3d28.5191697!4d77.2120665!16s%2Fg%2F11jnnnkrrk!19sChIJH5An9nLhDDkRZlObsQyxfFA?authuser=0&hl=en&g_ep=EgoyMDI2MDkyNy4xIJJjKgBIAVAD&rclk=1,NGO in Saket Delhi,0,0.0,0.0,0,No verified reviews found.
Humana People to People India,0.0,257,"Humana People to People India | 4.4(257) | Non-profit organization · 111/9-Z, Aruna Asaf Ali Marg | Closes soon · 6 pm · Opens 9 am Thu · 011 4746 2222",https://www.google.com/maps/place/Humana+People+to+People+India/data=!4m7!3m6!1s0x390d1e74813bd897:0xab950640a001fc58!8m2!3d28.5211913!4d77.1687915!16s%2Fg%2F11gzlczjq!19sChIJl9g7gXQeDTkRWPwBoEAGlas?authuser=0&hl=en&g_ep=EgoyMDI2MDkyNy4xIJJjKgBIAVAD&rclk=1,NGO in Saket Delhi,4,5.0,0.7675,0,"One of the Top and Best NGO in India. They work honestly and has a decent ground team. Their work on the ground speams itself. ||| Very good charitable organisation... Have lots of kind hearted people... ||| One of the best organization in the world which is working for Humanity, Sustainable Development skill Development ||| Coz they good people,and I have excellent experience . good service.caring."
Aastha Foundation (NGO),0.0,51,"Aastha Foundation (NGO) | 4.9(51) | Charity · Number 1, House No,173 Block C Gali | Open · Closes 7 pm · 072178 15656",https://www.google.com/maps/place/Aastha+Foundation+%28NGO%29/data=!4m7!3m6!1s0x390d1da925877797:0x9448501e56f6261!8m2!3d28.5329662!4d77.1249659!16s%2Fg%2F11j12h_x64!19sChIJl3eHJakdDTkRYWJv5QGFRAk?authuser=0&hl=en&g_ep=EgoyMDI2MDkyNy4xIJJjKgBIAVAD&rclk=1,NGO in Saket Delhi,5,5.0,0.43933333333333335,0,I love the helping nature of all team members ||| Great NGO near aerocity mahipalpur. I love their services ||| Such a kind and humble team . Best NGO in delhi ||| I found such a great NGO near me Mahipalpur . Superb supportive team members ||| Such a great NGO I found nearby Aerocity Mahipalpur in Delhi
Umeed NGO,0.0,16,"Umeed NGO | 4.0(16) | Social services organization · 208-216, DDA Commercial Complex, Sri Aurobindo Marg | 011 4022 4000",https://www.google.com/maps/place/Umeed+NGO/data=!4m7!3m6!1s0x390ce2128764026b:0xe2e9ac738a34af60!8m2!3d28.5506862!4d77.2063609!16s%2Fg%2F1hdzt6z9d!19sChIJawJkhxLiDDkRYK80inOs6eI?authuser=0&hl=en&g_ep=EgoyMDI2MDkyNy4xIJJjKgBIAVAD&rclk=1,NGO in Saket Delhi,4,4.5,0.13333333333333333,0,"Greetings SirMadam I am Hina Jain a front end web developer and I would like to contribute to Umeed by developing a website from scratch.This website will help Umeed to reach organic audiences via search engines, leverage digital advertising to boost lead generation.I am happy to do my work without any charges as a token of contribution towards Umeed. You can reach out to me on my Email id hina.designs06gmail.com so that we can discuss further about the content for website. ||| I myself joined this.. Nd heres the motive is actually helping the needy.. Knowledge for All program nd go green programs.. All these programs are helping either the slim areas students or the environment.. ||| Yeah, it do exist humanity if you wanna see just visit umeed... And you will feel it, see it, belive it. ||| Its a good social service NGO .diongservi e to those who crave for help."
Doctors For You ®,0.0,350,"Doctors For You ® | 4.9(350) | Non-governmental organization · Ganga Apartments, 312 G-6 | Closed · Opens 9 am Thu · 082618 90890",https://www.google.com/maps/place/Doctors+For+You+%C2%AE/data=!4m7!3m6!1s0x390d03e4ace55555:0x311fcafa5cbd39cc!8m2!3d28.5246833!4d77.1474539!16s%2Fg%2F11g9jlw2g6!19sChIJVVXlrOQDDTkRzDm9XPrKHzE?authuser=0&hl=en&g_ep=EgoyMDI2MDkyNy4xIJJjKgBIAVAD&rclk=1,NGO in Saket Delhi,5,4.2,0.4183,0,"At the time of inspection, no doctor was present at the camp, and the available staff were found sleeping. As confirmed by the driver on site, the doctor had left the camp unattended to attend a meeting elsewhere. This is a serious lapse and defeats the very purpose of organizing a medicaldental camp. Such conduct raises grave concerns and gives a strong impression that the camp was being organized only for documentation and reporting purposes, rather than for providing actual healthcare services to beneficiaries. ||| DFY works in 23 States of India to provide medical relief in disaster, managing Covid hospitals, Covid vaccination drives, capacity building of Hygiene Technician, Community development Initiatives, Mobile Medical Unit Health Camps . Its Amazing ||| Dfy organization has done a very good job in the corona call, has vaccinated more than 50,000 people and has a very good team in which doctors nursing staff data entry operators all people cooperate each other by working in this institution we get a lot feel good. ||| DOCTORS FOR YOU is dong very good job and I surely say because I had seen their work for cancer patient. they are doing their best for helping them and i must say once you choose hope anything is possible , thank you team DOCTORS FOR YOU ||| Good organization aiding govt. for vaccination for fight against COVID19 Nice, helpful , supportive staff. well maintained"
Udyam Trust,0.0,28,"Udyam Trust | 4.4(28) | Non-profit organization · Ground, 200, Upper | Closes soon · 6 pm · Opens 10 am Thu · 011 4905 2567",https://www.google.com/maps/place/Udyam+Trust/data=!4m7!3m6!1s0x390ce26954ffcc8b:0x473aef4be3e701fd!8m2!3d28.5599393!4d77.2119423!16s%2Fg%2F11cn3l2cm6!19sChIJi8z_VGniDDkR_QHn40vvOkc?authuser=0&hl=en&g_ep=EgoyMDI2MDkyNy4xIJJjKgBIAVAD&rclk=1,NGO in Saket Delhi,4,5.0,0.24499999999999997,0,"Wonderful place, lovely atmosphere, great teachers trying there best to give every support they can to these beautiful children. ||| The kids will make you smile, instantly ||| NGO devoted for the upliftment of underprivileged children and women. ||| This organisation work for unprivileged sectors, community, education of children and women."
Literacy India Saket,0.0,6,Literacy India Saket | 5.0(6) | Education center · Saiyad ul Ajaib Gali Number 7 | Closes soon · 6 pm · Opens 10 am Thu,https://www.google.com/maps/place/Literacy+India+Saket/data=!4m7!3m6!1s0x390ce1e53df4d51d:0xee04d0993088eda6!8m2!3d28.5167365!4d77.2005843!16s%2Fg%2F11g8lqrk65!19sChIJHdX0PeXhDDkRpu2IMJnQBO4?authuser=0&hl=en&g_ep=EgoyMDI2MDkyNy4xIJJjKgBIAVAD&rclk=1,NGO in Saket Delhi,2,5.0,0.8049999999999999,0,I went to teach music and I loved the simplicity and determination of the kids for music. Its an NGO. ||| Very good NGO Literacy India
Multiple Action Research Group (MARG),0.0,17,"Multiple Action Research Group (MARG) | 4.8(17) | Non-profit organization ·  · 2nd floor, 205, 206, Peacock Court, Shahpur Jat New Delhi Delhi IN 110049 | Closed · Opens 10 am Thu · 011 2649 7483",https://www.google.com/maps/place/Multiple+Action+Research+Group+%28MARG%29/data=!4m7!3m6!1s0x390ce216933ad771:0x498ff3c48e752bed!8m2!3d28.547071!4d77.213702!16s%2Fg%2F11bxg069qy!19sChIJcdc6kxbiDDkR7St1jsTzj0k?authuser=0&hl=en&g_ep=EgoyMDI2MDkyNy4xIJJjKgBIAVAD&rclk=1,NGO in Saket Delhi,0,0.0,0.0,0,No verified reviews found.
WhiteHope Foundation,0.0,2,WhiteHope Foundation | 5.0(2) | Non-profit organization | Closed · Opens 9 am Thu,https://www.google.com/maps/place/WhiteHope+Foundation/data=!4m7!3m6!1s0x390ce1f67322542b:0x3ed9c1f5efd1a799!8m2!3d28.528266!4d77.2213978!16s%2Fg%2F11zj2vd_mf!19sChIJK1Qic_bhDDkRmafR7_XB2T4?authuser=0&hl=en&g_ep=EgoyMDI2MDkyNy4xIJJjKgBIAVAD&rclk=1,NGO in Saket Delhi,1,5.0,0.8,0,Great foundation help atlot
SAPNA,0.0,8,"SAPNA | 4.3(8) | Social services organization · flat no 8086 pocket, D-8 | Open · Closes 7 pm · 088262 00922",https://www.google.com/maps/place/SAPNA/data=!4m7!3m6!1s0x390d1dd5a7b16df9:0x13f33cd2ce821e4f!8m2!3d28.5272144!4d77.1515832!16s%2Fg%2F1tgpwl15!19sChIJ-W2xp9UdDTkRTx6CztI88xM?authuser=0&hl=en&g_ep=EgoyMDI2MDkyNy4xIJJjKgBIAVAD&rclk=1,NGO in Saket Delhi,2,5.0,0.6675,0,Truly genuine Experience. Thanks for genuine efforts. Loved it. ||| AGARWAL packer and movers very good
Sabiha Trust & NGO,0.0,0,Sabiha Trust & NGO | No reviews | Women's health clinic · G6C6+R3J Sabiha Trust & NGO | Closed · Opens 10:30 pm Thu,https://www.google.com/maps/place/Sabiha+Trust+%26+NGO/data=!4m7!3m6!1s0x390ce1a7aeb95019:0xcd41d6353929dc7b!8m2!3d28.5220971!4d77.2101534!16s%2Fg%2F11njzng__w!19sChIJGVC5rqfhDDkRe9wpOTXWQc0?authuser=0&hl=en&g_ep=EgoyMDI2MDkyNy4xIJJjKgBIAVAD&rclk=1,NGO in Saket Delhi,0,0.0,0.0,0,No verified reviews found.
Population Foundation of India,0.0,24,"Population Foundation of India | 4.3(24) | Non-governmental organization ·  · B, 28, Qutab Institutional Area Rd, opposite to Medeor Hospital | Closed · Opens 9:15 am Thu · 011 4389 4100",https://www.google.com/maps/place/Population+Foundation+of+India/data=!4m7!3m6!1s0x390d1de53e6afbf9:0x2befe2d0b410906f!8m2!3d28.5378055!4d77.1817596!16s%2Fg%2F1tftjlng!19sChIJ-ftqPuUdDTkRb5AQtNDi7ys?authuser=0&hl=en&g_ep=EgoyMDI2MDkyNy4xIJJjKgBIAVAD&rclk=1,NGO in Saket Delhi,4,4.0,0.15,0,One of the well known NGOs working towards populationhealth education is Population Foundation in India which is located in Qutub Institute Area near Katwaria Sarai. It was founded in 1970 by JRD Tata. ||| This is Non Governmental offices area. Nice Place Near Heart of Delhi Sanjay Van Near Katwaria Sarai Sanjay Van is really like heaven. Sab kuch shant shant h yaha par ||| Kind of useless building. ||| Very well known and reputed NGO.
Bharat Rural Livelihoods Foundation,0.0,39,"Bharat Rural Livelihoods Foundation | 4.3(39) | Non-profit organization · C-32, Second Floor, Ratna Vilas, Neeti Bagh | Closes soon · 6 pm · Opens 9 am Thu · 011 4606 1935",https://www.google.com/maps/place/Bharat+Rural+Livelihoods+Foundation/data=!4m7!3m6!1s0x390ce26a0fffffff:0x12cb6302622daf2a!8m2!3d28.5585873!4d77.216932!16s%2Fg%2F11dd_ks_6j!19sChIJ____D2riDDkRKq8tYgJjyxI?authuser=0&hl=en&g_ep=EgoyMDI2MDkyNy4xIJJjKgBIAVAD&rclk=1,NGO in Saket Delhi,2,4.5,0.09583333333333334,0,BRLM is doing extremely well for the development of rural communities but they should involve the NGOs directly. ||| They are doing exceptionally great work for poor and needy
Umeed Foundation,0.0,12,Umeed Foundation | 4.7(12) | Computer training school · E 3 | ,https://www.google.com/maps/place/Umeed+Foundation/data=!4m7!3m6!1s0x390ce1e86b599ce9:0xe233eba2bfc3d5!8m2!3d28.5092352!4d77.2071758!16s%2Fg%2F11cnd5ch4f!19sChIJ6ZxZa-jhDDkR1cO_ousz4gA?authuser=0&hl=en&g_ep=EgoyMDI2MDkyNy4xIJJjKgBIAVAD&rclk=1,NGO in Saket Delhi,3,5.0,0.4166666666666667,0,"Best school best education May Allah bless this school with all success and Allah bless all children for success. Zainab khan from Lucknow ||| Best place for study , and computer learning , Thanks to Mrs. Natasha mam. ||| Is this by wali rahman???"
Advocate Rumpa Dhibar & Associates (Women & Child Specialist Lawyer),0.0,239,"Advocate Rumpa Dhibar & Associates (Women & Child Specialist Lawyer) | 4.9(239) | Lawyers association ·  · COMPLEX, SAKET COURT, 388, Lawyers' Chambers | Open 24 hours · 070489 45193",https://www.google.com/maps/place/Advocate+Rumpa+Dhibar+%26+Associates+%28Women+%26+Child+Specialist+Lawyer%29/data=!4m7!3m6!1s0x390ce3c13103da8b:0x49eab864bcdfaeb5!8m2!3d28.5289674!4d77.2225748!16s%2Fg%2F11t3wdl57q!19sChIJi9oDMcHjDDkRta7fvGS46kk?authuser=0&hl=en&g_ep=EgoyMDI2MDkyNy4xIJJjKgBIAVAD&rclk=1,NGO in Saket Delhi,5,4.2,0.2046857142857143,0,"Rude, does not listen to needy people st all. ||| She is a highly skilled and professional lawyer. She listens patiently and provides clear, helpful legal advice. Her behavior is polite and respectful. She completes work on time with full dedication. I am very satisfied with her services and would definitely recommend her to others. ||| She very good human being with kind and great heart,she is very dedicated person about work and passion she handled every situation very well. Great person with fully dedication.. ||| I am deeply grateful for your support and dedication. Your expertise and guidance have transformed my life, Thankyou so much Mam meri life me itni khushiyan dene ke liye. From Riya ||| He is a very good advocate for the girl and the children and is also a great supporter. Especially girls should take their help because they understand very well and also advocate very well."
The helping hand trust,0.0,5,"The helping hand trust | 5.0(5) | Non-profit organization · 2nd floor, 20/572 | Open · Closes 7 pm · 083689 62352",https://www.google.com/maps/place/The+helping+hand+trust/data=!4m7!3m6!1s0x390ce14fad72f983:0xb53d50cd3b6b21d4!8m2!3d28.5178897!4d77.2279415!16s%2Fg%2F11t6n81953!19sChIJg_lyrU_hDDkR1CFrO81QPbU?authuser=0&hl=en&g_ep=EgoyMDI2MDkyNy4xIJJjKgBIAVAD&rclk=1,NGO in Saket Delhi,1,5.0,0.78,0,This is NGO is very nice Im also associat with this NGO
NGO,0.0,1,"NGO | 5.0(1) | Education center · Shri Sankat Mochan Hanuman Mandir, 667/5 | ",https://www.google.com/maps/place/NGO/data=!4m7!3m6!1s0x390d1fe19cbdcd6f:0x18ef26eae2160bb8!8m2!3d28.5221691!4d77.1764899!16s%2Fg%2F11t5nb6q4c!19sChIJb829nOEfDTkRuAsW4uom7xg?authuser=0&hl=en&g_ep=EgoyMDI2MDkyNy4xIJJjKgBIAVAD&rclk=1,NGO in Saket Delhi,0,0.0,0.0,0,No verified reviews found.
Peepul,0.0,31,"Peepul | 4.5(31) | Non-profit organization · First Floor, 10/1 | Closes soon · 6:30 pm · Opens 9:30 am Thu",https://www.google.com/maps/place/Peepul/data=!4m7!3m6!1s0x390ce2698377c47b:0xd8789a5e229a9523!8m2!3d28.540459!4d77.208746!16s%2Fg%2F11c468bt9j!19sChIJe8R3g2niDDkRI5WaIl6aeNg?authuser=0&hl=en&g_ep=EgoyMDI2MDkyNy4xIJJjKgBIAVAD&rclk=1,NGO in Saket Delhi,4,5.0,0.47187500000000004,0,The office is spacious and good place to work with a good wifi! The walls have such amazing paintings created by students. It was wonderful to visit office! ||| Working great job in education with innovative ideas. ||| Amazing office place. Prime location. High security. Great infrastructure. Beautiful ambience ||| NGO which is currently working in education with SDMC.
Expert Solutions 4 Non Profit,0.0,6,"Expert Solutions 4 Non Profit | 5.0(6) | Non-profit organization · Lower Ground Floor, B - 68 | Closes soon · 6 pm · Opens 10 am Thu · 096541 74849",https://www.google.com/maps/place/Expert+Solutions+4+Non+Profit/data=!4m7!3m6!1s0x390ce21c51aae6d9:0x451526d6db92dbb5!8m2!3d28.5358939!4d77.2081297!16s%2Fg%2F11ks11ypv0!19sChIJ2eaqURziDDkRtduS29YmFUU?authuser=0&hl=en&g_ep=EgoyMDI2MDkyNy4xIJJjKgBIAVAD&rclk=1,NGO in Saket Delhi,5,5.0,0.3050454545454545,0,"I recently engaged with Expert Solutions for Nonprofit, and the experience was exceptional. As a dedicated NGO consultant, they offered tailored strategic guidance that helped us maximize donor engagement and operational efficiency. Expert Solutions not only understands the unique challenges of nonprofit organizations, but they also bring a wealth of experience in fundraising strategies and grant writing. If you are an NGO looking to grow, or need expert advice on nonprofit management, I highly recommend Expert Solutions for Nonprofit. Their dedication to NGO success is truly unmatched. ||| I will only recommend Expert Solutions for Nonprofit highly enough. As an NGO consultant, they were pivotal in transforming our organizations approach to growth. They provided indepth strategic planning tailored to our nonprofits ||| Expert Solutions 4 NonProfit LLP has been exceptional in supporting NGOs with their expert guidance and practical solutions. Their team is highly professional, responsive, and genuinely dedicated to creating a positive social impact. They have helped streamline operations, strengthen fundraising strategies, and improve overall organizational efficiency. Their insights and support make a real difference for any nonprofit aiming to grow and scale its impact. Highly recommended for organizations looking for reliable and knowledgeable partners in the nonprofit space. ||| Expert Solutions 4 NonProfit is doing an incredible job in supporting NGOs with professional guidance and innovative solutions. Their team is knowledgeable, responsive, and truly committed to social impact. They helped improve efficiency, ||| I had a really good experience with this NGO. They are doing great work to help people and make a positive difference in society. The team is kind, supportive, and truly cares about the people they help. What I liked the most is that they focus on real problems and try to create longterm solutions. They are honest, hardworking, and dedicated to their mission."
MaxAtHome,0.0,401,MaxAtHome | 4.3(401) | Home health care service · Press Enclave Marg | Open 24 hours · 092402 99623,https://www.google.com/maps/place/MaxAtHome/data=!4m7!3m6!1s0x390d182f16bfad37:0x345601022fb717ec!8m2!3d28.5276125!4d77.2068097!16s%2Fg%2F11f3f_c74r!19sChIJN62_Fi8YDTkR7Be3LwIBVjQ?authuser=0&hl=en&g_ep=EgoyMDI2MDkyNy4xIJJjKgBIAVAD&rclk=1,NGO in Saket Delhi,5,2.8,0.13183333333333333,0,"We would like to express our heartfelt gratitude to the wonderful home nurses who cared for our father. Your kindness, compassion, professionalism, and dedication meant so much to him and to our entire family. Thank you for the excellent care, patience, and support you provided during such an important time. Your warmth and commitment brought comfort and peace to all of us. We will always be grateful for everything you have done. With our sincere appreciation, thank you Devrat from the bottom of our hearts. ||| I availed MaxHome services for my newborn, and the entire experience was smooth and reassuring. The nurse was assigned without any hassle, and the management provided clear guidance throughout the process. ||| I called Maxhome for a 12 hour attendant for my father. They quoted a figure which is much higher than market rate, but I was ok with it, hoping that the service will be prompt as it was an emergency. The person said they will arrange a call back soon, I waited for an hour and called again they said dont worry we will call back. I kept waiting and called again after two hours when the executive said now you will only get a call the next day in the most callous manner as if he is selling cakes and not health care services. This apathy and non responsive behaviour is really frustrating. Why should anyone pay premium for such callousness? ||| We have been using 12 hour Max attendants for my 91 year old father for almost 4 months. We are extremely frustrated in the quality of care and the responsiveness of the TL. The attendants just want to sit and watch their reels mostly. They ||| Poor service. The attendant was supposed to come at 8 and he reached at 9. This company is using Max name to fool the people. They are not at all professional. I got calls from 6 different people for information. The attendant sent was 16 year old boy and didnt know any work. He was not even wearing the mask."
Centre For Media Studies (CMS),0.0,13,"Centre For Media Studies (CMS) | 4.8(13) | Media Consultant · CMS Research House, Saket Community Centre | Closes soon · 6 pm · Opens 10 am Thu · 011 2686 4020",https://www.google.com/maps/place/Centre+For+Media+Studies+%28CMS%29/data=!4m7!3m6!1s0x390d1d95eaaaaaab:0xa11beb6498ac35a!8m2!3d28.5232135!4d77.2080453!16s%2Fg%2F1tfkjkc6!19sChIJq6qq6pUdDTkRWsOKSba-EQo?authuser=0&hl=en&g_ep=EgoyMDI2MDkyNy4xIJJjKgBIAVAD&rclk=1,NGO in Saket Delhi,3,5.0,0.0,0,Scribd test Centre for media studies with pdf ||| A well known research think tank... ||| A research think tank
Prayas Saket centre,0.0,7,"Prayas Saket centre | 4.3(7) | Social services organization · G683+V47, Unnamed Road | ",https://www.google.com/maps/place/Prayas+Saket+centre/data=!4m7!3m6!1s0x390ce1e4e0cd010f:0xf6eb8871afe62ca5!8m2!3d28.5171656!4d77.2028003!16s%2Fg%2F11gfb5200f!19sChIJDwHN4OThDDkRpSzmr3GI6_Y?authuser=0&hl=en&g_ep=EgoyMDI2MDkyNy4xIJJjKgBIAVAD&rclk=1,NGO in Saket Delhi,0,0.0,0.0,0,No verified reviews found.
NGO Anahita,0.0,1,"NGO Anahita | 5.0(1) | Non-profit organization · D-3, 3074 | Closes soon · 6 pm · Opens 9:30 am Thu · 011 4158 0034",https://www.google.com/maps/place/NGO+Anahita/data=!4m7!3m6!1s0x390d1dd5a7b16df9:0xd2297d657074a8e7!8m2!3d28.5173369!4d77.1589192!16s%2Fg%2F11g6mdtt3b!19sChIJ-W2xp9UdDTkR56h0cGV9KdI?authuser=0&hl=en&g_ep=EgoyMDI2MDkyNy4xIJJjKgBIAVAD&rclk=1,NGO in Saket Delhi,0,0.0,0.0,0,No verified reviews found.
Restless Development India,0.0,16,"Restless Development India | 4.7(16) | Youth social services organization · B-117, Second Floor, Sarvodaya Enclave, Sri Aurobindo Marg | Closes soon · 6 pm · Opens 10 am Thu · 011 4605 3183",https://www.google.com/maps/place/Restless+Development+India/data=!4m7!3m6!1s0x390ce2142024bb1f:0x58d16dd70d30e0dc!8m2!3d28.536709!4d77.1997084!16s%2Fg%2F11dftpdg1m!19sChIJH7skIBTiDDkR3OAwDddt0Vg?authuser=0&hl=en&g_ep=EgoyMDI2MDkyNy4xIJJjKgBIAVAD&rclk=1,NGO in Saket Delhi,2,4.5,0.48750000000000004,0,"Its a global agency for youthled development. The Agency NGOCSO works in various states across India and caters to millions of young people esp. young girls and boys. The NGO has its state offices in Ranchi, Ganjam, Munger and Alwar and its Country Office is in Delhi. Headed by a woman, this agency works with a range of partners and stakeholders. For this agency, Young People are the leaders of today and not the future which makes them an awesome choice for all the young people in the country. Also, it works in a lot of countries across Asia and Africa. ||| Its an NGO doing great work in terms of youth and girls. They do take volunteers in case you want to contribute."
Buddha Charitable Foundation(India),0.0,4,"Buddha Charitable Foundation(India) | 4.5(4) | Non-profit organization · 312 AD Village, near Govt Girls School | Closes soon · 6 pm · Opens 10 am Thu · 099582 96001",https://www.google.com/maps/place/Buddha+Charitable+Foundation%28India%29/data=!4m7!3m6!1s0x390d1d94e1be5ee7:0xe4af2446fc2b3b8b!8m2!3d28.5526458!4d77.1707153!16s%2Fg%2F11c2qklm1v!19sChIJ516-4ZQdDTkRizsr_EYkr-Q?authuser=0&hl=en&g_ep=EgoyMDI2MDkyNy4xIJJjKgBIAVAD&rclk=1,NGO in Saket Delhi,2,4.5,0.345,0,Its a very nice noble cause done by this Organisation ||| Jay Bhim Jay Bharat
Lakshyam NGO ( Vasant Kunj Center),0.0,8,Lakshyam NGO ( Vasant Kunj Center) | 3.6(8) | Non-governmental organization | 095407 90002,https://www.google.com/maps/place/Lakshyam+NGO+%28+Vasant+Kunj+Center%29/data=!4m7!3m6!1s0x390d1c30fa94f2bb:0xace231e69e54d835!8m2!3d28.539331!4d77.1315724!16s%2Fg%2F11gdgy11sw!19sChIJu_KU-jAcDTkRNdhUnuYx4qw?authuser=0&hl=en&g_ep=EgoyMDI2MDkyNy4xIJJjKgBIAVAD&rclk=1,NGO in Saket Delhi,2,3.0,0.15203703703703703,0,Wws there for a workshop against child sexual abuse. The founder is such a good person and down to earth. The place is very nice and simple. ||| It was greatful experience.
Dream Future NGO,0.0,12,"Dream Future NGO | 5.0(12) | Non-profit organization · Masjid Compound, First Floor KH, No. 1527, Mahipalpur, near Mahipalpur | Closes soon · 6 pm · Opens 10 am Thu · 095603 49454",https://www.google.com/maps/place/Dream+Future+NGO/data=!4m7!3m6!1s0x390d1d756bf092ff:0x21d3e5531122ea82!8m2!3d28.5385067!4d77.1346882!16s%2Fg%2F11w91wmg7f!19sChIJ_5Lwa3UdDTkRguoiEVPl0yE?authuser=0&hl=en&g_ep=EgoyMDI2MDkyNy4xIJJjKgBIAVAD&rclk=1,NGO in Saket Delhi,4,5.0,0.6527380952380952,0,"The Dream Future NGO is doing a great work in its field, its a very nice NGO. ||| They are doing good work ||| There work is good!! ||| The Dream Future NGO intention is really good and they are doing the right thing in a right direction. The team is very supportive."
Sunaayy Foundation,0.0,7,"Sunaayy Foundation | 4.9(7) | Non-profit organization · Signature House, B1, behind GD Goenka School | Closed · Opens 8 am Thu · 083687 62056",https://www.google.com/maps/place/Sunaayy+Foundation/data=!4m7!3m6!1s0x390d1e7a06ed0ad3:0xe58606dc1e0d2b1d!8m2!3d28.5270694!4d77.1528515!16s%2Fg%2F1ptwzl8gx!19sChIJ0wrtBnoeDTkRHSsNHtwGhuU?authuser=0&hl=en&g_ep=EgoyMDI2MDkyNy4xIJJjKgBIAVAD&rclk=1,NGO in Saket Delhi,2,5.0,0.33999999999999997,0,"An honest NGO, spearheaded by a compassionate, intelligent, able individual, taking care of education nutrients, health needs of street children, vulnerable women and also environment in South Delhi, Jharkhand, Bihar, Bengal ||| Genuine work for the underprivileged"
Buddh Jyoti Foundation,0.0,7,"Buddh Jyoti Foundation | 5.0(7) | Association / Organization · 4th Floor, Gali No. 13, Plot No. 235, nearby Hanuman mandir Road | Open · Closes 7 pm · 082876 64996",https://www.google.com/maps/place/Buddh+Jyoti+Foundation/data=!4m7!3m6!1s0x390ce3b1cf523535:0x49e7c83c9d28c5aa!8m2!3d28.5269769!4d77.1340054!16s%2Fg%2F11f2y2g126!19sChIJNTVSz7HjDDkRqsUonTzI50k?authuser=0&hl=en&g_ep=EgoyMDI2MDkyNy4xIJJjKgBIAVAD&rclk=1,NGO in Saket Delhi,3,5.0,0.4222222222222222,0,The organisation is doing social services and charity work. Dedicated and committed team doing great work . ||| A Ngo work to kids education and medical support ||| Wonderful initiative of charity work done by this organization. Keep the good work going....
Helping Hands,0.0,6,"Helping Hands | 4.3(6) | Non-governmental organization · Flat No. A1, DCP South Office Complex, Chaudhary Dilip Singh Marg | 098100 83486",https://www.google.com/maps/place/Helping+Hands/data=!4m7!3m6!1s0x390ce2126fb1d987:0x486cddac9b303a20!8m2!3d28.5498019!4d77.2068761!16s%2Fg%2F11fn8px047!19sChIJh9mxbxLiDDkRIDowm6zdbEg?authuser=0&hl=en&g_ep=EgoyMDI2MDkyNy4xIJJjKgBIAVAD&rclk=1,NGO in Saket Delhi,1,5.0,0.0,0,Thankyou helping hands
National Association for the Blind,0.0,200,National Association for the Blind | 4.7(200) | Non-profit organization ·  | Closed · Opens 10 am Thu · 088262 60010,https://www.google.com/maps/place/National+Association+for+the+Blind/data=!4m7!3m6!1s0x390d1d9a1d470e25:0x3f60adde5612c3cf!8m2!3d28.560699!4d77.175038!16s%2Fg%2F1ttdwv6_!19sChIJJQ5HHZodDTkRz8MSVt6tYD8?authuser=0&hl=en&g_ep=EgoyMDI2MDkyNy4xIJJjKgBIAVAD&rclk=1,NGO in Saket Delhi,5,4.2,0.450885101010101,0,"Since I had sponsored lunch today, I visited the hostel and I was really impressed as everything was so well organised. The children were extremely happy. The quality of food served was superb. The cleanliness., the staff everything was very good. ||| The NAB is a best school as place for disabled people from eyesight. Good performance school for blinds , printing services available in Braille. Very attractive and intelligent teaching staff there. I impressed a teaching staff name as Mr. Amit Goswami ji and his wife. They are 100 Blind and both are trainer for training and computer education for blind students. We meet many blind students, they are happily live and learning. First time experience and very great. Rest all staffs are very kind hearted person. As we are team of MarutiSuzuki CSR we donate headphone for their best learning. God bless all staffs and students. ||| I am visually impaired myselfthough I do have some residual vision. Let me tell you all everyone who claims to work in support of the blind is not actually doing it for the blind they are doing it for themselvesspecifically for their own income. ||| They are a part of an excellent initiative I would request people to be connected with them not only in kind, goodsor funding but find time to support their cause by giving time to support their operations ||| Extraordinary work. I have more respect for my vision and better understanding of those who dont. Everyone should visit and experience."
V-Shesh,0.0,6,"V-Shesh | 4.2(6) | Training center ·  · C-12, Near HelpAge India | Open 24 hours",https://www.google.com/maps/place/V-Shesh/data=!4m7!3m6!1s0x390d1de74f85dc27:0xc389dbe8095d1898!8m2!3d28.537523!4d77.1886749!16s%2Fg%2F11h7cnsy2_!19sChIJJ9yFT-cdDTkRmBhdCejbicM?authuser=0&hl=en&g_ep=EgoyMDI2MDkyNy4xIJJjKgBIAVAD&rclk=1,NGO in Saket Delhi,1,5.0,0.6,0,Nice Ngo job provided for handicapped
Gurukul Trust,0.0,4,"Gurukul Trust | 4.8(4) | Association / Organization · Delhi Public School Ghaziabad Society A-Block, 3rd Floor, MGF Metropolitan Mall | Closed · Opens 9 am Thu · 011 4734 2000",https://www.google.com/maps/place/Gurukul+Trust/data=!4m7!3m6!1s0x390ce0358f681d8b:0xbfd359cfd0d1fb3f!8m2!3d28.530258!4d77.2194835!16s%2Fg%2F11c44ppy4l!19sChIJix1ojzXgDDkRP_vR0M9Z078?authuser=0&hl=en&g_ep=EgoyMDI2MDkyNy4xIJJjKgBIAVAD&rclk=1,NGO in Saket Delhi,2,5.0,0.45499999999999996,0,Now working in tbsp by yumyumtree ||| Very good delivery
Welthungerhilfe,0.0,25,"Welthungerhilfe | 4.5(25) | Non-profit organization · S-179, Panchsheel Marg | Closed · Opens 9:30 am Thu · 011 4052 0140",https://www.google.com/maps/place/Welthungerhilfe/data=!4m7!3m6!1s0x390ce2249205dac3:0x46d52778f313ea35!8m2!3d28.541775!4d77.213291!16s%2Fg%2F11c5_h8v_f!19sChIJw9oFkiTiDDkRNeoT83gn1UY?authuser=0&hl=en&g_ep=EgoyMDI2MDkyNy4xIJJjKgBIAVAD&rclk=1,NGO in Saket Delhi,5,4.8,0.798,0,This NGO does excellent work. ||| One of the best INGO in the world ||| Its very nice organisation and working on real ground ||| International NGO. One of the best in its field. ||| Best place visiting
Streebal NGO,0.0,6,"Streebal NGO | 4.2(6) | Non-governmental organization · 135, opp. Block B6/109 | Closed · Opens 9 am Thu",https://www.google.com/maps/place/Streebal+NGO/data=!4m7!3m6!1s0x390d1d89d87b05c3:0x28b70f3779a2deb3!8m2!3d28.559855!4d77.194461!16s%2Fg%2F11c533p24x!19sChIJwwV72IkdDTkRs96ieTcPtyg?authuser=0&hl=en&g_ep=EgoyMDI2MDkyNy4xIJJjKgBIAVAD&rclk=1,NGO in Saket Delhi,2,5.0,0.12,0,"Its very Genuine NG organisation which is ceaselessly working twds women empowerment, childrens education besides it also has physiotherapy, dentist and medical help . ||| Streebal is a nonprofit organization that teaches sewing to poor people, conducts computer classes for children and also runs a charitable hospital."
NCPEDP India,0.0,18,"NCPEDP India | 4.9(18) | Non-profit organization ·  · No. 828, Suniye Building, Type-1 Quarters First Floor, opposite House | Closes soon · 6 pm · Opens 10 am Thu · 073039 44839",https://www.google.com/maps/place/NCPEDP+India/data=!4m7!3m6!1s0x390ce2726fd4001b:0x80c70c92b0874b28!8m2!3d28.5585577!4d77.1852722!16s%2Fg%2F11b7xsh1j9!19sChIJGwDUb3LiDDkRKEuHsJIMx4A?authuser=0&hl=en&g_ep=EgoyMDI2MDkyNy4xIJJjKgBIAVAD&rclk=1,NGO in Saket Delhi,4,5.0,0.3400595238095238,0,They are working as nongovernmental guiding force toward policy making and laws enacted by Government of India. They are a dedicated organization for the welfare of disabled and special needs citizens. ||| Their work and contribution in highlighting issues related to people with disabilities is commandable. They help Government to make policies for this section of our citizens. ||| An office in a residential area that hides the wonderful work this group is doing. Nice office and great people to work with. ||| well maintained and very good place accessible for person with disability working highly in benefit of person with disability
WEN - Women Entrepreneur Network,0.0,35,"WEN - Women Entrepreneur Network | 4.9(35) | Corporate office · 301 A, ABW Rectangle One | 098182 89398",https://www.google.com/maps/place/WEN+-+Women+Entrepreneur+Network/data=!4m7!3m6!1s0x390ce1e68018170d:0x86edc35fdff2950a!8m2!3d28.5271527!4d77.2166121!16s%2Fg%2F11h8b3brcx!19sChIJDRcYgObhDDkRCpXy31_D7YY?authuser=0&hl=en&g_ep=EgoyMDI2MDkyNy4xIJJjKgBIAVAD&rclk=1,NGO in Saket Delhi,5,4.8,0.5381666666666667,0,"Best place for freshers to learn hiring . People here are so supportive. They conduct regular webinars to help budding recruiters, housewifes etc. Best source of income from work from home with time flexibility. ||| WEN ,Women Entrepreneur Network is Systematic and methodical in its approach to clients and employees. Giving their employees an opportunity through work from home, encouraging women in building their self confidence and helping them in earnings ..All the very best WEN ||| Excellent talent search firm quality wise, TAT and clear on client needs! The team of Consultant are professional and very helpful. ||| Best platform for any age group if u r looking for second careers option or fresh.. glad I got connected to it.. ||| Great place for womens who want to restart their work and earn extra income with flexible timings"
Community Foundation for Children and Aging,0.0,4,"Community Foundation for Children and Aging | 4.3(4) | Corporate office · 145/1 D, 2nd floor, Shah purjat, Near khelgaon village | ",https://www.google.com/maps/place/Community+Foundation+for+Children+and+Aging/data=!4m7!3m6!1s0x390ce2153ddc0957:0x4862f64f68b84916!8m2!3d28.5475034!4d77.2158735!16s%2Fg%2F11c809870k!19sChIJVwncPRXiDDkRFkm4aE_2Ykg?authuser=0&hl=en&g_ep=EgoyMDI2MDkyNy4xIJJjKgBIAVAD&rclk=1,NGO in Saket Delhi,1,4.0,0.8,0,The NGO is Great has a Visionary Leader and Dedicated Staff
Bal Vikas Dhara(BVD),0.0,31,"Bal Vikas Dhara(BVD) | 4.2(31) | Social services organization · Khasra no 832, Ramdhan Colony, near mata chowk, near Bombay logistics | Closes soon · 6 pm · Opens 10 am Thu · 011 7152 3641",https://www.google.com/maps/place/Bal+Vikas+Dhara%28BVD%29/data=!4m7!3m6!1s0x390d1c3e0a6c52ad:0x4be18a339e1cd210!8m2!3d28.5416208!4d77.1293845!16s%2Fg%2F11f15k5xc0!19sChIJrVJsCj4cDTkRENIcnjOK4Us?authuser=0&hl=en&g_ep=EgoyMDI2MDkyNy4xIJJjKgBIAVAD&rclk=1,NGO in Saket Delhi,2,5.0,0.4,0,My work place. ||| Ngo with great doctors
FHI 360 India,0.0,32,"FHI 360 India | 4.4(32) | Non-governmental organization · H-5, Ground Floor | Closed · Opens 9 am Thu · 011 4048 7777",https://www.google.com/maps/place/FHI+360+India/data=!4m7!3m6!1s0x390ce2726fd40007:0x1b7bae91b5d8f103!8m2!3d28.559954!4d77.2053903!16s%2Fg%2F11dxm65pmd!19sChIJBwDUb3LiDDkRA_HYtZGuexs?authuser=0&hl=en&g_ep=EgoyMDI2MDkyNy4xIJJjKgBIAVAD&rclk=1,NGO in Saket Delhi,5,4.8,0.4528282828282828,0,"There are many NGOs working great but fhi is a way more beautiful and heart warming, everytime we do any event those smiles of kids fills me with so many good positive vibes the volunteer they are more like a family love from FHI JAIPUR ||| I miss a lot of Memorable time while Behaviour Change Communication Training with Ms. Sonali Mukherjee and Neetu Singh with Vishal. ||| Good place to seek advisory services for development work in HIV, family planning areas. ||| One of the best international Non Government Organization ||| No Need to Mention Lajpat Nagar in this Address .Lajpat is Different Area ."
Federation of Indian Women Entrepreneurs,0.0,47,"Federation of Indian Women Entrepreneurs | 4.1(47) | Social services organization · F-321A, Old M B Road | Open · Closes 7 pm · 011 4102 0656",https://www.google.com/maps/place/Federation+of+Indian+Women+Entrepreneurs/data=!4m7!3m6!1s0x390ce20b87af929b:0x7367f576451a8601!8m2!3d28.5238002!4d77.1938737!16s%2Fg%2F11c59_6x5b!19sChIJm5KvhwviDDkRAYYaRXb1Z3M?authuser=0&hl=en&g_ep=EgoyMDI2MDkyNy4xIJJjKgBIAVAD&rclk=1,NGO in Saket Delhi,5,5.0,0.3973333333333333,0,"I had a very good experience with this company. The people here are professional and work hard. The managers are helpful and keep everything running well. The best part is how well the team works together. Everyone helps each other and does their job nicely. Overall, its a good company with a great team. ||| People in Fiwa are very cooperative and helpful. They are hardworking and have alot of knowledge. Must say it is a realible company to collab with ||| Good agency.Always think about assessor.Timely payment.FIWE is good platform for work. ||| Like its a good organization ||| For those only who are willing to learn. Not for lazy people"
The Community Library Project - Khirki Extension,0.0,91,"The Community Library Project - Khirki Extension | 4.2(91) | Library · R, 52A | Open · Closes 8 pm · 097736 17307",https://www.google.com/maps/place/The+Community+Library+Project+-+Khirki+Extension/data=!4m7!3m6!1s0x390ce220d873c253:0x6f0205448b83764b!8m2!3d28.5322186!4d77.218356!16s%2Fg%2F11g027jt23!19sChIJU8Jz2CDiDDkRS3aDi0QFAm8?authuser=0&hl=en&g_ep=EgoyMDI2MDkyNy4xIJJjKgBIAVAD&rclk=1,NGO in Saket Delhi,5,4.2,0.3504126984126984,0,"This place is everything I could ask for! Its run by an NGO, so everything is completely freeno charges at all. If youre a student looking for a quiet place to study or just want to read books, this is definitely your spot. Ive been visiting for the past year, and every experience has been wonderful. The collection of books is huge, with a special section dedicated to kids as well. One of the best parts is that you can use the computers for free by simply booking a onehour slot. For booking you can simply just go to the counter by entrance and say you wanna book a slot and theyll do that for you after which youre free to use the computers. Also theyre closed on Friday so keep that in mind. They also provide free WiFi, and the place has such a cozy, welcoming vibe that makes it perfect for reading or studying. The staff are polite, and always helpful. It truly feels like heaven for book lovers. Highly recommend! ||| I enrolled here a week ago!! And cant describe how much Im in love with this place... Its a beautiful place to read and learn... ||| TCLP khirki extension is Awesome as always wish I had started going there a few years earlier than I did and its a place everyone must visit atleast once and if possible regularly ||| Library and staf is good but students not serious... Too much noise.moslty people talking in side like a cafe . ||| The Community Library Project Library TCLP is a place where I feel free to read books.There are 13,000 books in Library.There are three branches of TCLP KHIRKI,SIKANDARPUR,SOUTH EX.I GO KHIRKI branch since I was 3 years old.They are very"
SILF,0.0,32,SILF | 4.7(32) | Foundation · Gulmohar Commercial Complex | Closed · Opens 9:30 am Thu · 011 2460 3439,https://www.google.com/maps/place/SILF/data=!4m7!3m6!1s0x390ce1f4f6d5447b:0x1e5cc321acee8fa5!8m2!3d28.5578246!4d77.2081351!16s%2Fg%2F12hm55cvt!19sChIJe0TV9vThDDkRpY_urCHDXB4?authuser=0&hl=en&g_ep=EgoyMDI2MDkyNy4xIJJjKgBIAVAD&rclk=1,NGO in Saket Delhi,5,4.8,0.2750262626262626,0,Working effectively for people affected by leprosy and their families. People here are doing a great job as they are working hard to bring positive change in the lives of those who are living with highly stigmatised disease. ||| A great experience to help SILF to spread the message youarenotalone with my friends ||| An organization work hardly on the social issue leprosy and makes people live without any dependence. ||| A foundation working on leprosy and trying to make a change in the Indian society. ||| Nice place for social work contribution
Minal Yuva Sangthan,0.0,11,"Minal Yuva Sangthan | 3.6(11) | Youth organization · House number N120 flate no-LG N- Block Hargovind enclave, near Zara Farm | Open · Closes 8 pm · 088390 16148",https://www.google.com/maps/place/Minal+Yuva+Sangthan/data=!4m7!3m6!1s0x390d1fd28a9952d3:0x6837f13dbca03e64!8m2!3d28.4902677!4d77.1902122!16s%2Fg%2F11pzfc99_h!19sChIJ01KZitIfDTkRZD6gvD3xN2g?authuser=0&hl=en&g_ep=EgoyMDI2MDkyNy4xIJJjKgBIAVAD&rclk=1,NGO in Saket Delhi,5,3.4,0.33055555555555555,1,"Beware from these type of people, who consist you to ngos project and grants theyll are fake nothing gonna happen what they say ||| Hard working Ngo, Good projects well done team minal thanks to give me projects work . ||| Looting people on the name of csr projects all . Stay away from these kind of fraudsters . He tries to trap you . ||| HELPING PEOPLE VERRY GOOD PROJECTS ||| Best NGO In India"
Haqdarshak Empowerment Solutions (Delhi Office),0.0,6,"Haqdarshak Empowerment Solutions (Delhi Office) | 4.8(6) | Social welfare center · 4th Floor, B, 32 | Closes soon · 6:30 pm · Opens 9:30 am Thu · 096507 18667",https://www.google.com/maps/place/Haqdarshak+Empowerment+Solutions+%28Delhi+Office%29/data=!4m7!3m6!1s0x390ce1e9df7bf607:0x2ddd55ba4cc1bfd1!8m2!3d28.5377866!4d77.1807817!16s%2Fg%2F11ny04js_b!19sChIJB_Z73-nhDDkR0b_BTLpV3S0?authuser=0&hl=en&g_ep=EgoyMDI2MDkyNy4xIJJjKgBIAVAD&rclk=1,NGO in Saket Delhi,1,5.0,0.0,0,I want to join you .
Room to Read India Trust,0.0,13,"Room to Read India Trust | 4.7(13) | Corporate office ·  · Ç, 21, Qutab Institutional Area Rd | Closes soon · 6 pm · Opens 10 am Thu · 011 4666 4999",https://www.google.com/maps/place/Room+to+Read+India+Trust/data=!4m7!3m6!1s0x390d1b88e542d385:0x49cc05b20ba734d0!8m2!3d28.53725!4d77.1881421!16s%2Fg%2F11gj19ws2q!19sChIJhdNC5YgbDTkR0DSnC7IFzEk?authuser=0&hl=en&g_ep=EgoyMDI2MDkyNy4xIJJjKgBIAVAD&rclk=1,NGO in Saket Delhi,4,4.25,0.4011904761904762,0,"Saw their teammates in big numbers enjoying a gala outing with a lavish twonight stay at Marriott Resort Spa, Jim Corbett, India. It certainly appears they have a very generous budget for team activities, something even many commercial establishments may find difficult to afford. One only hopes that such expenditures are being funded transparently and not through donations collected for social causes. ||| Nice people working towards transforming education. ||| Room to Read India Trust is an international NGO that focus on imparting education in the society ||| Very good organization"
Savram Foundation,0.0,4,"Savram Foundation | 5.0(4) | Corporate office · A16/9, Poorvi Marg | 098100 77370",https://www.google.com/maps/place/Savram+Foundation/data=!4m7!3m6!1s0x390d1dbcc5f1cf63:0x977008244086e197!8m2!3d28.5603437!4d77.1673445!16s%2Fg%2F11h9zb4ldg!19sChIJY8_xxbwdDTkRl-GGQCQIcJc?authuser=0&hl=en&g_ep=EgoyMDI2MDkyNy4xIJJjKgBIAVAD&rclk=1,NGO in Saket Delhi,3,5.0,0.5583333333333332,0,"I completed my 3month teaching internship at Savram Foundation, an NGO dedicated to great causes. Under the guidance of Jyoti Maam, who was always supportive in resolving my queries, I had a valuable and enriching experience. Overall, it was a great learning opportunity! ||| A foundation with noble intentions. ||| We love you."
The Rakshin Project,0.0,1,The Rakshin Project | 5.0(1) | Non-profit organization · 665-666/2 | Closes soon · 6 pm · Opens 10 am Thu,https://www.google.com/maps/place/The+Rakshin+Project/data=!4m7!3m6!1s0x390d1f7b4002672f:0x944879ef600d2935!8m2!3d28.4979396!4d77.14391!16s%2Fg%2F11rt8ym9lq!19sChIJL2cCQHsfDTkRNSkNYO95SJQ?authuser=0&hl=en&g_ep=EgoyMDI2MDkyNy4xIJJjKgBIAVAD&rclk=1,NGO in Saket Delhi,0,0.0,0.0,0,No verified reviews found.
Friedrich-Ebert-Stiftung,0.0,11,"Friedrich-Ebert-Stiftung | 4.2(11) | Non-profit organization · K-70B, Hauz Khas Enclave | Closed · Opens 8:30 am Thu",https://www.google.com/maps/place/Friedrich-Ebert-Stiftung/data=!4m7!3m6!1s0x390ce20c14000001:0xcca4703b915e6e11!8m2!3d28.5488217!4d77.2003917!16s%2Fg%2F1wd3tf3j!19sChIJAQAAFAziDDkREW5ekTtwpMw?authuser=0&hl=en&g_ep=EgoyMDI2MDkyNy4xIJJjKgBIAVAD&rclk=1,NGO in Saket Delhi,2,5.0,0.31354166666666666,0,Here is a NGO works for improving present of women in panchayti raj other political activities ||| A beautifully designed and very friendly organization working in the development sector...
Little Umbrella Foundation | Not for Profit | Children's NGO,0.0,70,Little Umbrella Foundation | Not for Profit | Children's NGO | 4.9(70) | Non-governmental organization | Closed · Opens 9 am Thu · 092115 07277,https://www.google.com/maps/place/Little+Umbrella+Foundation+%7C+Not+for+Profit+%7C+Children%27s+NGO/data=!4m7!3m6!1s0x390ce199ab4d002f:0x72c588e76f1591af!8m2!3d21.0680074!4d82.7525294!16s%2Fg%2F11fr61bzfl!19sChIJLwBNq5nhDDkRr5EVb-eIxXI?authuser=0&hl=en&g_ep=EgoyMDI2MDkyNy4xIJJjKgBIAVAD&rclk=1,NGO in Saket Delhi,5,5.0,0.4416322314049587,0,"An excellent and hearttouching initiative Your love and dedication towards children is truly inspiring and brings beautiful smiles to their faces. ||| Excellent and truly commendable work Your efforts for children are genuinely inspiring and bring a lot of positivity and smiles. ||| Little Umbrella Foundation is doing truly commendable work for underprivileged children. Their initiatives are thoughtfully designed and create meaningful, onground impact, especially in the areas of education, healthcare, and overall ||| I really appreciate the work that Little Umbrella Foundation is doing for underprivileged children. Their programs are wellstructured and genuinely impactful, focusing on education, healthcare, and overall child welfare. The dedication of their team is truly inspiringthey go above and beyond to ensure that children get the care and opportunities they deserve. Its amazing to see an organization so committed to making a real difference. Their efforts create a positive change, and I would highly recommend supporting them in any way possible! ||| The initiative taken by LUF is very appreciative. This is a vital need for the society and I am glad to see that an organisation is working towards it. We need more and more people to come forward and cooperate for this cause. Its nice to see world hasnt actually lost its humanity and love."
Smilynation Foundation,0.0,17,"Smilynation Foundation | 5.0(17) | Social services organization · G673+22X, IGNOU Rd | Temporarily closed · 078272 28111",https://www.google.com/maps/place/Smilynation+Foundation/data=!4m7!3m6!1s0x390ce1e5e96ffff9:0xb27eec856a9fc637!8m2!3d28.5126167!4d77.2026194!16s%2Fg%2F11gdc_d4sj!19sChIJ-f9v6eXhDDkRN8afaoXsfrI?authuser=0&hl=en&g_ep=EgoyMDI2MDkyNy4xIJJjKgBIAVAD&rclk=1,NGO in Saket Delhi,5,5.0,0.3014393939393939,0,"NGOs India is information dissemination network and platform for the NonProfit Non Government Organisations and social activists who want to get information resources to run and mange their organisation and group for social welfare and social development purpose in well professional and managed way to make positive social changes in society. NGOs India supports, guides and entertains only the persons, groups and organisations who are practically doing social work.good work smilynation ||| smilynation is an NGO that has headquarters in New Delhi. It works for poors and below poverty line people who are deprived of food, shelter and clothing. It do helps to maintain the social activities which keeps on spreading the revolution ||| Without proper food, clothing n shelter life for them is full of struggles. But the determination I see in them. Inspires me to be humble n grateful. I would give up anything to help these children fulfill their dreams n live a better life. Support smilynation. Com ||| Good organisation, I would love to see if more people comes to help them Raise.superb work smilynation ||| A very good organisation. They are helping to many people in aiims need more of these type og NGO,s"
Vastradan,0.0,1,Vastradan | 5.0(1) | Charity · H-55A | Temporarily closed · 011 4105 4000,https://www.google.com/maps/place/Vastradan/data=!4m7!3m6!1s0x390ce1edf6290365:0x6ad436faeb43e40!8m2!3d28.5195345!4d77.2121628!16s%2Fg%2F11pcklt6df!19sChIJZQMp9u3hDDkRQD60rm9DrQY?authuser=0&hl=en&g_ep=EgoyMDI2MDkyNy4xIJJjKgBIAVAD&rclk=1,NGO in Saket Delhi,0,0.0,0.0,0,No verified reviews found.
Vardaan Senior Citizen Center - Dementia and Paralytic Care,0.0,78,Vardaan Senior Citizen Center - Dementia and Paralytic Care | 4.8(78) | Senior citizen center ·  · B-100 | Temporarily closed · 011 4601 8202,https://www.google.com/maps/place/Vardaan+Senior+Citizen+Center+-+Dementia+and+Paralytic+Care/data=!4m7!3m6!1s0x390ce218d4633ee5:0xcd51a927a0e04ded!8m2!3d28.5348256!4d77.2089284!16s%2Fg%2F11cnzb0rmb!19sChIJ5T5j1BjiDDkR7U3goCepUc0?authuser=0&hl=en&g_ep=EgoyMDI2MDkyNy4xIJJjKgBIAVAD&rclk=1,NGO in Saket Delhi,5,5.0,0.3042222222222223,0,"When I arrived as a guest, it was in the midst of a birthday party and I was welcomed with cake and different types of Indian food the Vardaan Senior Citizen Center assures that your senior relatives are well taken care of and are treated like family. They do not simply cater to their medical needs but also to their emotional needs which I believe is very important when considering a home for senior citizens. Highly recommended for those looking for a loving home for your elderly loved ones! ||| My father, a senior citizen has been under the care of Dr. Rekha Khandelwal and her amazing team at Vardaan Senior Citizen Center for the past two months. The team has not only provided the appropriate medical attention to my father but has ||| My father stayed here for two months and we observed a marked improvement in his health. The staff is very caring, attentive and supportive. They shared photographs regularly to keep us updated on the activities. The fact that the centre is associated with with a hospital is an added advantage . The stay is very reasonable priced and facilities are pretty good. Heartfelt gratitude to Dr Rekha and the team ||| Vardaan senior citizen is the best NGO Ive ever been too. The way they care for their citizens is amazing. They provide them with all comfort and facilities. Each and every employee there is so helpful and humble. It is really a home, away from home. ||| I visited Vardaan after 10 years.to relive the fond memories I had of Vardaan Senior Citizen centre. My grand aunt was living in Vardaan for 3 years. She was being looked after by"
EkamSikh Trust,0.0,2,"EkamSikh Trust | 5.0(2) | Non-profit organization · 8398, Sector C, Pocket 8, Vasant Kunj | Temporarily closed · 099100 91717",https://www.google.com/maps/place/EkamSikh+Trust/data=!4m7!3m6!1s0x390d1c31baaaaaab:0x6e4941d86c9a416a!8m2!3d28.5378812!4d77.1406069!16s%2Fg%2F11g01_ds58!19sChIJq6qqujEcDTkRakGabNhBSW4?authuser=0&hl=en&g_ep=EgoyMDI2MDkyNy4xIJJjKgBIAVAD&rclk=1,NGO in Saket Delhi,2,5.0,0.485,0,Best ngo working for the needy ||| very humble staff very helpful people
Bal Umang Drishya Sanstha,0.0,135,Bal Umang Drishya Sanstha | 4.9(135) | Non-profit organization · E-10 | Open · Closes 5:30 am Thu · 011 4166 1237,https://www.google.com/maps/place/Bal+Umang+Drishya+Sanstha/data=!4m7!3m6!1s0x390ce273e129d8f3:0xabb9041b52a3fd16!8m2!3d28.5570197!4d77.2042738!16s%2Fg%2F11fn4nkq0k!19sChIJ89gp4XPiDDkRFv2jUhsEuas?authuser=0&hl=en&g_ep=EgoyMDI2MDkyNy4xIJJjKgBIAVAD&rclk=1,NGO in Hauz Khas Delhi,5,5.0,0.28816544566544566,0,"BUDS NGO is a remarkable organization dedicated to empowering young women and children through education, skill development, and holistic support. Their focus on fostering selfreliance and nurturing personal growth in underprivileged communities is commendable. The NGO not only provides educational resources but also offers emotional and psychological support, ensuring that the beneficiaries develop confidence and resilience. Their programs for young women are particularly impactful, promoting gender equality and encouraging leadership. By offering vocational training and life skills workshops, BUDS equips young women with the tools they need to achieve financial independence and make informed decisions about their future. Similarly, their childcentric programs emphasize the importance of education and personal development, ensuring a brighter future for the next generation. In summary, BUDS NGO stands out for its holistic approach to addressing the unique challenges faced by young women and children. Their commitment to empowering individuals and creating longlasting change in communities is truly inspiring. ||| BUDS NGO works passionately for education of children, especially women. It is working tirelessly to give women a safe space where they can seek education and get social support. It also works in the sectors of health and has built a ||| BUDS is doing remarkable work supporting children and adolescent girls. Their programs focus on education, empowerment, and life skills, helping young people thrive in challenging environments. The staffs dedication and commitment are evident, as they not only provide academic support but also focus on emotional and social wellbeing. Their efforts to promote gender equality and create awareness about important issues like girls education and rights make a lasting impact. Overall, BUDS is making a real difference in the lives of the girls and children they work with. ||| BUDS NGO is dedicated to improving the quality of life of children in need with education or health. The volunteer opportunities offered are well organized and fulfilling. BUDS having the great environment of working for both males and females. ||| This ngo working for specially childrens health but its van helping poor people of every age and help them to find right treatment and guid them. Staff is helpful and humble and kind. And very cooperative and active.. medicine quality is really good as it works quickly. Thankyou"
Centre For Holistic Development-CHD,0.0,139,"Centre For Holistic Development-CHD | 4.9(139) | Non-profit organization · 253, First Floor, Ch. Ishwar Singh Complex, Gora St | Open 24 hours · 098113 27037",https://www.google.com/maps/place/Centre+For+Holistic+Development-CHD/data=!4m7!3m6!1s0x390ce213f8230c21:0x8759cb9ec820f04b!8m2!3d28.5487115!4d77.2115188!16s%2Fg%2F11b6wlw8_d!19sChIJIQwj-BPiDDkRS_AgyJ7LWYc?authuser=0&hl=en&g_ep=EgoyMDI2MDkyNy4xIJJjKgBIAVAD&rclk=1,NGO in Hauz Khas Delhi,5,5.0,0.24084615384615385,0,"It was a wonderful experience visiting this Place . The session was very informative, inspiring, and full of valuable life lessons. Sir explained the importance of discipline, punctuality, and socializing in a very simple and practical way. We also got the opportunity to introduce ourselves and learn from his guidance. The environment was welcoming, and everyone was very supportive. This visit motivated me to become more responsible and confident. Thank you for such a meaningful and memorable experience. I highly recommend everyone to visit and learn from this Place. ||| I am deeply thankful to the Center for Holistic Development CHD, Delhi for offering students the opportunity to complete their internship. The CHD department is doing commendable work for the betterment of society. My experience there was ||| This NGO is doing truly impactful work by helping homeless people get jobs, food, and shelter. Their efforts are genuine and visible in real life. They treat everyone with dignity and care. Its inspiring to see such honesty in their work. ||| Its heartwarming to see an NGO actually delivering what they promise. They help homeless people with food, shelter, and work opportunities. Their approach is practical and effective. A very reliable and inspiring organization. ||| CHD department is working good work for people. I am truly grateful to the Center for Holistic Development CHD, Delhi for providing the opportunity to complete internship for students.This experience was highly enriching and offered"
SRUTI,0.0,4,"SRUTI | 4.5(4) | Environmental Protection Organization · second floor, 303/4 | Closed · Opens 9:30 am Thu · 011 2656 9023",https://www.google.com/maps/place/SRUTI/data=!4m7!3m6!1s0x390ce30eb0dfe421:0xd37bbb867f8987a8!8m2!3d28.5501329!4d77.2047888!16s%2Fg%2F11fs9n0y1s!19sChIJIeTfsA7jDDkRqIeJf4a7e9M?authuser=0&hl=en&g_ep=EgoyMDI2MDkyNy4xIJJjKgBIAVAD&rclk=1,NGO in Hauz Khas Delhi,1,5.0,0.0,0,Well maintained office
HelpAge India,0.0,166,"HelpAge India | 4.6(166) | Non-profit organization ·  · C-14, C14 | Closed · Opens 9:15 am Thu · 1800 180 1253",https://www.google.com/maps/place/HelpAge+India/data=!4m7!3m6!1s0x390d1dfa3e2411b5:0xccd66038465a9252!8m2!3d28.5370597!4d77.1885851!16s%2Fg%2F1w97ssn9!19sChIJtREkPvodDTkRUpJaRjhg1sw?authuser=0&hl=en&g_ep=EgoyMDI2MDkyNy4xIJJjKgBIAVAD&rclk=1,NGO in Hauz Khas Delhi,5,5.0,0.3666190476190476,1,"Yes, HelpAge India, C14, Qutub institutional Area, ND Here my solar team completed 25KW solar power plant. And my a lots of memories are here. ||| Its an NGO in Qutub Institutional Area, near Hauz Khas metro station. They rescue and treat the elderly who dont have enough money to get themselves treated or who are facing abuse any form. Theyve written articles which you can check online or collect brochures from their main office. Every Monday, they visit different places in the NCR region with a team of physio therapists facing any kind of joint pain. ||| HelpAge India is doing truly commendable work for the elderly across the country. Their programs in healthcare, elder rights, and livelihood support are making a real difference in the lives of many senior citizens. The team is dedicated, ||| I have been there for a plantation drive. Notice that helpage India NGO which help elderly people These guys are doing a great job. Campus is also very good with greenery. And people usually come here for social service like doing plantation drive and other stuffed. The security guard is also doing great job check everything properly before giving permission to enter in the campus. ||| Wonderful NGO working for the cause and care of the elderly. HelpAge India is a leading charity in India working with and for disadvantaged"
Family Health and Education,0.0,6,"Family Health and Education | 4.8(6) | Non-governmental organization · Ground Floor, A/72 | Closed · Opens 10 am Thu · 011 2652 7672",https://www.google.com/maps/place/Family+Health+and+Education/data=!4m7!3m6!1s0x390ce2134e22ab1d:0x47269583ef1de60b!8m2!3d28.5536984!4d77.2110826!16s%2Fg%2F1pp2tzj66!19sChIJHasiThPiDDkRC-Yd74OVJkc?authuser=0&hl=en&g_ep=EgoyMDI2MDkyNy4xIJJjKgBIAVAD&rclk=1,NGO in Hauz Khas Delhi,1,5.0,0.0,0,Personalised attention and enough time to explain problems
Delhi Citizen Forum for Civil Rights,0.0,3,Delhi Citizen Forum for Civil Rights | 5.0(3) | Volunteer organization | Open · Closes 7 pm · 098111 80788,https://www.google.com/maps/place/Delhi+Citizen+Forum+for+Civil+Rights/data=!4m7!3m6!1s0x390ce1f3003c52e1:0x557e2ec587c1e6ee!8m2!3d28.5495484!4d77.2017407!16s%2Fg%2F11f1p94v03!19sChIJ4VI8APPhDDkR7ubBh8UuflU?authuser=0&hl=en&g_ep=EgoyMDI2MDkyNy4xIJJjKgBIAVAD&rclk=1,NGO in Hauz Khas Delhi,0,0.0,0.0,0,No verified reviews found.
Uday Foundation,0.0,1451,"Uday Foundation | 4.8(1,451) | Non-governmental organization · D-233 (LGF | Closes soon · 6 pm · Opens 9:30 am Thu · 011 4109 8444",https://www.google.com/maps/place/Uday+Foundation/data=!4m7!3m6!1s0x390ce2065ffcf913:0x8600ff7c78407224!8m2!3d28.5385734!4d77.2035696!16s%2Fg%2F1tgtcwbr!19sChIJE_n8XwbiDDkRJHJAeHz_AIY?authuser=0&hl=en&g_ep=EgoyMDI2MDkyNy4xIJJjKgBIAVAD&rclk=1,NGO in Hauz Khas Delhi,5,4.4,0.19306060606060607,0,"I wholeheartedly appreciate and thank the Uday Foundation team for their exemplary dedication and commitment to serving the needy. Your selfless efforts have brought hope and positivity to the lives of countless individuals. Your organizations initiatives and projects have provided vital support to the underprivileged, empowering them to live with dignity and selfrespect. Please accept my sincerest gratitude and best wishes for your future endeavors. Your work is truly commendable Thank you, Uday Foundation, for feeding the hungry and bringing hope to their lives. Great job, Uday Foundation! Your food distribution is making a big difference. Thanks to Uday Foundation for providing food to those who need it most. Thank you and best wishes!. ||| I approached Uday Foundation with the intention of organizing a food donation on my fathers death anniversarya deeply personal and emotional occasion. Unfortunately, the overall experience turned out to be quite stressful. ||| I have been using the services of Uday Foundation for the last 5 years. Theyre very efficient and do the needful as per your specific requests. Besides food to the patients and their care givers at AIIMS, dry ration, warm clothes and blankets are also distributed by them. Donations are exempt from Income Tax also. I would give them 5 . ||| Uday foundation of doing a noble cause for our society and the needy. I recently went there to donate two boxes of clothes. I had some problems reaching there by cab initially. Ms Reen who manages the place and I had been in touch earlier ||| Team at Uday Foundation is really doing and amazing and selfless work of giving back to society. Uday foundations shraadh initiative helps people like us to do something good in name of departed soul and Uday foundations team makes sure to carry out drive in a well organized manner. Thank you Uday Foundation team to inspire us and giving us an opportunity to serve to society and make a difference."
Bhavya Building Contractor,0.0,71,"Bhavya Building Contractor | 4.6(71) | Tanning salon ·  · Near, Chor Minar Rd | Closes soon · 6 pm · Opens 10 am Thu · 011 4165 6266",https://www.google.com/maps/place/Bhavya+Building+Contractor/data=!4m7!3m6!1s0x390ce2128e9a99af:0x2c47a0a974e2c404!8m2!3d28.5474139!4d77.2048129!16s%2Fg%2F11cnz7_k05!19sChIJr5majhLiDDkRBMTidKmgRyw?authuser=0&hl=en&g_ep=EgoyMDI2MDkyNy4xIJJjKgBIAVAD&rclk=1,NGO in Hauz Khas Delhi,5,5.0,0.2436547619047619,0,"A very blind friendly centre. Enjoyed the atmosphere and surrounding they have set up for the visually impaired women who are at their hostels. Appreciate the work and programs run by this centre. ||| Amazing learnings from a very organised setup. Very good to see the brave girls learning life skills and excelling at them. Vision is our handicap that we cant imagine a world without it. Its not a handicap for the girls who learn there. ||| This is a non profitable organisation NGO specially for the girls with Visual impairment. Free personal and professional training and Accommodation is provided for the visually impaired girls and women of all ages ||| Awesome place. They have a variety of products like cakes, handicrafts, biscuits, spa etc.. while helping blind women by training them in various skills. ||| Disadvantaged people who have lost their sight can get free residential skills and training classes that imbibes not only different sight and confidence to see the world but also to make a respectful living."
Digital Empowerment Foundation,0.0,92,"Digital Empowerment Foundation | 4.5(92) | Non-profit organization · House No# 44, 2nd & 3rd Floor, Kalu Sarai, near Naraina IIT Academy | Open · Closes 8:30 pm · 011 2653 2786",https://www.google.com/maps/place/Digital+Empowerment+Foundation/data=!4m7!3m6!1s0x390ce2057edc1c21:0x11b7944a22c81a7e!8m2!3d28.5414734!4d77.2031282!16s%2Fg%2F11b6b39m6j!19sChIJIRzcfgXiDDkRfhrIIkqUtxE?authuser=0&hl=en&g_ep=EgoyMDI2MDkyNy4xIJJjKgBIAVAD&rclk=1,NGO in Hauz Khas Delhi,5,4.8,0.1338333333333333,0,"This place gives immense opportunity to learn the centuries old trading, current arts culture and about hundred of heritage monuments and their spacialities ||| Not for Profit organization working since 2002 towards bridging last mile access and connectivity ||| I saw yours 52 parindey on YouTube. I am a yoga teacher and naturopath and very inspired towards concious natural living for well being of all by guiding people of simple steps to natural living. Really appreciate you bring the real people through your video for inspiration of all. ||| very good and professional trainer I enjoyed and found this workout most helpful Thank you ||| Our Project schoolreportcards is the winner of Manthan Award South Asia 2010. It is a team of dedicated professionals led by Mr. Osama Manzar to reach unreachable."
The VIDYA Foundation,0.0,39,The VIDYA Foundation | 4.6(39) | Foundation ·  · Dr. Ambedkar Basti | Open · Closes 5:30 am Thu · 085870 65677,https://www.google.com/maps/place/The+VIDYA+Foundation/data=!4m7!3m6!1s0x390d1d09c662473f:0xf11c3804b550804e!8m2!3d28.5685692!4d77.179151!16s%2Fg%2F11cs3w2vlk!19sChIJP0dixgkdDTkRToBQtQQ4HPE?authuser=0&hl=en&g_ep=EgoyMDI2MDkyNy4xIJJjKgBIAVAD&rclk=1,NGO in Hauz Khas Delhi,5,4.2,0.25154545454545457,0,"The Vidya Foundation is a revolutionary organisation that has not been just education underprivileged children but has also been working to spread its message to sensitise the society. With people like you working relentlessly, we will one day surely realise our dreams of no child illiterate. ||| One of best foundation in new Delhi NCR..they have done such a great things in his NGO..they Are help people to grow up in there academy life and help to educate well..not only this Volunteers are also very good.. ||| Talked rudely and not having sense to listen the caller ||| The Vidaya foundation provides the education to less privileged children and youth. Being as a worker I believe education has the power to change the lives of children and youth. ||| Awesome work is being done by the vidya foundation for the society, having mission education to employment, helping so many slams students to be educated."
Centre for Civil Society,0.0,81,"Centre for Civil Society | 4.6(81) | Association / Organization · Ground Floor, Block A, A-69 | Closes soon · 6:30 pm · Opens 10 am Thu · 011 2653 7456",https://www.google.com/maps/place/Centre+for+Civil+Society/data=!4m7!3m6!1s0x390ce2134f81ff19:0x6053802de1118894!8m2!3d28.553299!4d77.2109793!16s%2Fg%2F1td6dvtx!19sChIJGf-BTxPiDDkRlIgR4S2AU2A?authuser=0&hl=en&g_ep=EgoyMDI2MDkyNy4xIJJjKgBIAVAD&rclk=1,NGO in Hauz Khas Delhi,5,5.0,0.24458333333333337,0,"Centre for Civil Society drives impactful social change through insightful public policy research and advocacy. Their efforts are instrumental in shaping a more informed and empowered society. Highly recommended! ||| Centre for Civil Society advances social change through public policy. Our work in education, livelihood, and policy training promotes choice and accountability across private and public sectors. To translate policy into practice, we engage with policy and opinion leaders through research, pilot projects and advocacy. We are Indias leading liberal think tank, ranked 81 worldwide by the annual study conducted by the Think Tanks and Civil Society Program at the University of Pennsylvania. ||| Amazing people clubbed with a nice coffee machine to fulfill caffeine needs along with nice work culture ||| A society for civil work ||| What a great team! Its amazing to know people at the CCS who are always so willing to guide and help other organizations."
Swasti - The Health Catalyst,0.0,6,"Swasti - The Health Catalyst | 4.3(6) | Non-profit organization · Ground floor, Usha Niketan, C-23 | Open · Closes 12 am · 080 2341 9616",https://www.google.com/maps/place/Swasti+-+The+Health+Catalyst/data=!4m7!3m6!1s0x390ce26b61b47127:0xa84cfdb1410c8f1a!8m2!3d28.5508299!4d77.1993721!16s%2Fg%2F12hlf7pvp!19sChIJJ3G0YWviDDkRGo8MQbH9TKg?authuser=0&hl=en&g_ep=EgoyMDI2MDkyNy4xIJJjKgBIAVAD&rclk=1,NGO in Hauz Khas Delhi,0,0.0,0.0,0,No verified reviews found.
Chintan Environmental Research and Action Group,0.0,62,"Chintan Environmental Research and Action Group | 4.0(62) | Non-profit organization ·  · C-14, Second Floor | Closes soon · 6 pm · Opens 10 am Thu · 011 4657 4171",https://www.google.com/maps/place/Chintan+Environmental+Research+and+Action+Group/data=!4m7!3m6!1s0x390ce24d649855bd:0x2d0dbe02f2d778b2!8m2!3d28.567625!4d77.23846!16s%2Fg%2F11b77fyx0s!19sChIJvVWYZE3iDDkRsnjX8gK-DS0?authuser=0&hl=en&g_ep=EgoyMDI2MDkyNy4xIJJjKgBIAVAD&rclk=1,NGO in Hauz Khas Delhi,5,3.6,-0.0058874458874458805,0,"Its a great initiative, but despite multiple follow ups on DM and in the WhatsApp group, our trash hasnt been picked up in 3 weeks. The lack of response is disappointing. ||| I want to donate polythenes and wrappers in New Delhi.Does this organisation collect these for recycling.I am unable contact on the provided number. ||| The team put together by Pragun and Kirti made the removal of our items a breeze. Thank you guys for managing the whole operation so efficiently and well. ||| NGO based in Delhi, working on different environmental and livelihood aspects and working with waste collectors in different cities in India for better, safe and proper waste management. ||| One of the leading environmental NGOs in the country focused on environmental justice through sustainable production and consumption of materials and improved disposal of waste."
Draupadi Dream Trust,0.0,1,"Draupadi Dream Trust | 5.0(1) | Association / Organization · Mayfair Apartments, 71 | Closes soon · 6 pm · Opens 9 am Thu · 098110 32388",https://www.google.com/maps/place/Draupadi+Dream+Trust/data=!4m7!3m6!1s0x390ce213fdf40631:0x94428a501cabc06b!8m2!3d28.5468489!4d77.2086306!16s%2Fg%2F1ptx3xkf4!19sChIJMQb0_RPiDDkRa8CrHFCKQpQ?authuser=0&hl=en&g_ep=EgoyMDI2MDkyNy4xIJJjKgBIAVAD&rclk=1,NGO in Hauz Khas Delhi,0,0.0,0.0,0,No verified reviews found.
The Humsafar Trust - Delhi,0.0,28,"The Humsafar Trust - Delhi | 4.5(28) | Non-profit organization ·  · 1st Floor, Sant Nagar, # 75 Back Side Land mark, next to MCD Primary School | Closes soon · 6 pm · Opens 10 am Thu · 022 2665 0547",https://www.google.com/maps/place/The+Humsafar+Trust+-+Delhi/data=!4m7!3m6!1s0x390ce3c4ff73a00b:0xe8fbe92feac3090d!8m2!3d28.5536972!4d77.2488954!16s%2Fg%2F11nlc1gb3x!19sChIJC6Bz_8TjDDkRDQnD6i_p--g?authuser=0&hl=en&g_ep=EgoyMDI2MDkyNy4xIJJjKgBIAVAD&rclk=1,NGO in Hauz Khas Delhi,5,3.8,0.3126722222222222,0,"I am mature gay man, my visit was great to Humsafar Trust. The guided well on PrEP, the counsellor and staff helped me to clear the doubts. I am happy to start my PrEP. Today I have received the 2nd refill of PrEP confidentially at my home. Thank You Humsafar Folks ||| I heard about humsafar from 1 of my friend and social media but my inperson visit experience was totally opposite, reception staff was totally unprofessional and laughing on me with my cover face I was not comfortable as i m discreet, at the same time their all the counselor was very nice and offer me services and try to convince me, but first time entry at a community space and mockery on me with my trauma was my horrible experience... I suggest to all if you visiting this place, be prepared for this trauma ||| I am into touch with them, services offered are very slow. Lets see if I could be alive or not. ||| Great experience and wonderful support by The Humsafar Trust Delhi . Mannu Bajwa sir is a very great, very helpful, and very kind hearted person. ||| I always loved it. I have friends there. I do go and meet them for a while. Its a safe heaven for LGBTIQA."
Access,0.0,32,"Access | 4.4(32) | Association / Organization ·  · Ground Floor, 22 | Closed · Opens 9 am Thu · 011 4878 7500",https://www.google.com/maps/place/Access/data=!4m7!3m6!1s0x390ce2756208396b:0x5776f79f9621b2dd!8m2!3d28.5549282!4d77.1942956!16s%2Fg%2F1q660m1pj!19sChIJazkIYnXiDDkR3bIhlp_3dlc?authuser=0&hl=en&g_ep=EgoyMDI2MDkyNy4xIJJjKgBIAVAD&rclk=1,NGO in Hauz Khas Delhi,5,4.6,0.3279393939393939,0,"It is very important place for women development ||| It is the office place for one of the NGO in Hauz Khas Village in New Delhi who contributes to different non profit workings for several organizations and tie ups ||| Beautiful office, lively location. But, the new address is 22 instead of 28. ||| Have a good office and is located in heart of Haus Khas village ||| Well laid out inside....optimal utilization of space"
sumaitri,0.0,10,"sumaitri | 4.2(10) | Volunteer organization ·  · Ground Floor, 86/3 | Closed · Opens 12:30 pm Thu · 011 4601 8404",https://www.google.com/maps/place/sumaitri/data=!4m7!3m6!1s0x390cfd2cb29fc7b5:0x1e2f0644ab6f2b6!8m2!3d28.5525202!4d77.1940639!16s%2Fg%2F11fpl1pqbs!19sChIJtcefsiz9DDkRtvK2SmTw4gE?authuser=0&hl=en&g_ep=EgoyMDI2MDkyNy4xIJJjKgBIAVAD&rclk=1,NGO in Hauz Khas Delhi,5,4.2,0.10577441077441078,0,"Sumaitri provides a vital, judgmentfree space for anyone experiencing depression, acute emotional distress, or suicidal thoughts. Operating 365 days a year, their trained volunteer team offers completely confidential, empathetic active listening without unsolicited advice or criticism. When reaching out via phone, callers are met with genuine warmth and anonymity. Its a powerful, costfree mental health support system for those who feel they have nowhere else to turn. ||| Sumaitri is the perfect comforting landing place, when you are feeling overwhelmed or distressed. They are there with you with complete anonymity and zero judgement. ||| Sumaitri is one of our oldest organisations working on Suicide Prevention. Its our few go to place for anyone in need. Fully Volunteer based. Kudos to All of Sumaitri Volunteers down the years and present. I urge young professionals to also join and contribute with skills. ||| its bad , really bad.I called to seek help them a few months back and the lady who picked up was just really rude, like she insesitively told me that shes not a doctor and she doesnt have time to talk to me and cut the call straight on my face, I was just so hurt.She was so insensitive and rude to me as if Im disturbing her by calling and as if Im just some idiot calling her in time of distress, like how rude can you be especially to people going through distress. ||| India gate new Delhi"
NAB India Centre for Blind Women & Disability Studies,0.0,43,"NAB India Centre for Blind Women & Disability Studies | 4.8(43) | Non-profit organization ·  · L, 25, near Chor Minar Road | Closes soon · 6 pm · Opens 10 am Thu · 011 4165 6266",https://www.google.com/maps/place/NAB+India+Centre+for+Blind+Women+%26+Disability+Studies/data=!4m7!3m6!1s0x390ce34e11c3a4a5:0xfe0e547d6a0a0a01!8m2!3d28.547569!4d77.2052273!16s%2Fg%2F11rd5vqmqf!19sChIJpaTDEU7jDDkRAQoKan1UDv4?authuser=0&hl=en&g_ep=EgoyMDI2MDkyNy4xIJJjKgBIAVAD&rclk=1,NGO in Hauz Khas Delhi,5,4.6,0.33285714285714285,0,"Good place. If u want to experience the meaning of life and humanity u should visit this place ||| The atmosphere at NAB is very pious . The whole space has an aura of sincerity and dedication . The admin and the staff is very helpful. They do provide space for meditative events at a very competitive price. Their garden canteen needs a ||| NAB was a serene and quiet place. Staff was sincere and helpful. The cafe serves u piping hot and delicious food cooked by the empowered blind students. ||| Awesome place and really working nicely for differently abled girls... Me and my friend went here for basic medicine donation for girls. If you guys cant donate please visit this place and enjoy cafe ,buy handcrafts made by visually challenged girls. ||| If you want delicious food in Delhi then I recommend Blind Bake Cafe in Hauz Khas, you will get both delicious food and a place of peace run by blind women of nab india centre"
National Institute of Public Cooperation and Child Development.,0.0,371,"National Institute of Public Cooperation and Child Development. | 4.3(371) | Association / Organization ·  · 5, August Kranti Marg, Opposite to Police Station | Closed · Opens 9 am Thu · 011 2651 5579",https://www.google.com/maps/place/National+Institute+of+Public+Cooperation+and+Child+Development./data=!4m7!3m6!1s0x390ce213ba50e92b:0xdabb5eaa4b351de6!8m2!3d28.5499442!4d77.2096098!16s%2Fg%2F1td2f8p5!19sChIJK-lQuhPiDDkR5h01S6peu9o?authuser=0&hl=en&g_ep=EgoyMDI2MDkyNy4xIJJjKgBIAVAD&rclk=1,NGO in Hauz Khas Delhi,0,0.0,0.0,0,No verified reviews found.
Navdanya Head Office,0.0,13,"Navdanya Head Office | 4.3(13) | Non-governmental organization · A-60, Hauz Khas | Closed · Opens 10 am Thu · 011 2696 8077",https://www.google.com/maps/place/Navdanya+Head+Office/data=!4m7!3m6!1s0x390d1d8baaaaaaab:0x6ff19f9541bbe55f!8m2!3d28.5524264!4d77.2103936!16s%2Fg%2F1tdgssdk!19sChIJq6qqqosdDTkRX-W7QZWf8W8?authuser=0&hl=en&g_ep=EgoyMDI2MDkyNy4xIJJjKgBIAVAD&rclk=1,NGO in Hauz Khas Delhi,1,5.0,1.0,0,It is a very beautiful place
Blind to visionaries trust (For blinds only),0.0,1,Blind to visionaries trust (For blinds only) | 5.0(1) | Education center · 1/4 sarava priya vihar near hauz khas metro gate number 1 | Closes soon · 6 pm · Opens 10 am Thu · 070429 53275,https://www.google.com/maps/place/Blind+to+visionaries+trust+%28For+blinds+only%29/data=!4m7!3m6!1s0x390ce3a275827417:0x5c8efac2a7a75107!8m2!3d28.5439522!4d77.2062138!16s%2Fg%2F11skgzj7rq!19sChIJF3SCdaLjDDkRB1Gnp8L6jlw?authuser=0&hl=en&g_ep=EgoyMDI2MDkyNy4xIJJjKgBIAVAD&rclk=1,NGO in Hauz Khas Delhi,0,0.0,0.0,0,No verified reviews found.
End AIDS India Campaign,0.0,104,"End AIDS India Campaign | 4.1(104) | Non-profit organization · 6, Community Center, Kailash Colony | Open · Closes 9 pm · 011 4536 7700",https://www.google.com/maps/place/End+AIDS+India+Campaign/data=!4m7!3m6!1s0x390ce2359e880a8d:0xa032d5d9619d4d80!8m2!3d28.5558807!4d77.2382973!16s%2Fg%2F1q628pqx0!19sChIJjQqInjXiDDkRgE2dYdnVMqA?authuser=0&hl=en&g_ep=EgoyMDI2MDkyNy4xIJJjKgBIAVAD&rclk=1,NGO in Hauz Khas Delhi,5,1.8,-0.005761904761904751,0,"Its doing really well ...I and attended a event organised by Galaxy magazine go Besharam ||| your organization volunteers took my bank details, i didnt know on that time why and how i gave you those details, i just wanted to help those peoples, but they volunteers told me, with only single mail they will close my membership, but upto now i didnt get any reply from them, please remove my all account details otherwise i need to block my account. or i will complaint regarding this ||| Froud people here suddenly meet on road I requested to the people please stop deduction from my account I lost my job Im not able to donate now but people never take any action on this countieslying payment discussion in process my ||| These people suddenly meet on road and asked to sign the mandate saying its only for 3 months.. But its been more than an year by now and seriously i blocked my card and did all things possible to stop payments to these people but nothing helped.I dont even remember the Campaign name and i had to spend a whole day to search and find this.You people succesfully made me decide not to donate to any campaigns further.. Please stop depostiong cheques into my account.. otherwise I will have to take further actions. A GOOD CAUSE CANNOT SURVIVE WITH WRONG AND FRAUDULANT METHODOLOGY LIKE THIS.. ||| Endaids India is good organisation but some organisation like volunteers collecting bank details and pan card and Aadhar .what is this why u r collecting like this.someone behave is very bad with my friend,so please remove my details iam not interested your organisation"
CARE PROMISE WELFARE SOCIETY,0.0,10,"CARE PROMISE WELFARE SOCIETY | 4.1(10) | Social welfare center · Office 331, First Floor, National Office Registered | Closes soon · 6 pm · Opens 9 am Thu · 099908 98404",https://www.google.com/maps/place/CARE+PROMISE+WELFARE+SOCIETY/data=!4m7!3m6!1s0x390ce3c8609e7da9:0xea21faaf456826f9!8m2!3d28.5541775!4d77.2512917!16s%2Fg%2F1pp2tvrmn!19sChIJqX2eYMjjDDkR-SZoRa_6Ieo?authuser=0&hl=en&g_ep=EgoyMDI2MDkyNy4xIJJjKgBIAVAD&rclk=1,NGO in Hauz Khas Delhi,3,5.0,0.6472222222222223,0,Care Promis Welfare Society is one of the best NGOs in Delhi they helped me for my uncle cancer treatment without any demands... DR. Rajesh is a decent heart individual he supports us and guides how we can fight with situations... I just thanks to this Organization and Dr Rajesh for helping us... Thank You Care Promis Welfare Society... ||| Because it is a life curing plan All the best ||| It is a nice programme...
NLR INDIA FOUNDATION,0.0,15,NLR INDIA FOUNDATION | 4.7(15) | Non-profit organization · C4/139 First Floor | Closed · Opens 9:30 am Thu · 011 2661 1216,https://www.google.com/maps/place/NLR+INDIA+FOUNDATION/data=!4m7!3m6!1s0x390ce39d343d47b5:0xc418ef75f06b236d!8m2!3d28.5503775!4d77.1983935!16s%2Fg%2F11h2b7dryx!19sChIJtUc9NJ3jDDkRbSNr8HXvGMQ?authuser=0&hl=en&g_ep=EgoyMDI2MDkyNy4xIJJjKgBIAVAD&rclk=1,NGO in Hauz Khas Delhi,5,4.2,0.37063636363636365,0,"Doing great job during covid19..helping too much in this time. ||| Very good organization, serving humanity ||| great working and learning. ||| poor performance bad management ||| New Learning and supporting Management"
Red Paws Rescue Head Office,0.0,177,"Red Paws Rescue Head Office | 3.7(177) | Non-profit organization · 29A, 1st Floor, Hauz Khas Village | Open now",https://www.google.com/maps/place/Red+Paws+Rescue+Head+Office/data=!4m7!3m6!1s0x390d1d8aa6aaaaab:0xae5baddd75593f56!8m2!3d28.5540994!4d77.1945255!16s%2Fg%2F11c1_w5h9y!19sChIJq6qqpoodDTkRVj9Zdd2tW64?authuser=0&hl=en&g_ep=EgoyMDI2MDkyNy4xIJJjKgBIAVAD&rclk=1,NGO in Hauz Khas Delhi,5,3.6,0.10541666666666667,0,"I hv a 3 month old cat for adoption, its an indie and non vaccinated. We dont want to abandon her but couldnt find any other choice.Please keep help us in finding a adoption for her, shes really adorabletext me on insta rajiv.sinhaa ||| If someone has a cat up for an adoption. Not more than 2 months old. Any breed will go except Indie, maine coon and burmese. You may leave a comment here with contact information. ||| If you want to adopt a German and indie dog 2 month old plz dm me in insta rohan_yumn ||| If anyone wants to adopt a cat for free then message me on my Instagram Id chandtaretumhelaakedu_ ||| If anyone wants to adopt a tabby kittens, please let me know"
ANGANA,0.0,19,ANGANA | 4.9(19) | Manufacturer · Shop No. 5 Plot No. 30 | Open · Closes 8:30 pm · 011 4156 3335,https://www.google.com/maps/place/ANGANA/data=!4m7!3m6!1s0x390ce3f05e089d8b:0x1188c33dc9dd630c!8m2!3d28.5527927!4d77.1948367!16s%2Fg%2F11tspvqvhm!19sChIJi50IXvDjDDkRDGPdyT3DiBE?authuser=0&hl=en&g_ep=EgoyMDI2MDkyNy4xIJJjKgBIAVAD&rclk=1,NGO in Hauz Khas Delhi,5,5.0,0.6481250000000001,0,"One of the few places in Hauz Khas serving marvelous artistic handicrafts! Loved them! Also, a social cause attached to supporting rural women entrepreneurs. Great initiative by Angana!! ||| Awesome place for shopping and very unique products. ||| Great place to visit. Worth buying ||| Good place to shop in. Beautiful ||| My favorite shop had a wonderful experience"
Foundation for Reproductive Health Services India,0.0,21,"Foundation for Reproductive Health Services India | 4.4(21) | Non-profit organization · First Floor, R-9 | Closes soon · 6:30 pm · Opens 9 am Thu · 011 4984 0000",https://www.google.com/maps/place/Foundation+for+Reproductive+Health+Services+India/data=!4m7!3m6!1s0x390ce26bb5197dff:0x22d52addad1d5eb6!8m2!3d28.5497832!4d77.2058798!16s%2Fg%2F11d_77hf_f!19sChIJ_30ZtWviDDkRtl4drd0q1SI?authuser=0&hl=en&g_ep=EgoyMDI2MDkyNy4xIJJjKgBIAVAD&rclk=1,NGO in Hauz Khas Delhi,3,5.0,0.49333333333333335,0,Very nice service ||| Serving community by providing family planing services ||| Good place to work.
WRI India,0.0,75,"WRI India | 4.6(75) | Non-profit organization · LGF AADI 2, Balbir Saxena Marg | Closes soon · 6 pm · Opens 10 am Thu · 011 2090 4223",https://www.google.com/maps/place/WRI+India/data=!4m7!3m6!1s0x390d1e419f4d2a0f:0x18d30ce90230905b!8m2!3d28.5566093!4d77.2092629!16s%2Fg%2F12ht0prp_!19sChIJDypNn0EeDTkRW5AwAukM0xg?authuser=0&hl=en&g_ep=EgoyMDI2MDkyNy4xIJJjKgBIAVAD&rclk=1,NGO in Hauz Khas Delhi,3,4.333333333333333,0.42777777777777776,0,Love how green and soothing it is. And the best part are the campus cats. ||| A beautifully designed office place to spend your working time. ||| Office of WRI India is located there.
Humanity Foundation,0.0,356,"Humanity Foundation | 4.9(356) | Non-profit organization · Ground Floor, 11-A, A | Open · Closes 9 pm · 078276 63622",https://www.google.com/maps/place/Humanity+Foundation/data=!4m7!3m6!1s0x390ce2778455eea3:0x2baa36061b45898d!8m2!3d28.559283!4d77.2516211!16s%2Fg%2F11xbg6wfd!19sChIJo-5VhHfiDDkRjYlFGwY2qis?authuser=0&hl=en&g_ep=EgoyMDI2MDkyNy4xIJJjKgBIAVAD&rclk=1,NGO in Lajpat Nagar Delhi,5,4.8,0.495,0,"I volunteered here .My experience was overall amazing and I did reasearch also on stem topic being a part of this ngo . Thank you ||| They are doing really nice work. God bless them ||| Humanity Foundation is doing meaningful work with compassion and dedication, creating real impact at the grassroots level. Truly inspiring and commendable ||| I visited this ngo today,and its soo good and well mannered...truly appreciate their work..! ||| the initiatives your NGO runs actually make a real difference. Loved how organized and mindful everything felt"
Miracle Foundation India,0.0,37,"Miracle Foundation India | 4.0(37) | Non-profit organization · Upper Ground Floor, G29, behind Fab India | Closes soon · 6 pm · Opens 10 am Thu · 011 4950 6375",https://www.google.com/maps/place/Miracle+Foundation+India/data=!4m7!3m6!1s0x390ce15c652d76b1:0x75373ece2a25f1ec!8m2!3d28.5664528!4d77.2379811!16s%2Fg%2F11fd4q_lp8!19sChIJsXYtZVzhDDkR7PElKs4-N3U?authuser=0&hl=en&g_ep=EgoyMDI2MDkyNy4xIJJjKgBIAVAD&rclk=1,NGO in Lajpat Nagar Delhi,5,1.0,-0.1061152597402597,1,"I receive calls from 10 different numbers in the starting of every month claiming that they are talking on behalf of Miracle Foundation. They message on WhatsApp, call on WhatsApp as well as normal calls to an extent that it feels irritating and very much forced. Donation is something which is willing and not an obligation. I really think I made a blunder donating in the Miracle Foundation. They are harassing us. Please please stop calling these many times and mending false stories between every 1st to 5th of a month. They call me on 1st of the month saying it is an urgency we need to operate in 2 hrs Emergency comes only between 1st to 5th days of the month???? Stop exploiting people who are thinking to donate Really work on youe team ||| I have made donations earlier as well but never experienced such harassment. They call from different numbers and will say mam baby is so serious what is the problem why cant you donate and blah blah with such a rude tone. And these people are from organisation only since I did make some donation after such call and they were going to Miracle foundation only. Though I appreciate the noble efforts, but they have to be made in noble way only. You can not obligate anyone to make donations. The way your Team is putting in effort is nothing less than harassment. Pls stop calling from different numbers all the time and pressuring people. Donations should be made willingly and not by any pressure or compulsion. ||| I made the mistake of donating in this foundation once or twice and I have been getting hounded by repeated calls with some story or the other. The best part is the telecallers are so entitled that they feel they can get a donation by hounding and pressurising others and then have the guts to try to shame them into parting with their hard earned money. Provide better training. Stop harassing people. ||| Donation is a gift and choice and not a tactic to guilt others and pressurizing to do something. I would rather donate to someone who understands this. Very bad experience. ||| I respect the noble work this NGO claims to do, but I strongly advise against donating. After a single donation, they began harassing me with 4 calls daily, each time with a new case. Ive blocked over 118 numbers, yet the calls continue. They use emotional blackmail and guilt tactics to pressure more donations. Absolutely pathetic behavior avoid at all costs."
Indus Action,0.0,36,"Indus Action | 4.5(36) | Non-governmental organization ·  · G-7, 2nd Floor | Closes soon · 6 pm · Opens 9:30 am Thu · 011 4172 9407",https://www.google.com/maps/place/Indus+Action/data=!4m7!3m6!1s0x390ce28cbbebe04b:0x6b902b9e9145366e!8m2!3d28.5659345!4d77.2396897!16s%2Fg%2F11b6ggxqw3!19sChIJS-Dru4ziDDkRbjZFkZ4rkGs?authuser=0&hl=en&g_ep=EgoyMDI2MDkyNy4xIJJjKgBIAVAD&rclk=1,NGO in Lajpat Nagar Delhi,3,3.6666666666666665,0.07824074074074075,0,"Staff is rude and ungrateful to volunteers. They do not do the work themselves and if volunteer does it for them, they deride her, down the line. Thankless. ||| The team is doing such amazing work, hope to see more successful projects ||| Ngo working in education sector advocating equal rights for the underprivileged population"
Maitrayana Charity Foundation,0.0,5,Maitrayana Charity Foundation | 4.4(5) | Non-profit organization · E-257 | Closed · Opens 9 am Thu · 079063 77749,https://www.google.com/maps/place/Maitrayana+Charity+Foundation/data=!4m7!3m6!1s0x390ce3909735d1e3:0xc6b6327716051de7!8m2!3d28.559579!4d77.241449!16s%2Fg%2F11tctm4r3v!19sChIJ49E1l5DjDDkR5x0FFncytsY?authuser=0&hl=en&g_ep=EgoyMDI2MDkyNy4xIJJjKgBIAVAD&rclk=1,NGO in Lajpat Nagar Delhi,1,5.0,0.1875,0,Ngo with extremely driven members. Many sports activities to strenghten girls and women.
Servants of People Society,0.0,50,"Servants of People Society | 4.4(50) | Foundation ·  · Lajpat Bhawan, National Park | Open · Closes 7 pm · 011 2628 6894",https://www.google.com/maps/place/Servants+of+People+Society/data=!4m7!3m6!1s0x390ce24c1c4ed6ed:0x6096dc30bc4a341f!8m2!3d28.562228!4d77.2348728!16s%2Fg%2F1tdkklsm!19sChIJ7dZOHEziDDkRHzRKvDDclmA?authuser=0&hl=en&g_ep=EgoyMDI2MDkyNy4xIJJjKgBIAVAD&rclk=1,NGO in Lajpat Nagar Delhi,5,3.8,0.21749999999999997,0,"Servants of the People Society is an organization of historical value. It was started by Lala Lajpat Rai in 1921. It is located in Lajpat Nagar near the Moolchand metro station. ||| This is one place Id definitely recommend for any ailment of the poor. So beautifully done. ||| Located near moolchand metro station, the place is quiet and beautiful. Balvant rai school in its complex, has facilities of library, park, doctors, yoga centre, masala store, juice shop etc. The beauty of nature can be felt here. ||| It hosts a good spacious library, a charitable hospital, dental hospital and diagnostic services.Recently they have also resumed ayurvedic clinic and dispensary. One may donate old books to the library. Auction of books is held every Saturday. These guys are doing wonderful job. Kudos to them.Truly nonprofit organization. ||| The translation is so hilarious. Google is such a wellknown corporate. But they cannot employ some knowledgeable Indians who know about these historic organizations. Servants of the People Society लक सवक समज was founded by Lala"
Sai Prerna social welfare society,0.0,14,"Sai Prerna social welfare society | 5.0(14) | Non-profit organization · basement, E 80 | Open · Closes 6 am Thu · 011 2462 8295",https://www.google.com/maps/place/Sai+Prerna+social+welfare+society/data=!4m7!3m6!1s0x390ce3eca5c7da59:0xa0f56810f446c157!8m2!3d28.5617318!4d77.242679!16s%2Fg%2F11x7n0_s91!19sChIJWdrHpezjDDkRV8FG9BBo9aA?authuser=0&hl=en&g_ep=EgoyMDI2MDkyNy4xIJJjKgBIAVAD&rclk=1,NGO in Lajpat Nagar Delhi,5,5.0,0.33111111111111113,0,"This NGO is doing amazing work for child welfare, offering vital support in education, healthcare, and emotional wellbeing. Their dedication to improving the lives of vulnerable children is inspiring, and the team is compassionate and committed. Im truly impressed by their impact and highly recommend supporting this organization. Their efforts are changing lives and creating a brighter future for children in need. ||| Very genuine and helpful organisation. People should join their hands in helping needy patients and people ||| SAI PRERNA SOCIAL WELFARE SOCIETY is an admirable organization dedicated to providing critical medical support to underprivileged individuals in need. In India, where many patients, particularly those facing serious illnesses like cancer, ||| Sai prerna is a society on which I trust completely that whatever donations are being made are used for poor and needy. The trustee of the society is so humble and personally takes care of the people in need. She is doing great work for society improvement. ||| An NGO with very noble welfare cause for under privileged chindren in Delhi NCR"
INNOVATIVE EDUCATIONAL and WELFARE SOCIETY,0.0,3,INNOVATIVE EDUCATIONAL and WELFARE SOCIETY | 5.0(3) | Social welfare center · L-25 | Open 24 hours · 099990 01832,https://www.google.com/maps/place/INNOVATIVE+EDUCATIONAL+and+WELFARE+SOCIETY/data=!4m7!3m6!1s0x390ce3b2069331d1:0xa74804d8bc6c3eb6!8m2!3d28.5684431!4d77.2457831!16s%2Fg%2F11f1wl8g3q!19sChIJ0TGTBrLjDDkRtj5svNgESKc?authuser=0&hl=en&g_ep=EgoyMDI2MDkyNy4xIJJjKgBIAVAD&rclk=1,NGO in Lajpat Nagar Delhi,1,5.0,0.28414918414918416,0,"Innovative Educational and Welfare Society, located at L25, Block L, Lajpat Nagar II, is doing commendable work in the field of education and social welfare. The organization focuses on supporting learning, skill development, and community welfare initiatives, creating a positive impact at the grassroots level. The staff and members are dedicated, approachable, and genuinely committed to their mission. The premises are wellmanaged and reflect a sincere effort toward providing a supportive environment for beneficiaries. Overall, it is a trustworthy and meaningful organization contributing to social upliftment in the Lajpat Nagar area. As a Google Local Guide and Googletrusted 360 Virtual Tour photographer, I feel that a Google 360 Virtual Tour can help showcase the organizations facilities, transparency, and working environmentbuilding greater trust and awareness through Google Maps."
"BAL RAKSHA BHARAT, NGO in Delhi",0.0,218,"BAL RAKSHA BHARAT, NGO in Delhi | 4.5(218) | Non-governmental organization · D-61, Near, Sapna Cinema Rd | Closes soon · 6 pm · Opens 9 am Thu · 011 4053 8140","https://www.google.com/maps/place/BAL+RAKSHA+BHARAT,+NGO+in+Delhi/data=!4m7!3m6!1s0x390ce3592b243503:0xbdd31c072ed5d3d7!8m2!3d28.5580462!4d77.2482561!16s%2Fg%2F11h7fk3sms!19sChIJAzUkK1njDDkR19PVLgcc070?authuser=0&hl=en&g_ep=EgoyMDI2MDkyNy4xIJJjKgBIAVAD&rclk=1",NGO in Lajpat Nagar Delhi,5,4.2,0.29409280303030305,0,"Dont donate, they leak our phone number to other NGOs and are spammed. ||| I am so grateful to be able to support such a worthy cause through Bal Raksha Bharat, and the tax benefits that come with my donations is just an added advantage. So proud that Im able to donate to Bal Raksha Bharat and support the causes they stand with! Along with that I get tax benefits on the donations as well!! ||| Ive been donating to Bal Raksha Bharat for the last 2 years, and Ive seen them working closely with the local communities in different aspects like education, health and nutrition, etc. The efforts by the team are tremendous to experience as it is impacting the lives of so many children in our country! ||| This is a good place to donate. Bal Raksha Bharat is an honest NGO. They provide receipts on your donations that help you qualify for tax exemptions. . Ive been donating here for the last 3 years now! Excellent NGO which helps children gain quality education, health awareness and works towards child protection too! ||| I am so grateful to have found this NGO, Bal Raksha Bharat, that is making such a positive impact in the lives of underprivileged children in India. It feels great to support this organisation through donations, which is making a real difference."
Indian Brave Hearts (NGO),0.0,0,Indian Brave Hearts (NGO) | No reviews | Social services organization · 156 | Open 24 hours,https://www.google.com/maps/place/Indian+Brave+Hearts+%28NGO%29/data=!4m7!3m6!1s0x390ce32328baf875:0xcd5ca287d02c8d4a!8m2!3d28.5673115!4d77.2491628!16s%2Fg%2F11t8dffbzb!19sChIJdfi6KCPjDDkRSo0s0IeiXM0?authuser=0&hl=en&g_ep=EgoyMDI2MDkyNy4xIJJjKgBIAVAD&rclk=1,NGO in Lajpat Nagar Delhi,0,0.0,0.0,0,No verified reviews found.
NGOs India Consultancy,0.0,34,NGOs India Consultancy | 4.5(34) | Consultant · 23 | Open · Closes 8 pm · 093113 30044,https://www.google.com/maps/place/NGOs+India+Consultancy/data=!4m7!3m6!1s0x390ce3b200cc7ae9:0xdcad218639d0a4a2!8m2!3d28.5686123!4d77.2459172!16s%2Fg%2F11lv_m46mb!19sChIJ6XrMALLjDDkRoqTQOYYhrdw?authuser=0&hl=en&g_ep=EgoyMDI2MDkyNy4xIJJjKgBIAVAD&rclk=1,NGO in Lajpat Nagar Delhi,5,5.0,0.26061666666666666,0,"NGOs India Consultancy has been a very valuable information support for our organization. Their understanding of the NGO sector, documentation requirements, legal processes and project related support is highly professional and practical. They are well experienced and they guide us well for management and expansion of our work. Their support in NGO related consultancy, documentation and guidance for development focused work reflects strong experience and commitment towards the social sector. Their information support service is helpful for improving social work structure. ||| Very professional, expert and supportive NGO information resources and consultancy. They guide clearly for the NGO management, project proposal compliance process and related documentation smoothly. ||| Best NGO Consultancy service to prepare project proposal to get grants. Experienced in documentation, Annual Report writing, Income Tax exemption Registration Service. Recommended professional consulting service for social service organizations. ||| Best NGO Support and Consultancy service for Project Proposal, Registration for Tax Exemption under 80G and 12A. Good experience for Society Registration and other related registration service for our associated organization. ||| NGOs Indias NGO support centre provides support to NGOs in management, project proposals and funding."
Lords Education and Health Society (LEHS),0.0,29,"Lords Education and Health Society (LEHS) | 4.5(29) | Foundation ·  · 70, Ring Rd | Open · Closes 7 pm",https://www.google.com/maps/place/Lords+Education+and+Health+Society+%28LEHS%29/data=!4m7!3m6!1s0x390ce31711b56db7:0xd8f3382e5c735aa8!8m2!3d28.5655146!4d77.2436994!16s%2Fg%2F11gmwzq136!19sChIJt221ERfjDDkRqFpzXC4489g?authuser=0&hl=en&g_ep=EgoyMDI2MDkyNy4xIJJjKgBIAVAD&rclk=1,NGO in Lajpat Nagar Delhi,2,4.5,0.34285714285714286,0,An organisation dedicated to improve primary healthcare systems through innovations ||| An organisation with its priorities set right
SAMARTHANAM TRUST FOR THE DISABLED,0.0,78,"SAMARTHANAM TRUST FOR THE DISABLED | 4.5(78) | Non-profit organization ·  · B-89, Amar Colony, near Ragunath Temple | Closes soon · 6 pm · Opens 9:30 am Thu · 011 4904 9515",https://www.google.com/maps/place/SAMARTHANAM+TRUST+FOR+THE+DISABLED/data=!4m7!3m6!1s0x390ce3a63c4146a5:0xe7d23f0257cfd56e!8m2!3d28.5623054!4d77.2435581!16s%2Fg%2F11q1vqcvxp!19sChIJpUZBPKbjDDkRbtXPVwI_0uc?authuser=0&hl=en&g_ep=EgoyMDI2MDkyNy4xIJJjKgBIAVAD&rclk=1,NGO in Lajpat Nagar Delhi,5,5.0,0.20777777777777778,0,"I had the pleasure of attending the Divyangjan Rozgar Mela organized by Samarthanam Trust for the Disabled at Sri Guru Gobind Singh College of Commerce in Delhi. The event was wellorganized, and the staff and volunteers ensured a smooth experience for all attendees, including both persons with and without disabilities. The job fair featured a range of reputable companies offering job opportunities, and the management took care of all the candidates, providing guidance throughout the process. They even provided lunch for everyone, which was a thoughtful touch. What truly stood out was their commitment to making sure every candidate left with valuable opportunities. I personally attended interviews, and I was impressed with the variety and quality of companies present. Overall, it was a fantastic experience, and I truly appreciate the effort that Samarthanam Trust put into this event. Their dedication to inclusivity and employment opportunities is commendable. ||| Samarthanam trust for the disabled is a really good place for pwd students who want to learn and start thier career. I am fortunate to be associated with it as a student. The teachers are amazing . ||| Samarthanam Trust for the Disabled is a eminent NGO which works for empowerment of Differently abled students and underprivileged people through developmental intiatives, focusing on education, social, economic, cultural and technical. ||| Samarthanam trust for the disabled is a Wonderful place all teachers in this are very helpful nature placed all the students for different places to the different jobs. I also placed a reputed company also. ||| Being a student at Samarthanam trust for the disabled is a great oppurtunity to learn skills and grow in life. Im grateful to be a student of samarthanam trust for the disabled."
Binary Foundation,0.0,4,Binary Foundation | 5.0(4) | Non-profit organization · 17 | 092893 12244,https://www.google.com/maps/place/Binary+Foundation/data=!4m7!3m6!1s0x390ce386f3e3ff47:0x877fced664821d73!8m2!3d28.5626895!4d77.2371025!16s%2Fg%2F11vz94yn_9!19sChIJR__j84bjDDkRcx2CZNbOf4c?authuser=0&hl=en&g_ep=EgoyMDI2MDkyNy4xIJJjKgBIAVAD&rclk=1,NGO in Lajpat Nagar Delhi,1,5.0,0.625,0,A remarkable organization dedicated to shaping brighter futures through quality education for children and meaningful empowerment for women
Concern India Foundation,0.0,3,"Concern India Foundation | 3.7(3) | Non-profit organization · A-38, 1st Floor, Lajpat Nagar IV | 011 4656 2485",https://www.google.com/maps/place/Concern+India+Foundation/data=!4m7!3m6!1s0x390ce34c30147ef9:0x1618c9f851aba8a9!8m2!3d28.5624709!4d77.2411149!16s%2Fg%2F11gjzmdcqh!19sChIJ-X4UMEzjDDkRqairUfjJGBY?authuser=0&hl=en&g_ep=EgoyMDI2MDkyNy4xIJJjKgBIAVAD&rclk=1,NGO in Lajpat Nagar Delhi,2,3.0,0.3125,0,First step of your career.. Best institute Joining Hand ||| No Contact Details
Mental Health Foundation,0.0,33,Mental Health Foundation | 4.5(33) | Non-profit organization ·  · Mohammadpur Main Road Mohammadpur Rama Krishna Puram | Closed · Opens 10 am Thu · 098910 09523,https://www.google.com/maps/place/Mental+Health+Foundation/data=!4m7!3m6!1s0x390ce3ab03b8fcaf:0xc9c01774db41d6a1!8m2!3d28.5767773!4d77.2428307!16s%2Fg%2F11g8_5jr59!19sChIJr_y4A6vjDDkRodZB23QXwMk?authuser=0&hl=en&g_ep=EgoyMDI2MDkyNy4xIJJjKgBIAVAD&rclk=1,NGO in Lajpat Nagar Delhi,3,4.666666666666667,0.10032814407814407,0,"Mental health groups are great to help one another. This is because even doctor have very little knowledge regarding this disease. I Myself was diagnosed as bipolar disorder patient by doctors of chl apollo indore, chennai, delhi, bhopal, mumbai. I Was medicated for 18 years by licab lamotrigine valence od , deepakote, cipralex . I am now totally medicine free and perfectly healthy as I choose gluten free casein free diet but that alone was not sufficient. I Also had to change oil with ghee and little oil as tadka. I DONT EAT husk of fruit and vegetables such as brinjal, tomato, pumpkin, apple, almonds or any other fruits or vegetable . I have also reduced the salt and sugar complete no no to rtea coffee not even black tea or cofee ||| Only one institution in India works dedicatedly for promotion of Mental Health. ||| It will certainly help the people having depression"
Breakthrough Trust,0.0,71,"Breakthrough Trust | 4.4(71) | Charity · Plot-3, DDA Community Centre, Zamrudpur | Open · Closes 7 pm · 0651 655 4442",https://www.google.com/maps/place/Breakthrough+Trust/data=!4m7!3m6!1s0x390ce3cb0faa4309:0xd2860a3125fc4a3a!8m2!3d28.5556893!4d77.2386541!16s%2Fg%2F11b90bwb72!19sChIJCUOqD8vjDDkROkr8JTEKhtI?authuser=0&hl=en&g_ep=EgoyMDI2MDkyNy4xIJJjKgBIAVAD&rclk=1,NGO in Lajpat Nagar Delhi,5,3.6,0.21449999999999997,0,"Thanks to Breakthrough team, who works against domestic violence and for women empowerment. Dalits will feel more secure now due to you. Thank you so much. ||| They have brand name . But they have poor implementation experience. It is quite visible in Uttar Pradesh team. Poor Leadership, decision making and most important common sense. ||| No network at all,not even a bit ,no chance to communicate if you are outside that area .Should firstly have access to internet and good signal ||| Fantastic and nice place with great NGO team Breakthrough in India works. ||| Breakthrough is an women centric ngo which works for women safety and empowerment."
Socio-Legal Information Centre - Human Rights Law Network,0.0,231,"Socio-Legal Information Centre - Human Rights Law Network | 4.3(231) | Non-profit organization ·  · 576, Masjid Rd | Closes soon · 6 pm · Opens 9:30 am Thu · 011 2437 4501",https://www.google.com/maps/place/Socio-Legal+Information+Centre+-+Human+Rights+Law+Network/data=!4m7!3m6!1s0x390ce255695f1bb3:0x9b97268949b782dc!8m2!3d28.5810347!4d77.2484684!16s%2Fg%2F1tlc6fst!19sChIJsxtfaVXiDDkR3IK3SYkml5s?authuser=0&hl=en&g_ep=EgoyMDI2MDkyNy4xIJJjKgBIAVAD&rclk=1,NGO in Lajpat Nagar Delhi,5,3.4,0.0995984126984127,1,"A completely different law firm in Delhi. The entire team is dedicated to the results of the case. Give a lot of time on understanding the issues and involve themselves in detailed results. Once they quote a fee they dont pester for money on ancillary things. If the case involves a larger interest, they do everything needed to get relief to the customer. Its a very ethical and honest in their dealings and efforts to get justice. I have always got great response from their team. Mugdha, when I handed over the case had no knowledge on the topic. In 2 weeks she soaked so much knowledge that I was left surprised. Colin sir also gave a lot of time to me and research on the subject ||| As told this organization is registered ngo but they dont work like ngo Fees of mr.cilin gonsalves is 1lakh but he will hardly do any work instead case is handled by very junior advocates ||| Courteous and Helpful Staff, Ms. Raina was helpful, Spooky Guards, Narrow Staircase to the office, awkwardly hanging bulb at the entrance, Theres an AC repair shop Paaji opposite the office and hes helpful in killing the time if you are waiting outside, theres a Nariyal pani and Juice cart outside aswell... struggle for car parking, theres a guy who sells kullad wali chai nearby but it aint worthy Sarkaghat ||| As a clients We are very satisfied with the communications and proceedings of High Court for our demolition ordered of plots and cluster and good luck to Ms. Kawalpreet Kaur for her Bright Future. ||| There is a junior lawyer here named Kabir Zia who baffled us with his utterly unprofessional behaviour. Litigants, beware! please dont ever consult Kabir. Adv Colin Gonsalves heads hrln and he is a well established lawyer but is usually too occupied with work. Recently he is working on the Rohingya issue."
MC Mehta Environmental Foundation,0.0,14,MC Mehta Environmental Foundation | 4.7(14) | Association / Organization · A3 | Closes soon · 6 pm · Opens 10 am Thu · 011 4175 6519,https://www.google.com/maps/place/MC+Mehta+Environmental+Foundation/data=!4m7!3m6!1s0x390ce24e81922dc5:0xcce35e314da06a53!8m2!3d28.5644837!4d77.2346575!16s%2Fg%2F11cn7wbnh5!19sChIJxS2SgU7iDDkRU2qgTTFe48w?authuser=0&hl=en&g_ep=EgoyMDI2MDkyNy4xIJJjKgBIAVAD&rclk=1,NGO in Lajpat Nagar Delhi,1,5.0,-0.125,0,I tried contacting but the number is not reachable please let me know any other option to contact i need to contact on urgent basis please
iVolunteer Delhi,0.0,47,"iVolunteer Delhi | 4.6(47) | Non-profit organization · First Floor, D-134 | Closes soon · 6 pm · Opens 10 am Thu · 011 6567 2160",https://www.google.com/maps/place/iVolunteer+Delhi/data=!4m7!3m6!1s0x390ce3c9fc1fbb03:0x36775a80e38c9e82!8m2!3d28.557059!4d77.2466245!16s%2Fg%2F12cnrb6z6!19sChIJA7sf_MnjDDkRgp6M44BadzY?authuser=0&hl=en&g_ep=EgoyMDI2MDkyNy4xIJJjKgBIAVAD&rclk=1,NGO in Lajpat Nagar Delhi,5,4.8,0.5001406926406926,0,"Had a great sunday. I volunteered in CHITTHI AAYI HAI and it felt so good to write letters to kids bcoz nowadys where we chat on whatsapp or on social media, writing a handwritten letter is something we all should do for each other. We all need love and kindness and those kids deserve this too. Thank you ivolunteerindia for giving us this opportunity to spread love and kindness through these letters for the people who need the most. ||| Attended the Christmas volunteering opportunity with them in 2022. Got a chance to play real life Santa to some wonderful kids in a childrens home, spent time with them and spread some joy. Was a truly memorable and warm experience, was ||| Had a memorable and delightful experience at the DMRC Children Home classroom painting activity. Sinve it was my first time, shoutout to Aakansha and Shahnawaz for managing and coordinating everything so smoothly without a hitch. ||| I volunteered to paint the walls of a classroom and a counsellors room along with the metro pillar 65 at DMRC childrens Home. Working with iVolunteer and meeting many new people who were willing to devote their time and energy for the good cause was a great experience.We received support and assistance from my team, ExpressionsThe Art Society of MAIT, Delhi, in making the event a success. ||| Spend a really good time at DMRC childrens orphange to paint wall for those kids . Being a part of art society called Expressions in MAIT we all have our creative"
Anukulan NGO,0.0,1,Anukulan NGO | 4.0(1) | Social services organization · A 284 | Open 24 hours · 098115 29966,https://www.google.com/maps/place/Anukulan+NGO/data=!4m7!3m6!1s0x390ce356c65be6e1:0x4bb96c7ee7c37ce9!8m2!3d28.5725653!4d77.2351491!16s%2Fg%2F11rpt7mtb2!19sChIJ4eZbxlbjDDkR6XzD535suUs?authuser=0&hl=en&g_ep=EgoyMDI2MDkyNy4xIJJjKgBIAVAD&rclk=1,NGO in Lajpat Nagar Delhi,0,0.0,0.0,0,No verified reviews found.
Parivar Seva Sanstha,0.0,78,"Parivar Seva Sanstha | 4.3(78) | Non-profit organization · C-374, Chetna Marg | Open · Closes 7:30 pm · 011 2433 7712",https://www.google.com/maps/place/Parivar+Seva+Sanstha/data=!4m7!3m6!1s0x390ce251d2b8c6c5:0x85dfb5f2496eba8b!8m2!3d28.5680328!4d77.2319568!16s%2Fg%2F11bwn7djrl!19sChIJxca40lHiDDkRi7puSfK134U?authuser=0&hl=en&g_ep=EgoyMDI2MDkyNy4xIJJjKgBIAVAD&rclk=1,NGO in Lajpat Nagar Delhi,5,5.0,0.40744967061923587,0,"A Clinic like Stree Clinic, A Clinic of Parivar Seva Sanstha, is not only serving the women of all ages by treating their health related problems, at the same time trying to provide the full support under one umbrella so that a Woman or a lady or a girl need not go here and there for the medicines also. The cost of Services are reasonable. The ambience of the clinics are mostly friendly. After visiting for one problem, a Woman can get the solution of some other problems also regarding which she never thought of...better to say she had neglected. A couple need not blame each other for not having a child. At Stree Clinic, couple counselling and treatment done with proper guidance by a Competent Gynaecologist. A lady who had always seen her husband to be very fit and steady. One day suddenly after getting a proper Counseling by our Counsellor got a Comprehensive Medichek done for her husband and came to know that the condition of the heart of her loving husband, whom she loves so much started compromising due to the rise of some lipid enzymes.....thank God due to PSSs guidance in time a life has been saved from sudden emergency. The Clinic team is also friendly. First time found that post treatment feedbacks also taken from the clients by the competent team members. Lots of Good Wishes to Stree Clinics of all over India ||| Parivarseva Sanstha provides a range of quality, affordable reproductive health services and products. Medical Non medical staffs are all very nice helpfull. I am very happy to part of The Pss family. Spl Thanks to my GI , She always guides support me like a guardian. ||| It was a short but fantastic journey with Parivar Seva Sanstha. Learnt new area on Sexual and Regards Heath in India as a public health expert. The most important thing impressed me about leadership quality of President Maam Mrs Sudha ||| Very hygienic, qualified doctors,safe services of gynae at very nominal price, cooperative staff. Experienced apno jaisi dekhbhaal. Nice working place too. ||| Paribar Seva is just like a family to me.Its culture and job towards this society is so wonderful and i am very to be a part of this organisation as i like to serve humanity.I joined since 4 months ago and i found all the staffs and the doctors are so much helpful and coordinative.I think Paribar Seva is one of the best Organisation in India, which serves females indeed across all over India.very happy"
Charitable Medical Clinic in Delhi - SOPS | NGO in India,0.0,4,Charitable Medical Clinic in Delhi - SOPS | NGO in India | 4.0(4) | Free clinic · H66Q+9JP | Open 24 hours · 011 2628 6894,https://www.google.com/maps/place/Charitable+Medical+Clinic+in+Delhi+-+SOPS+%7C+NGO+in+India/data=!4m7!3m6!1s0x390ce355f588291d:0xa2b0284056c0a962!8m2!3d28.5609689!4d77.2390677!16s%2Fg%2F11g0g6k69m!19sChIJHSmI9VXjDDkRYqnAVkAosKI?authuser=0&hl=en&g_ep=EgoyMDI2MDkyNy4xIJJjKgBIAVAD&rclk=1,NGO in Lajpat Nagar Delhi,2,4.0,0.275,0,"The clinic started under one of the trees in Lajpat Bhawan. Sopsdelhi have 22 doctors from various specialties like Eye, E.N.T, Pediatrics, Surgery, Orthopaedics, Dermatology, Gynaecology, Gastroenterology, Psychiatry Dental ||| Good and secure"
People to People Health Foundation (PPHF),0.0,6,People to People Health Foundation (PPHF) | 4.7(6) | Foundation · 45 | Closed · Opens 9:30 am Thu · 011 4352 3008,https://www.google.com/maps/place/People+to+People+Health+Foundation+%28PPHF%29/data=!4m7!3m6!1s0x390d1d916aaaaaab:0xce7e6ecac6c3a751!8m2!3d28.567449!4d77.237881!16s%2Fg%2F11j302fhlb!19sChIJq6qqapEdDTkRUafDxspufs4?authuser=0&hl=en&g_ep=EgoyMDI2MDkyNy4xIJJjKgBIAVAD&rclk=1,NGO in Lajpat Nagar Delhi,4,4.75,0.2833333333333333,0,"Its a Non profit organization work on public health related issues ||| People health best ||| A health oriented organisation working to improve public health scenario in India with community engagement. ||| PPHF is doing meaningful work in public health by strengthening communities, improving access to healthcare, and creating lasting social impact."
Sahyog Charitable Trust,0.0,13,"Sahyog Charitable Trust | 4.2(13) | Non-profit organization · 187, LOWER Ground | 070428 84603",https://www.google.com/maps/place/Sahyog+Charitable+Trust/data=!4m7!3m6!1s0x390ce3a446aaaaab:0x3e4408a9150d457f!8m2!3d28.5736253!4d77.2559612!16s%2Fg%2F11c1x5vn8v!19sChIJq6qqRqTjDDkRf0UNFakIRD4?authuser=0&hl=en&g_ep=EgoyMDI2MDkyNy4xIJJjKgBIAVAD&rclk=1,NGO in Lajpat Nagar Delhi,2,5.0,0.69,0,Helpful people and Reena Madam is very very kind and helpful. ||| This is best one of the ngo nd they really doing nice job with honestly
India Cares (Clinic) New Delhi,0.0,172,"India Cares (Clinic) New Delhi | 4.4(172) | HIV testing center ·  · B-22, Lajpat Nagar Bridge | Open · Closes 10 pm · 011 4686 6801",https://www.google.com/maps/place/India+Cares+%28Clinic%29+New+Delhi/data=!4m7!3m6!1s0x390ce222c42865b7:0xc37a2150ffcc4e17!8m2!3d28.5729223!4d77.2379623!16s%2Fg%2F1tdp3f14!19sChIJt2UoxCLiDDkRF07M_1AhesM?authuser=0&hl=en&g_ep=EgoyMDI2MDkyNy4xIJJjKgBIAVAD&rclk=1,NGO in Lajpat Nagar Delhi,5,4.2,0.3835699300699301,0,"I have been visiting this Clinic since 2023 for my tests and my experience has always been excellent. The overall service is very professional, and the staff is extremely supportive and caring. I would especially like to thank Dr. Karthik, who is incredibly kind, gentle, and calm. He explains everything clearly and patiently, which makes me feel more comfortable and wellinformed during every visit. I truly appreciate the care and support I have received here over the years. The clinic provides a positive and trustworthy environment. I highly recommend India Cares Clinic to anyone looking for reliable testing and treatment services. ||| Great plc nd great service by gagan mam thq so much for understanding counseling ||| Not receiving the call ,if anyone has the contact number of this NGO please give me plzz I really need it plzz ||| Very friendly and helpful staff. Recommended for LGBTQ Community. ||| An NGO helping HIV positive people in Delhi NCR and even PAN India, plus they also distribute free HIV medicines. Organisation is also dedicated to help weaker sections of society."
Sajag Sarthak Foundation,0.0,9,Sajag Sarthak Foundation | 4.6(9) | Non-profit organization · A-19/22 GF | Open · Closes 8 pm,https://www.google.com/maps/place/Sajag+Sarthak+Foundation/data=!4m7!3m6!1s0x390ce3bf3ae67349:0x311547b1451e5956!8m2!3d28.5596144!4d77.2269008!16s%2Fg%2F11txhsvsqv!19sChIJSXPmOr_jDDkRVlkeRbFHFTE?authuser=0&hl=en&g_ep=EgoyMDI2MDkyNy4xIJJjKgBIAVAD&rclk=1,NGO in Lajpat Nagar Delhi,1,5.0,0.705,0,"They are doing very good job for the society, for uplifting the underprivileged community and differently able."
Dulari Devi Foundation,0.0,26,"Dulari Devi Foundation | 4.4(26) | Foundation · Ground Floor, 2/46, near Kashmiri Park Road | Open 24 hours · 095826 31192",https://www.google.com/maps/place/Dulari+Devi+Foundation/data=!4m7!3m6!1s0x390ce2598b6c3809:0x39a0e844e7cf3728!8m2!3d28.5810612!4d77.2480146!16s%2Fg%2F11h8j5vtwc!19sChIJCThsi1niDDkRKDfP50TooDk?authuser=0&hl=en&g_ep=EgoyMDI2MDkyNy4xIJJjKgBIAVAD&rclk=1,NGO in Lajpat Nagar Delhi,5,5.0,0.6111333333333333,0,"This is an NGO in Delhi where a learning center Gyan Shala is run. Here, children of all ages are taught. There are also Katran Kala classes where sewing is taught. Along with this, English speaking and computer skills classes are also provided. Children and women receive a lot of support here. The learning environment is very good and the teachers are very helpful. It is a very good initiative. Thank you ||| Indias no.1 NGO. Top in Education, skills, and health awareness program. ||| One of best NGO In my area. They take care of education ||| I see that you do a very good job. I am very happy to know that you think so well about the children. I pray for you from the bottom of my heart and may you always keep helping the children like this and may the children ||| I have been watching Dulari Devi Foundation for a long time. I think the foundation works very well. It helps many children and also helps in studies."
An Initiative Touch Your Soul (AITYS),0.0,6,"An Initiative Touch Your Soul (AITYS) | 5.0(6) | Non-profit organization · 97, Mount Kailash | Open · Closes 7 pm · 088020 23316",https://www.google.com/maps/place/An+Initiative+Touch+Your+Soul+%28AITYS%29/data=!4m7!3m6!1s0x390ce3c9626aaaab:0x2aa89d2cf8ebf894!8m2!3d28.552864!4d77.2468368!16s%2Fg%2F11t8yjp2d_!19sChIJq6pqYsnjDDkRlPjr-CydqCo?authuser=0&hl=en&g_ep=EgoyMDI2MDkyNy4xIJJjKgBIAVAD&rclk=1,NGO in Lajpat Nagar Delhi,3,5.0,0.3985625485625486,0,"An Initiative Touch Your Soul is an NGO that lives by its mission of No child Hoyle be deprived of education because of poverty. With their continuous visits to the schools they ensure proper usage of donations. Its their endeavour to see that these children grow up as self dependent individuals adding value in their environment ||| I came to know about AITYS from my meditation group. I am really touched by the great work it is doing in distant villages of Uttarakhand where the help is not easily reached. Since it is run by volunteers, I got the chance to visit as volunteer to one of the camp it organised in Pauri Garhwal region. I must say this is the one NGO which walk the talk. The kind of grassroots development work the NGO has done is really commendable. It has run the causes from education sponsorship to poor children to building safe toilets. The most important project which I feel is providing sanitary pads to school girls, where the subject itself is taboo. Listening to the feedback and positive impact stories from the village women makes one wonder and it only strengthen the ones belief where there is a will, there is a way. The change has started. Thank you AITYS for helping our children. ||| the way she teach n explained about yoga is just awesome .. miracle in her hand ..thankuu for coming in life ...love u lot god bless u lot"
Railway Children India,0.0,102,"Railway Children India | 4.8(102) | Non-governmental organization · community centre, 7 | Closes soon · 6 pm · Opens 9 am Thu · 088002 16194",https://www.google.com/maps/place/Railway+Children+India/data=!4m7!3m6!1s0x390d1d5d685f541f:0xc85597f513f6b150!8m2!3d28.558397!4d77.2462306!16s%2Fg%2F11c2q3l70m!19sChIJH1RfaF0dDTkRULH2E_WXVcg?authuser=0&hl=en&g_ep=EgoyMDI2MDkyNy4xIJJjKgBIAVAD&rclk=1,NGO in Lajpat Nagar Delhi,5,5.0,0.5077499999999999,0,I would like to appreciate the wonderful work being done by Railway Children India. Their dedication to protecting and supporting vulnerable children is truly inspiring. The team works tirelessly to create a safer and brighter future for children in need. Their efforts are making a real difference in many lives. Keep up the excellent work! ||| Beautiful initiative for helping children who are often ignored by society. The dedication of the team and the impact theyve created over the years is genuinely commendable. Highly appreciate their efforts. ||| I came across Railway Children India recently and was touched by their mission. Its inspiring to see an organization working tirelessly to protect and reunite children with their families. Their work truly makes a difference. ||| i feel so happy after donating for the needy kids ! ||| They are working on the good purpose please help them as much you can
"Child Welfare Committee' office, Lajpat Nagar",0.0,7,"Child Welfare Committee' office, Lajpat Nagar | 5.0(7) | Government office ·  · H6CV+QV2 | Closed · Opens 10 am Thu","https://www.google.com/maps/place/Child+Welfare+Committee%27+office,+Lajpat+Nagar/data=!4m7!3m6!1s0x390ce3ac499d27b9:0x9d369f246d2340bc!8m2!3d28.5718823!4d77.2446313!16s%2Fg%2F11f_zzv8pb!19sChIJuSedSazjDDkRvEAjbSSfNp0?authuser=0&hl=en&g_ep=EgoyMDI2MDkyNy4xIJJjKgBIAVAD&rclk=1",NGO in Lajpat Nagar Delhi,0,0.0,0.0,0,No verified reviews found.
Youth For Seva,0.0,5,Youth For Seva | 5.0(5) | Social services organization · A-90 | ,https://www.google.com/maps/place/Youth+For+Seva/data=!4m7!3m6!1s0x390ce3005db30f65:0x5aa32ea4aa986f7!8m2!3d28.5706388!4d77.2395747!16s%2Fg%2F11wfk92bys!19sChIJZQ-zXQDjDDkR94apSuoyqgU?authuser=0&hl=en&g_ep=EgoyMDI2MDkyNy4xIJJjKgBIAVAD&rclk=1,NGO in Lajpat Nagar Delhi,1,5.0,0.49375,0,Its an NGO office Its very welcoming warm and friendly place. All are welcome to volunteer
Wagging Tales Foundation,0.0,9,"Wagging Tales Foundation | 3.7(9) | Non-profit organization · 3rd Floor, Market, C7 | Open · Closes 10 pm",https://www.google.com/maps/place/Wagging+Tales+Foundation/data=!4m7!3m6!1s0x390ce30dae5cc107:0x4cb1cb0d8e533b37!8m2!3d28.5617317!4d77.2428463!16s%2Fg%2F11qyfqj73r!19sChIJB8Fcrg3jDDkRNztTjg3LsUw?authuser=0&hl=en&g_ep=EgoyMDI2MDkyNy4xIJJjKgBIAVAD&rclk=1,NGO in Lajpat Nagar Delhi,5,3.4,0.21683333333333335,0,"I am not getting any contact details actually near mother diary 30 amar colony block E there are stray dogs and oneof the back dog got allergy and in severe condition if can guy can help please give him some treatment it wil be. Great help three dogs are there light brown colour dog, black and white female dog and black dog he is the one who needed the treatment also look that of other dogs have that allergy or only he has please help the needy one ||| Called to rescue an injured cat. Called 6 times but did not pick up the call ||| Excellent service, we are very happy and so is our dog. ||| Dogs are also living things.. like human.. ||| I tried to contact them via message and call to admit my stray dog. But no one check messages or call back. It is just like NGO asking for donations but dont do anything."
PAIGAM (People's Association in Grassroot Action and Movement),0.0,4,PAIGAM (People's Association in Grassroot Action and Movement) | 4.5(4) | Non-profit organization · E 55 | 090192 62718,https://www.google.com/maps/place/PAIGAM+%28People%27s+Association+in+Grassroot+Action+and+Movement%29/data=!4m7!3m6!1s0x390ce38674fa1a19:0xfbc92c8df4604b70!8m2!3d28.56124!4d77.243471!16s%2Fg%2F11j8pqzk1y!19sChIJGRr6dIbjDDkRcEtg9I0syfs?authuser=0&hl=en&g_ep=EgoyMDI2MDkyNy4xIJJjKgBIAVAD&rclk=1,NGO in Lajpat Nagar Delhi,1,5.0,0.78,0,Very very nice
BloodConnect,0.0,37,"BloodConnect | 4.3(37) | Non-governmental organization · H-19, Vaishno Devi Marg | ",https://www.google.com/maps/place/BloodConnect/data=!4m7!3m6!1s0x390d1df3a994515b:0x791142ca7dea6bad!8m2!3d28.5727228!4d77.2455846!16s%2Fg%2F1tgc7xr7!19sChIJW1GUqfMdDTkRrWvqfcpCEXk?authuser=0&hl=en&g_ep=EgoyMDI2MDkyNy4xIJJjKgBIAVAD&rclk=1,NGO in Lajpat Nagar Delhi,5,3.4,0.335,0,"Met the team today at hauz khaz metro station magenta line. During dan utsava its really a great work your team is doing. More power to you. ||| I am proud of you guys for the work that you do! Although you are college students but you guys are awesome! I got 3 corporate blood donation camps done by you and you were great. I really liked it and I would like to have more camps done by you. ||| Feedback on a conversation with BloodConnect POC in DelhiNCR I contacted her to get help sourcing a blood unit for my Nana ji who is in ICU in critical condition. On knowing that I required 1 unit of Ove blood group, she started berating me on how I should be reaching out to my friends family for blood and not be contacting her directly. While I understand her points would be valid, she had absolutely no empathy in the conversation. Needless to say, I dont want to be reaching out to associations which have zero empathy for people. ||| The address is wrong there is no contact number. there is something else running at the given address its sad atleast give a contact number. ||| BEST DECORATOR IN SOUTH DELHI WITH ALLMOST 100 SATISFACTION RATES IN THERE WORK AND HOSPITALITY SERVICES"
Samadhan Abhiyan,0.0,16,"Samadhan Abhiyan | 4.8(16) | Association / Organization · N-107., Greater Kailash, Part-1 | Open now · 0212 695 1962",https://www.google.com/maps/place/Samadhan+Abhiyan/data=!4m7!3m6!1s0x390ce249d276a58b:0xa9956c2afae2a068!8m2!3d28.5571696!4d77.2350588!16s%2Fg%2F11gdkpmc8g!19sChIJi6V20kniDDkRaKDi-ipslak?authuser=0&hl=en&g_ep=EgoyMDI2MDkyNy4xIJJjKgBIAVAD&rclk=1,NGO in Lajpat Nagar Delhi,4,5.0,0.6937500000000001,0,"Best NGO, works on child sexual abuse ||| Meet beautiful people around...everybody has different story to tell.... adds to you ||| Great NGO working for under previleged kids and females ||| Archana Agnihotri is a dedicated and great Lady"
Feminist Approach to Technology,0.0,13,"Feminist Approach to Technology | 4.8(13) | Non-governmental organization · #134, 3rd Floor | 011 4100 4951",https://www.google.com/maps/place/Feminist+Approach+to+Technology/data=!4m7!3m6!1s0x390ce3b1ca9a1933:0x417e39785d8e0d58!8m2!3d28.5676278!4d77.2490228!16s%2Fg%2F11b_2s67y3!19sChIJMxmayrHjDDkRWA2OXXg5fkE?authuser=0&hl=en&g_ep=EgoyMDI2MDkyNy4xIJJjKgBIAVAD&rclk=1,NGO in Lajpat Nagar Delhi,2,4.0,0.3125,0,awesome place for girls and women to learn and collaborate together on various technologies and keep up with them. ||| Small but meaningful impact they make
Satya jeevan leprosy society,0.0,8,Satya jeevan leprosy society | 4.6(8) | Hindu temple · H772+F7V | Open · Closes 10:30 pm · 088009 04327,https://www.google.com/maps/place/Satya+jeevan+leprosy+society/data=!4m7!3m6!1s0x390ce35cf476bd93:0x455e7fd0f45cb53d!8m2!3d28.5637417!4d77.2506613!16s%2Fg%2F11rr8b6h6l!19sChIJk7129FzjDDkRPbVc9NB_XkU?authuser=0&hl=en&g_ep=EgoyMDI2MDkyNy4xIJJjKgBIAVAD&rclk=1,NGO in Lajpat Nagar Delhi,4,4.25,0.09708333333333331,0,"This place is good for doing donation. Very well managed place. You can directly distribute the goods with your hands once you go there. They have about 70 laproscopy affected people. ||| Very crucial for those who are beneficiary.Great job by Some ngo to help mankind.Samarpan too is doing for upliftment of the underpdriviledged people.The place is very good. Need to work forcleaniness. ||| These poor people needs help, as there is no aid being provided by the Govt. ||| May be supported by people and Government"
Kaysan HR global Education Association,0.0,35,"Kaysan HR global Education Association | 4.3(35) | Education center · Branch Block, A 144 | Open 24 hours · 093122 86548",https://www.google.com/maps/place/Kaysan+HR+global+Education+Association/data=!4m7!3m6!1s0x390ce3ecb459138f:0xd030bdc742d0b0e5!8m2!3d28.562634!4d77.2491166!16s%2Fg%2F11hdvvqmh5!19sChIJjxNZtOzjDDkR5bDQQse9MNA?authuser=0&hl=en&g_ep=EgoyMDI2MDkyNy4xIJJjKgBIAVAD&rclk=1,NGO in Lajpat Nagar Delhi,4,3.5,0.15375,1,My visit visa not sure because of shiet of show money ..They shown a simple way and was done. ||| Very good experience with us and my daughter ||| Staff was unhelpful and rude. Heshe doesnt even want to help me in my admission ||| Very much satisfaction having medical information rhrough ur whats up message.
COHAS Community Centre,0.0,4,COHAS Community Centre | 4.0(4) | Non-profit organization · H792+73W | Closed · Opens 11 am Thu · 079827 07948,https://www.google.com/maps/place/COHAS+Community+Centre/data=!4m7!3m6!1s0x390ce30073e8f057:0x3e7cf4ab28a914e1!8m2!3d28.5683038!4d77.2502251!16s%2Fg%2F11wqw5nwp3!19sChIJV_DocwDjDDkR4RSpKKv0fD4?authuser=0&hl=en&g_ep=EgoyMDI2MDkyNy4xIJJjKgBIAVAD&rclk=1,NGO in Lajpat Nagar Delhi,1,5.0,0.18611111111111112,0,I visited the cohas community today and also celebrated Independence Day.. I enjoyed alot.. I also saw the hard work of the cohas team..
Kashmiri Samiti Delhi,0.0,59,Kashmiri Samiti Delhi | 3.8(59) | Association / Organization ·  · near kasmiri bhawan | Closed · Opens 9 am Thu · 011 2646 5280,https://www.google.com/maps/place/Kashmiri+Samiti+Delhi/data=!4m7!3m6!1s0x390ce3b46e9db565:0x61bb90c1673d44dd!8m2!3d28.5619055!4d77.2445681!16s%2Fg%2F12hqd5x3h!19sChIJZbWdbrTjDDkR3UQ9Z8GQu2E?authuser=0&hl=en&g_ep=EgoyMDI2MDkyNy4xIJJjKgBIAVAD&rclk=1,NGO in Lajpat Nagar Delhi,5,4.0,0.18644444444444444,0,"Undeniably, the staff here are extremely helpful, courteous, and amiable. Despite the horrendous genocidal ethnic cleansing history endured by the Kashmiri Pandit community, everyone working here inculcates a sense of compassionate empathy towards others. ||| It is a Delhi based Prime Organisation of Kashmiri Pandits that Projects the Cultural Ethos of said Community also renders Free help to Communitypersons in day to day Matters of Social,Cultural,Existential,Educational,Legal,Religious all other similar or Related ones.The Samiti Publishes a Cultural Journal called Koshur Samachar,which gives a deep glimpse of Kashmiri Value under present Changed Political Social Scenario.... ||| Good Place!!!! Just opposite the Arya Samaj Mandir. ||| A place belong to the kashmiri Hindus since 1962 after 1990 activities done here for kashmiri migrants.Koushur Samachar published from here for kashmiris.A samiti for kashmiri migrants working here for welfare of kashmiris.Members of samiti ||| This is an office for a NGO namely Kashmiri Samiti. They are a non profit organization and have their own publication periodical KAUSHUR SAMACHAR. They are chiefly involved with the upliftment of KASHMIRI society with verious projects which are self financed. After migration of original Kashmiris Hindu Pandits who refused to bow down to Pakistan sponsered radicalization fanatic Muslim Terroists, this Samiti was organised. They are working very well."
Navjivan Foundation,0.0,6,"Navjivan Foundation | 3.7(6) | Social services organization · 2nd Floor, Nazar Singh Place, 252, Plot No.-S-11 | 093137 48678",https://www.google.com/maps/place/Navjivan+Foundation/data=!4m7!3m6!1s0x390ce38e10394d49:0xa1919bccdb3f826b!8m2!3d28.5534037!4d77.2504917!16s%2Fg%2F11f6g1q2hc!19sChIJSU05EI7jDDkRa4I_28ybkaE?authuser=0&hl=en&g_ep=EgoyMDI2MDkyNy4xIJJjKgBIAVAD&rclk=1,NGO in Lajpat Nagar Delhi,2,3.0,-0.175,0,Certificate no. 015536 Posh Act ||| Its not a good clinic of physiotherapy.
BLISS FOUNDATION,0.0,1,"BLISS FOUNDATION | 5.0(1) | Corporate office · Ground Floor, Amar Colony Market, C-3 | 098738 99946",https://www.google.com/maps/place/BLISS+FOUNDATION/data=!4m7!3m6!1s0x390ce3b471162c57:0xee692564f4a2123a!8m2!3d28.5624555!4d77.2443067!16s%2Fg%2F11fzd0qsp0!19sChIJVywWcbTjDDkROhKi9GQlae4?authuser=0&hl=en&g_ep=EgoyMDI2MDkyNy4xIJJjKgBIAVAD&rclk=1,NGO in Lajpat Nagar Delhi,0,0.0,0.0,0,No verified reviews found.
Karma Points,0.0,43,"Karma Points | 4.7(43) | Charity · F9, Tower 15, NBCC Apts Rd | Closes soon · 6:30 pm · Opens 10 am Thu · 099587 46143",https://www.google.com/maps/place/Karma+Points/data=!4m7!3m6!1s0x390ce3f155e6148d:0xfa92ea882ea443ba!8m2!3d28.5720567!4d77.2139022!16s%2Fg%2F11sx__cq7v!19sChIJjRTmVfHjDDkRukOkLojqkvo?authuser=0&hl=en&g_ep=EgoyMDI2MDkyNy4xIJJjKgBIAVAD&rclk=1,NGO in Lajpat Nagar Delhi,5,5.0,0.32287157287157287,0,"I have been donating to ngos all my life, but one central challenge Ive always faced is, finding The right ngo, and if I am in a new city then the difficulty is all together on next level. A friend recommended me karma Points, and after spending my own sweet time on the website, studying about them, how they work and what kind of charities they work with, I felt, I finally landed up on a great search engine for charities. So if you too are looking to donate to an ngo, do spend some time in studying what this brand does. Cheers Nimit ||| It is simple to use and gives me ka large collection of charities to donate. The rewards are great as well. Looking forward to volunteering options in the future. ||| Super yoga really its worth for me bcz I have knee pain today I have no pain and energetic ||| Saurabh sir yoga session is very energetic, giving mental peace. ||| The company is doing some amazing work in the upcoming social tech space. Had a good experience while donating."
Friendicoes SECA,0.0,4338,"Friendicoes SECA | 3.9(4,338) | Veterinary care · No 271 & 273 | Open · Closes 9 pm · 011 3571 2939",https://www.google.com/maps/place/Friendicoes+SECA/data=!4m7!3m6!1s0x390ce25749c96d99:0x7f405001168814de!8m2!3d28.5807428!4d77.2390621!16s%2Fg%2F1thvf9my!19sChIJmW3JSVfiDDkR3hSIFgFQQH8?authuser=0&hl=en&g_ep=EgoyMDI2MDkyNy4xIJJjKgBIAVAD&rclk=1,NGO in Lajpat Nagar Delhi,5,1.8,0.04809523809523809,2,"I kindly request everyone not to blindly trust this place without knowing how the animals are treated. Based on my personal experience, the vet here was unqualified and lack experience. We lost 3 cats after they received treatment, and upon investigation, the medicines and treatment given to them made their condition much worse instead of helping them recover. It was a heartbreaking experience for us. If your pet needs medical care, I strongly recommend visiting a qualified and experienced veterinary hospital instead. ||| Visited Friendicoes SECA and had a belowaverage experience. While the organization does important work for animal welfare, the onground ||| I am writing this to warn all pet owners about a terrible experience I had with my dog at Friendicoes hospital. If anyone ever asks me which is the worst hospital, I will say Friendicoes without a second thought. Action should be taken against them. A few days ago, my dog had fitsदरwe took him to Friendicoes. The doctor gave medicines, but after 15 days my dogs back legs stopped working. When we went back, they told us to stop the fits दर medicine and charged a lot of money 600 just for giving an injection, even though I had already bought the injection myself. They also did an Xray and blood tests which already cost 1800, and still told us to pay 3600 more for further tests to find the problem. Thank God I stayed calm, because they were also saying my dog would never recover. We consulted another doctor, and thanks to him, my baby is now better and we were given hope. We are extremely thankful to Pet Vet Clinic, Devli, and the doctor for saving our dogs life. Because of their proper treatment and care, our baby is now healthy again. We highly recommend everyone to visit this clinic he is truly the best doctor Friendicoes This is the worst hospital. The doctors here only care about money and nothing else. You can lose your healthy pet by bringing them here. Never take your dog here this place is a total scam. ||| Today I visited this dog hospital and paid 100 as a consultation fee. Unfortunately, the experience was extremely disappointing and unprofessional. ||| Its Cheap, vets are always available, clean and well sanitized. But as because its a very busy clinic and the footfall is also good due to that the vets give very less time to each pet."
I Can Hear Foundation,0.0,0,"I Can Hear Foundation | No reviews | Non-profit organization · G32 (LGF), Lajpat Nagar III New Delhi 110024 INDIA | Closes soon · 6 pm · Opens 10 am Thu · 011 4608 5245",https://www.google.com/maps/place/I+Can+Hear+Foundation/data=!4m7!3m6!1s0x390ce24d72f073a1:0xc27cdedebb34aec8!8m2!3d28.5667014!4d77.2382304!16s%2Fg%2F11g020b097!19sChIJoXPwck3iDDkRyK40u97efMI?authuser=0&hl=en&g_ep=EgoyMDI2MDkyNy4xIJJjKgBIAVAD&rclk=1,NGO in Lajpat Nagar Delhi,0,0.0,0.0,0,No verified reviews found.
Transparency International India,0.0,10,"Transparency International India | 4.5(10) | Non-governmental organization · Moolchand metro station, 4, Lajpat Bhawan (GateNo 2 | Closed · Opens 10:15 am Thu · 011 2623 2323",https://www.google.com/maps/place/Transparency+International+India/data=!4m7!3m6!1s0x390ce24c0813ffff:0xf218206ebb66e7c!8m2!3d28.5642859!4d77.2369229!16s%2Fg%2F11c5ns30j6!19sChIJ__8TCEziDDkRfG626waCIQ8?authuser=0&hl=en&g_ep=EgoyMDI2MDkyNy4xIJJjKgBIAVAD&rclk=1,NGO in Lajpat Nagar Delhi,3,5.0,0.5111111111111111,0,Great Work in last 20 years... Moolchand Metro .. Provide legal advice on corruption and govt issues... ||| Amazing I can get ur matter solved here ||| Its a nice place
GeoHazards Society,0.0,7,"GeoHazards Society | 5.0(7) | Non-profit organization · 71- Basement, GeoHazards Society | Closed · Opens 9 am Thu · 011 4650 9848",https://www.google.com/maps/place/GeoHazards+Society/data=!4m7!3m6!1s0x390ce3b1b4d5bdb3:0x2af99e3534072015!8m2!3d28.566872!4d77.249543!16s%2Fg%2F1td1hc81!19sChIJs73VtLHjDDkRFSAHNDWe-So?authuser=0&hl=en&g_ep=EgoyMDI2MDkyNy4xIJJjKgBIAVAD&rclk=1,NGO in Lajpat Nagar Delhi,3,5.0,0.25555555555555554,0,"Got evaluation, consultation and staff training for a hospitality project with them. Very thorough professionals. Totally recommended. ||| Doing exceptional work in the disaster preparedness field ||| Welcoming place for Disaster Risk Management!!"
Alliance for an Energy Efficient Economy,0.0,28,"Alliance for an Energy Efficient Economy | 4.5(28) | Non-profit organization · Ground Floor, 37, Link Road, Block A, Lajpat Nagar III, 37, Link Rd | Closes soon · 6 pm · Opens 9 am Thu · 011 4056 7344",https://www.google.com/maps/place/Alliance+for+an+Energy+Efficient+Economy/data=!4m7!3m6!1s0x390ce26dc61a74ab:0xafc11c96a04a2ba6!8m2!3d28.5686591!4d77.2357566!16s%2Fg%2F11c58ncr34!19sChIJq3Qaxm3iDDkRpitKoJYcwa8?authuser=0&hl=en&g_ep=EgoyMDI2MDkyNy4xIJJjKgBIAVAD&rclk=1,NGO in Lajpat Nagar Delhi,3,4.333333333333333,0.8033333333333333,0,A great office that does justice to their name and epitomises energy efficient workplaces. ||| This place was very good but somhow its quit ||| Doing good work for the country
India HIV/AIDS Alliance (Alliance India),0.0,54,"India HIV/AIDS Alliance (Alliance India) | 4.6(54) | Non-profit organization · Zuari House, 6 | Closed · Opens 9 am Thu · 011 4536 7700",https://www.google.com/maps/place/India+HIV%2FAIDS+Alliance+%28Alliance+India%29/data=!4m7!3m6!1s0x390ce334321cdb31:0xfad769662a066e8!8m2!3d28.5556143!4d77.2385844!16s%2Fg%2F11f00s1tds!19sChIJMdscMjTjDDkR6GagYpZ2rQ8?authuser=0&hl=en&g_ep=EgoyMDI2MDkyNy4xIJJjKgBIAVAD&rclk=1,NGO in Lajpat Nagar Delhi,5,4.8,0.5061666666666667,0,Terrace is very nice particularly in winter ||| A hub for all HIVAIDS activities in the country.. Its a community... ||| Helpful and polite staff You guys are doing awesome job LGBTQIA friendly ||| Very good job ||| Ngo good work is good project and my important community work is help my interesting rural areas it community aweirness program
Lajpat Bhawan Auditorium,0.0,855,Lajpat Bhawan Auditorium | 4.2(855) | Auditorium ·  · H67M+6X3 | 011 4621 9944,https://www.google.com/maps/place/Lajpat+Bhawan+Auditorium/data=!4m7!3m6!1s0x390ce24c1d256273:0x4b600560ac11e1f9!8m2!3d28.5630206!4d77.234929!16s%2Fg%2F11g66sdcyn!19sChIJc2IlHUziDDkR-eERrGAFYEs?authuser=0&hl=en&g_ep=EgoyMDI2MDkyNy4xIJJjKgBIAVAD&rclk=1,NGO in Lajpat Nagar Delhi,5,4.8,0.39,0,"Good auditorium. Seats are big and comfortable. Huge parking lot. Approx 400 seats. ||| Top airconditioned hall wid 240 seats.green room n free parking.next to moolchand metro ||| Buy freshly hand ground masalas, unpolished days and such from here. All done by women dedicated to this cause. ||| Good Spacious Auditorium With Ac and Car Parking Services , Good Events Takes place here , But a Prebooking Is needed . ||| Really good quiet place with all kinds of treatment at reasonable rates.. naturopathy and ayurveda treatment with modern medicine facility as well. Has a spice shop, book shop and juice corner as well."
IPE Global Limited,0.0,243,IPE Global Limited | 4.1(243) | Corporate office ·  · B-84 | Closes soon · 6 pm · Opens 9 am Thu · 011 4075 5900,https://www.google.com/maps/place/IPE+Global+Limited/data=!4m7!3m6!1s0x390ce25b18e7fa87:0x8810dd186178a9da!8m2!3d28.568591!4d77.2260595!16s%2Fg%2F11b5phmst9!19sChIJh_rnGFviDDkR2ql4YRjdEIg?authuser=0&hl=en&g_ep=EgoyMDI2MDkyNy4xIJJjKgBIAVAD&rclk=1,NGO in Lajpat Nagar Delhi,5,4.6,0.3429613553113553,0,"Phenomenal organisation, Has a true cause to serve Our country, filled with very creative and outstanding individuals ,we got an opportunity to pay a visit. It was a true delight.. ||| The main location of IPE sits prominently along Bhismphita Marg, near Kotla Andrews Gang in South Delhi, but parking poses a significant challenge. Despite limited space, the area is thoughtfully utilized as a workspace and meeting venue. A cafeteria on the top floor serves simple lunche. During meetings, the quality of the served tea and coffee is exceptional. IPE, an international NGO, operates projects worldwide and across India in education, health, infrastructure, and other sectors. Collaborating with esteemed bodies like the Government of India, NITI Aayog, UNICEF, and various development partners adds to its extensive portfolio. ||| IPE Global, Excellent office in terms of work space. The company working with diffrent type of sectors Urban Reforms, Infrastructure, Education, Tourism, Environment, Livelihood, Rural community Development, Sanitation etc. Company started 17 year ago and now become a very good company in the market. ||| Located in Defence Colony, it is near to South Ex. The nearest metro station is AIIMS while the nearest bus stop is Andrews Ganj if you are coming from Lajpat Nagar side. ||| Great place! Amazing ambiance! Fun people! Very welcoming"
Shri Shani Dham Navgrah Mandir,0.0,21,Shri Shani Dham Navgrah Mandir | 4.4(21) | Hindu temple · H6GR+CXH | Open · Closes 9 pm · 081785 30575,https://www.google.com/maps/place/Shri+Shani+Dham+Navgrah+Mandir/data=!4m7!3m6!1s0x390ce3ab176f9cc3:0x41a9ab1e96512a9e!8m2!3d28.576067!4d77.2424692!16s%2Fg%2F1pp2tz2zf!19sChIJw5xvF6vjDDkRnipRlh6rqUE?authuser=0&hl=en&g_ep=EgoyMDI2MDkyNy4xIJJjKgBIAVAD&rclk=1,NGO in Lajpat Nagar Delhi,5,4.0,0.17485714285714285,0,AVery best temple for nearby temple also provide the gaushala and people and pujaris are very helpful they also do puja with a huge crowd of people and they also do puja of cow as cow us our mata no one want to go back from the temple and people they found needy and poor they gave them charity and they also runs a NGO and while entering the temple there is a huge idol of Hanuman and they also have a shanidham speartly ||| the owners family gave me a ride back home! ||| Good place not bad also good locality clean place and full of prayer ||| Its in Hanuman mandir itself ||| Large hanuman statue
AAP International,0.0,1,AAP International | 4.0(1) | Non-profit organization · 29 | 098110 34812,https://www.google.com/maps/place/AAP+International/data=!4m7!3m6!1s0x390ce3c9021fbde1:0xdb82095bfdd8ef20!8m2!3d28.5547671!4d77.2484718!16s%2Fg%2F11g6rmcn_b!19sChIJ4b0fAsnjDDkRIO_Y_VsJgts?authuser=0&hl=en&g_ep=EgoyMDI2MDkyNy4xIJJjKgBIAVAD&rclk=1,NGO in Lajpat Nagar Delhi,0,0.0,0.0,0,No verified reviews found.
FIAPO (Federation of Indian Animal Protection Organisations),0.0,22,"FIAPO (Federation of Indian Animal Protection Organisations) | 4.7(22) | Corporate office · A, 86 | Closes soon · 6:30 pm · Opens 10 am Thu · 011 4107 2945",https://www.google.com/maps/place/FIAPO+%28Federation+of+Indian+Animal+Protection+Organisations%29/data=!4m7!3m6!1s0x390ce3b55bef77f5:0x7796fff8850d3261!8m2!3d28.5572945!4d77.2497497!16s%2Fg%2F11f3x7pz5m!19sChIJ9XfvW7XjDDkRYTINhfj_lnc?authuser=0&hl=en&g_ep=EgoyMDI2MDkyNy4xIJJjKgBIAVAD&rclk=1,NGO in Lajpat Nagar Delhi,5,4.8,0.30532467532467533,0,"Best Organization in India which is making leaders. FIAPO has helped various cities to to start with vegan awareness program. They time to time send stuff of activities, leaflets, TShirts to support activists around the country. Im from Nagpur and Nagpur has been benefited a lot from FIAPO. Thanks and Kudos to you FIAPO. ||| FIAPO Federation of Indian Animal Protection Organisations is Indias leading animal protection body. As a collective voice for the animal protection community in India, FIAPO unites ||| Im an Interior Designing student from APIED which is loacted in Anand, Gujarat and i m studying on corporate sector. In which i am designing a office for NGO and for that i had selected FIAPO for case study. I am willing to know about the company and its working style. Hope to get a worth reply by the respected authority. ||| The Organisation Is Doing A Really Great Work With Fresh Ideas And Always Ready To Accept New Creative Ideas. Office Place Is Really Good And Properly Maintained. ||| Amazing experience with amazing group of people having dedication for stray animals. None can form a view until they meet them and get to know those way of working for welfare of the innocent untalkables..."
UNICEF,0.0,474,"UNICEF | 4.5(474) | Non-profit organization ·  · Near, Lodhi Rd, Near 73 | Closed · Opens 8:30 am Thu · 011 2469 0401",https://www.google.com/maps/place/UNICEF/data=!4m7!3m6!1s0x390cfd309eebed77:0x5a24156b4c014fbf!8m2!3d28.5917999!4d77.2231143!16s%2Fg%2F1td7rkz5!19sChIJd-3rnjD9DDkRv08BTGsVJFo?authuser=0&hl=en&g_ep=EgoyMDI2MDkyNy4xIJJjKgBIAVAD&rclk=1,NGO in Lajpat Nagar Delhi,5,2.2,-0.050619047619047605,1,"Somewhat disappointed that I couldnt meet anyone regarding a unique project concerning the psychological, emotional, and mental health of children. But, thats the system they follow and I respect that. Still... ||| I had a very uncomfortable experience at Miraj Cinemas recently. Two people approached me inside the premises and started forcing me to donate money for UNICEF. It felt very pushy and inappropriate, especially in a place where I came just to enjoy a movie. Donations should always be voluntary, not forced through pressure. This left a bad impression of both the organization and the cinema for allowing such aggressive fundraising inside. ||| I am big time into donating. Back in 2021, I donated some amount to UNICEF as I was approached by a smart talker from the organisation at a mall. I didnt even think twice before contributing. However, I strongly believes that UNICEF sells ||| Very bad experience. Pls dont share your phone number or address with them and never add mandate from their website. It is very difficult to cancel the mandate once it is done. They manipulate people and dont entertain when you want to cancel subscription. Stop calling yourself social service and call it business. ||| Very neat n clean place in the NDMC area Lodi Road. Entry is very restricted... UNICEF is UN s wing in Delhi, India ."
Indian Handloom,0.0,10,"Indian Handloom | 4.6(10) | Bridal shop · A-10, Firoz Gandhi Marg | Open · Closes 9 pm · 098182 77762",https://www.google.com/maps/place/Indian+Handloom/data=!4m7!3m6!1s0x390ce3ad0fffffff:0xfc22faee2b92876a!8m2!3d28.5698703!4d77.2385111!16s%2Fg%2F1v62g0pf!19sChIJ____D63jDDkRaoeSK-76Ivw?authuser=0&hl=en&g_ep=EgoyMDI2MDkyNy4xIJJjKgBIAVAD&rclk=1,NGO in Lajpat Nagar Delhi,4,4.75,0.5742578125,0,"Very beautiful place to get good quality Indian designer suits for womenladies. highly recommended. The shop is located at lower ground floor near metro gate number 5. ||| I visited Indian Handloom to buy a saree for a Diwali Function. I was amazed to see the collection at the showroom. They have all kinds of sarees in different range that gives you an opportunity to chose the best in your budget. Loved the way they treat their customers. One feels the warmth and that enriches the experience of shopping. This place has now become my go to place for shopping. Highly recommended!!!! ||| Great material , prompt service with smile. Its best place for dress material n sarees. ||| Good variety, friendly staff and suits your pocket too. Recommended!"
SpHear - Speech & Hearing Clinic Delhi,0.0,444,"SpHear - Speech & Hearing Clinic Delhi | 4.8(444) | Speech & Hearing Specialist ·  · G32, (Basement), Lajpat Nagar III | Closes soon · 6 pm · Opens 10 am Thu · 098718 00222",https://www.google.com/maps/place/SpHear+-+Speech+%26+Hearing+Clinic+Delhi/data=!4m7!3m6!1s0x390ce3ad0fffffff:0x39208356a9dd738!8m2!3d28.5666711!4d77.2381825!16s%2Fg%2F1tcy2p40!19sChIJ____D63jDDkRONedajUIkgM?authuser=0&hl=en&g_ep=EgoyMDI2MDkyNy4xIJJjKgBIAVAD&rclk=1,NGO in Lajpat Nagar Delhi,5,5.0,0.36771818181818183,0,"I came here after consulting Dr. Ameet Kishore and it was the best decision till now. They did preliminary audio tests, some of which were not done even once by my old doctor. I got a new pair of hearing aids customised to my needs. 1010 service. Highly recommended. ||| My daughter just she started to take speech therapy, but I met other parents whom there children are already good speaking after therapies, I am happy too for them and for my baby to speak as there children, i am expecting the same service. ||| I had the best experience during guidance provided by Dr. Priyanka Sharma of SpHear clinic for my child who was not able to utter words and needed counselling . The hands on approach and guidance provided by Dr. Priyanka during sessions has made immediate impact by way of eye contact , forming words , confidence and solving puzzles. I sincerely thanks Dr. Neevita Narayan for her guidance .Staff is very cooperative . ||| Sphear clinic is the best clinic for speech as well as for diagnosis.we have do bera test from here.reports is very accurate as compared to other clinic .thanks to Dr Neevita mam and his staff members.who is always supportive. For me and ||| As I am 83 years old, feeling very well after using hearing aid. My life has become easier now, I am very satisfied as Services are prompt and excellent from the Clinic. Thank you very much SpHear."
HSTP - Health Systems Transformation Platform,0.0,9,"HSTP - Health Systems Transformation Platform | 4.7(9) | Non-profit organization · All india sikh federation hall, Kalka Devi Marg | Closed · Opens 9:30 am Thu · 011 6132 6500",https://www.google.com/maps/place/HSTP+-+Health+Systems+Transformation+Platform/data=!4m7!3m6!1s0x390d1d840bf73cf9:0xe3e003f8b822585e!8m2!3d28.5591214!4d77.2403094!16s%2Fg%2F11lgksbtlz!19sChIJ-Tz3C4QdDTkRXlgiuPgD4OM?authuser=0&hl=en&g_ep=EgoyMDI2MDkyNy4xIJJjKgBIAVAD&rclk=1,NGO in Lajpat Nagar Delhi,0,0.0,0.0,0,No verified reviews found.
Angaja Foundation,0.0,0,"Angaja Foundation | No reviews | Foundation · D 298, Chandan Vithi Rd | 24692612",https://www.google.com/maps/place/Angaja+Foundation/data=!4m7!3m6!1s0x390ce2512fb43589:0xb3cad5043e4aaabe!8m2!3d28.5726334!4d77.2325101!16s%2Fg%2F11f1k04kpl!19sChIJiTW0L1HiDDkRvqpKPgTVyrM?authuser=0&hl=en&g_ep=EgoyMDI2MDkyNy4xIJJjKgBIAVAD&rclk=1,NGO in Lajpat Nagar Delhi,0,0.0,0.0,0,No verified reviews found.
Unnati Consultancy Services Private Limited,0.0,23,"Unnati Consultancy Services Private Limited | 3.6(23) | Legal services · First Floor, II-A/91-B | Closes soon · 6:30 pm · Opens 9 am Thu · 097164 30937",https://www.google.com/maps/place/Unnati+Consultancy+Services+Private+Limited/data=!4m7!3m6!1s0x390cfcad1f3fffdf:0xd72d62544d935ec0!8m2!3d28.570345!4d77.2397832!16s%2Fg%2F11bvqh6qg_!19sChIJ3_8_H638DDkRwF6TTVRiLdc?authuser=0&hl=en&g_ep=EgoyMDI2MDkyNy4xIJJjKgBIAVAD&rclk=1,NGO in Lajpat Nagar Delhi,5,3.4,0.27377380952380953,1,"Highly unprofessional behaviour, its been 5 years my trademark is in objection. Dont trust what they say specially beware of employee name Barkha. ||| We had a fantastic experience with Unnati Consultancy Services! They handled our GST and trademark registration smoothly and efficiently, making the entire process stressfree. Their team was highly knowledgeable, responsive, and provided clear guidance at every step. The service was quick, and we received our approvals without any hassle. We highly recommend them to anyone in need of legal and compliance services! ||| The Unnati Consultancy team has been handling our GST filings for over a year and has also assisted us with both GST and trademark registration. Our experience with them has been fantastic! They are highly responsive, provide clear ||| A big no for this company, I am writing this feedback after so much of frustration from this company. This company has no ethical values towards their customers. They dont understand customer prob, they have their own reason to not to complete their work properly. I invested my money and time but there is no use of because they have no ans for their failure work. ||| Highly professional and knowledgeable team. Their advice led to remarkable growth !!"
(CRS New Delhi)Catholic Relief Services,0.0,51,"(CRS New Delhi)Catholic Relief Services | 3.9(51) | Non-profit organization · 2nd Floor, 40, Zuari House | Closed · Opens 9 am Thu",https://www.google.com/maps/place/%28CRS+New+Delhi%29Catholic+Relief+Services/data=!4m7!3m6!1s0x390ce3002ba4772b:0xc2178ff77a75b10a!8m2!3d28.5556143!4d77.2385844!16s%2Fg%2F11vqdhgmc4!19sChIJK3ekKwDjDDkRCrF1evePF8I?authuser=0&hl=en&g_ep=EgoyMDI2MDkyNy4xIJJjKgBIAVAD&rclk=1,NGO in Lajpat Nagar Delhi,3,4.0,0.14444444444444446,0,They do a great job in the service of humanity. ||| Looks like a social place. ||| Working for poor community
BIPS Systems Limited,0.0,22,BIPS Systems Limited | 4.0(22) | Computer support and services · E-261 | Closed · Opens 9 am Thu · 011 2648 3817,https://www.google.com/maps/place/BIPS+Systems+Limited/data=!4m7!3m6!1s0x390ce3b173910a89:0xf3b16171a0b07b16!8m2!3d28.5592865!4d77.2413647!16s%2Fg%2F1tdytrbv!19sChIJiQqRc7HjDDkRFnuwoHFhsfM?authuser=0&hl=en&g_ep=EgoyMDI2MDkyNy4xIJJjKgBIAVAD&rclk=1,NGO in Lajpat Nagar Delhi,3,3.3333333333333335,0.09074074074074075,0,"THEY ONLY PROVIDE SERVICE FOR ACER PRODUCTS WHOSE WARRANTY HAS BEEN EXPIRED. BUT THE ACER CUSTOMER CARE SAYS THEY PRIVE SERVICES. DONT WASTE TIME HERE GO TO NEHRU PLACE, SKYLARK BUILDING, FLOOR NO1 FOR ACER SERVICE CENTRE. ||| Parking is available easily and easy access ||| Strange business proposition in Irrigation."
Nayee Seher NGO,0.0,2,Nayee Seher NGO | 5.0(2) | Non-profit organization | Open 24 hours · 078389 95809,https://www.google.com/maps/place/Nayee+Seher+NGO/data=!4m7!3m6!1s0xa33bebfe5e268079:0x18e54c3297c34b80!8m2!3d28.6440837!4d77.0932314!16s%2Fg%2F11m5cq9lhs!19sChIJeYAmXv7rO6MRgEvDlzJM5Rg?authuser=0&hl=en&g_ep=EgoyMDI2MDkyNy4xIJJjKgBIAVAD&rclk=1,NGO in Lajpat Nagar Delhi,1,5.0,0.5857142857142857,0,Great Ngo Working for noble cquse specially for kudz. and wpmen
CURE India,0.0,83,CURE India | 5.0(83) | Non-profit organization ·  · A-30 | Closed · Opens 9 am Thu · 088000 20500,https://www.google.com/maps/place/CURE+India/data=!4m7!3m6!1s0x390ce3b6652a7e77:0x7132d5cfbcc810a2!8m2!3d28.5550254!4d77.2119834!16s%2Fg%2F11p775jng3!19sChIJd34qZbbjDDkRohDIvM_VMnE?authuser=0&hl=en&g_ep=EgoyMDI2MDkyNy4xIJJjKgBIAVAD&rclk=1,NGO in Lajpat Nagar Delhi,5,5.0,0.43219047619047624,0,"Such a great place for learning and experience ||| Its a grate experience Good place very granary and flowers Very peaceful place and persons ||| It was very nice place ||| Super humans team lead by Santosh ji so much Dedicated to the cause bring children with club foot back to Main stream really salute them, till the time I went there I had no idea that such a issue exists and the numbers are alarming ||| Excellent Social Work. Free treatment of Club Foot available Pan India."
Sangath,0.0,7,Sangath | 4.1(7) | Non-governmental organization · J18 | Permanently closed,https://www.google.com/maps/place/Sangath/data=!4m7!3m6!1s0x390ce3b2c15fd4a3:0x387d4b10164ee4a3!8m2!3d28.5665421!4d77.2416815!16s%2Fg%2F11c48nt_4f!19sChIJo9RfwbLjDDkRo-ROFhBLfTg?authuser=0&hl=en&g_ep=EgoyMDI2MDkyNy4xIJJjKgBIAVAD&rclk=1,NGO in Lajpat Nagar Delhi,0,0.0,0.0,0,No verified reviews found.
Score Foundation,0.0,15,"Score Foundation | 4.5(15) | Foundation · 17/107, Lower Ground Floor, Lajpat Nagar 4 | Temporarily closed · 011 4160 0330",https://www.google.com/maps/place/Score+Foundation/data=!4m7!3m6!1s0x390ce21430000001:0x25da3d1b6d8922cc!8m2!3d28.563567!4d77.2376629!16s%2Fg%2F1td03f6q!19sChIJAQAAMBTiDDkRzCKJbRs92iU?authuser=0&hl=en&g_ep=EgoyMDI2MDkyNy4xIJJjKgBIAVAD&rclk=1,NGO in Lajpat Nagar Delhi,2,5.0,0.49374999999999997,0,I had a good experience there I was coming for receiving training on eyeway help desk counselor ||| Very polite and friendly team.
Laxmi Foundation,0.0,22,Laxmi Foundation | 4.5(22) | Research foundation · B-75 | Temporarily closed · 075030 30433,https://www.google.com/maps/place/Laxmi+Foundation/data=!4m7!3m6!1s0x390ce2530c22cba5:0x62dfc41d7741ebfa!8m2!3d28.571971!4d77.238097!16s%2Fg%2F11b5qg_6jn!19sChIJpcsiDFPiDDkR-utBdx3E32I?authuser=0&hl=en&g_ep=EgoyMDI2MDkyNy4xIJJjKgBIAVAD&rclk=1,NGO in Lajpat Nagar Delhi,5,4.2,0.04785714285714286,0,"Never forget how swiftly this life will be over, like a flash of summer lightning or the wave of a hand. Now that you have the opportunity to practice dharma, do not waste a single moment on anything else. Dilgo Khyentse ||| I want siddha rudrakha of nashik plz help me. ||| Osm Laxmi aggarwal Powerful girl ||| Wrong map location for Laxmi Foundation! Does not exist ||| honestly serving the acid victims in challenging conditions"
Motherland International Foundation,0.0,1,Motherland International Foundation | 5.0(1) | Charity · B-167 | Temporarily closed · 070423 38918,https://www.google.com/maps/place/Motherland+International+Foundation/data=!4m7!3m6!1s0x390ce3ad5f45af7b:0x3878df86f78e308c!8m2!3d28.5683786!4d77.2416464!16s%2Fg%2F11kfb576r_!19sChIJe69FX63jDDkRjDCO94bfeDg?authuser=0&hl=en&g_ep=EgoyMDI2MDkyNy4xIJJjKgBIAVAD&rclk=1,NGO in Lajpat Nagar Delhi,0,0.0,0.0,0,No verified reviews found.
Going to School,0.0,21,Going to School | 4.5(21) | Non-governmental organization · E-18A Second Floor | Temporarily closed · 011 4021 4754,https://www.google.com/maps/place/Going+to+School/data=!4m7!3m6!1s0x390ce2352ae0b779:0xd373c71b7a5b949e!8m2!3d28.5572202!4d77.2414432!16s%2Fg%2F11bw_6g68y!19sChIJebfgKjXiDDkRnpRbehvHc9M?authuser=0&hl=en&g_ep=EgoyMDI2MDkyNy4xIJJjKgBIAVAD&rclk=1,NGO in Lajpat Nagar Delhi,4,4.0,0.35486111111111107,0,"Hard to find from a distance, but a good place, be aware of dogs. ||| Its good place to help children ||| Because, going to school learn more for many things ||| Children education convent school"
BOSCO Refugee Assistance Programme A BOSCO UNHCR Initiative,0.0,42,"BOSCO Refugee Assistance Programme A BOSCO UNHCR Initiative | 4.0(42) | Social services organization ·  · 1, 1/6A, Temple Rd | Temporarily closed · 011 2437 7911",https://www.google.com/maps/place/BOSCO+Refugee+Assistance+Programme+A+BOSCO+UNHCR+Initiative/data=!4m7!3m6!1s0x390ce307ef64263d:0x2345e1126787a0d7!8m2!3d28.5816167!4d77.2511774!16s%2Fg%2F11c32fhpqb!19sChIJPSZk7wfjDDkR16CHZxLhRSM?authuser=0&hl=en&g_ep=EgoyMDI2MDkyNy4xIJJjKgBIAVAD&rclk=1,NGO in Lajpat Nagar Delhi,5,3.8,0.3717532467532468,0,"DEAR My name is subhdeep singh and I will soon be 25 years old and I live in India and the capital is in Ludhiana and I live there with my family. I have a big situation because my mother and my brothers beat me for no reason. I am very frustrating and anxious because I have never had a job and am always at home with my parents. I have a boyfriend who is in Canada and my family does not know that I am gay because I am hiding from my family so and I support as soon as possible a refugee but it is impossible because my parents make me up. Its just because Im deaf and I dont have the opportunity to have a good time in life because my mother doesnt care at all like if other people get mad or hit me. My mother doesnt care if I get hurt or anything like that... so Im very unhappy living with my family. And I wasnt allowed to travel to Canada for a visit there and my family had called his brother and brothers wife and they dont care much, Im not allowed to travel anywhere and I have to stay at home for the rest of my life.. thats why Im applying to you as an opportunity to get help moving to Canada or Uk so that they would help me send to asylum and get protection Subhdeep Singh ||| Best place for refugees and asylum seekers. ||| This supposed place is a partner with UNHCR to provide services and assistance to refugees, but unfortunately it does not cooperate with asylum seekers ||| best center for refugees and asylum seekers ||| Best place for refugees"
GlobalPathFields,0.0,0,"GlobalPathFields | No reviews | Non-profit organization · a 75, 1, Block A Lajpat Nagar 1 Rd | Temporarily closed",https://www.google.com/maps/place/GlobalPathFields/data=!4m7!3m6!1s0x390ce24c4fffffff:0xaeb886b73c08f307!8m2!3d28.57419!4d77.2391439!16s%2Fg%2F11j2_ff7r2!19sChIJ____T0ziDDkRB_MIPLeGuK4?authuser=0&hl=en&g_ep=EgoyMDI2MDkyNy4xIJJjKgBIAVAD&rclk=1,NGO in Lajpat Nagar Delhi,0,0.0,0.0,0,No verified reviews found.
Sai Milan Mandir,0.0,33,"Sai Milan Mandir | 4.0(33) | Hindu temple · Jal Vihar Road, near Himnani Public School | Temporarily closed · 098918 88176",https://www.google.com/maps/place/Sai+Milan+Mandir/data=!4m7!3m6!1s0x390ce3abe4f8bb29:0x7f1fff5b209d8f14!8m2!3d28.5753382!4d77.2456729!16s%2Fg%2F11cjgjpsm5!19sChIJKbv45KvjDDkRFI-dIFv_H38?authuser=0&hl=en&g_ep=EgoyMDI2MDkyNy4xIJJjKgBIAVAD&rclk=1,NGO in Lajpat Nagar Delhi,3,5.0,0.2588888888888889,0,Hindu religion temple that runs an NGO for government schools as they supply food as mid day meal and also helps the needy and poor persons . Very religious atmosphere ||| Very Good Temple to visit . ||| Om Sai Ram
Pratham Education,0.0,0,"Pratham Education | No reviews | Educational consultant · IInd floor, C-26, Main Market | Temporarily closed · 088002 28494",https://www.google.com/maps/place/Pratham+Education/data=!4m7!3m6!1s0x390ce24c4fffffff:0x9d7f1fbdb1d3f84e!8m2!3d28.5642859!4d77.2369229!16s%2Fg%2F11csczyf46!19sChIJ____T0ziDDkRTvjTsb0ff50?authuser=0&hl=en&g_ep=EgoyMDI2MDkyNy4xIJJjKgBIAVAD&rclk=1,NGO in Lajpat Nagar Delhi,0,0.0,0.0,0,No verified reviews found.
Bal Sahyog,0.0,234,"Bal Sahyog | 4.4(234) | Social services organization ·  · Market, L Block | Closed · Opens 9 am Thu · 011 2341 1273",https://www.google.com/maps/place/Bal+Sahyog/data=!4m7!3m6!1s0x390cfd36fe208685:0x377013c174377087!8m2!3d28.6348677!4d77.2221763!16s%2Fg%2F1vzqqn49!19sChIJhYYg_jb9DDkRh3A3dMETcDc?authuser=0&hl=en&g_ep=EgoyMDI2MDkyNy4xIJJjKgBIAVAD&rclk=1,NGO in Connaught Place Delhi,5,5.0,0.052449494949494954,0,"Bal Sahyogs Work Child Welfare Bal Sahyog operates as an orphanage and provides various services for children, including education and rehabilitation. Education The organization runs Bal Sahyog Middle School in Connaught Place, which has received positive feedback for its faculty and facilities. Training The Bal Sahyog Centre in Ashram focuses on providing training services, particularly in computer skills. Community Engagement Reviews on Justdial also indicate that Bal Sahyog engages with the community by organizing events like dental checkup camps and celebrations with the children. ||| Bal Sahyog was founded by late Prime Minister, Smt. Indira Gandhi in 1954, for the care and protection of orphan, helpless, abandoned and neglected children. Prime Minister of India is the Patron of Bal Sahyog. It is a Childrens World ||| Bal Sahyog Foundation is a nonprofit organization dedicated to the welfare of children, striving to create a nurturing environment for their growth and development. Through various initiatives and programs, the foundation aims to support vulnerable children, providing them with essential resources and opportunitie. The organization works towards ensuring that every child, regardless of their background,Bal Sahyog Foundations support. The organization conducts health camps, provides medical care, and promotes overall wellbeing among children. By addressing healthcare needs, the foundation contributes to building healthy communities and ensuring the physical and mental wellbeing of every child under its care. Thank you so much support me ||| I felt truly privileged to visit Bal Sahyog and spend time with the children there. Interacting with them, listening to their stories, dreams, and future goals was a deeply humbling and hearttouching experience. Their positivity, curiosity, and determination were genuinely inspiring. ||| Bal Sahyog, located in Connaught Place, Delhi, is an NGO that receives positive reviews for its work with children, particularly its orphanage and educational programs. Reviewers often highlight the staffs caring and supportive nature, the"
SHUDDHI NGO,0.0,226,"SHUDDHI NGO | 4.5(226) | Non-profit organization · 5th Floor, Indra Prakash Building, SHUDDHI NGO, 512A, 21, Barakhamba Rd | 096548 15105",https://www.google.com/maps/place/SHUDDHI+NGO/data=!4m7!3m6!1s0x390d03c3667c880f:0x6d34aee6bd9da69e!8m2!3d28.6293969!4d77.2242669!16s%2Fg%2F11f357g0x2!19sChIJD4h8ZsMDDTkRnqadveauNG0?authuser=0&hl=en&g_ep=EgoyMDI2MDkyNy4xIJJjKgBIAVAD&rclk=1,NGO in Connaught Place Delhi,5,3.2,0.19549999999999998,2,"This ngo is involved in many fraud scheme They are growing there public reach by with there poor volunteers. They are involved in many fraud scheme in jammu and Kashmir and are not paying there money back its such a shame . If you did not pay our money back I will go to crime branch or else use social media. ||| That is very good think this people are doing for pollution very good job guys thank you for all Delhi do work in heart and combined in more public to help a entire Delhi pollution cleanup I know its very difficult to do that but that is a ||| I joined Shuddhi about a year ago as a volunteer.I often attend drives,events and environmental program organised by them.they work as a non profit organization and serving to needy at thier fullest.supportive staff with great ambiance.I personally found this NGO working on crucial issues like environmental awareness drive, say no to polybag, legal help for women, cleanliness drive, food give out and much more ||| The only thing that you can expect from this organisation are false promises. They say that theyll help and after two days or so, you call them to realize that its not gonna happen. So just dont waste your time going to this place. ||| shuddhi ngo is doing some really amazing work. Really bringing about great changes. Very hardworking organization with a great teamMore power to them."
NourishFuture — An initiative of Helping All (Charitable Trust| NGO),0.0,1,"NourishFuture — An initiative of Helping All (Charitable Trust| NGO) | 5.0(1) | Non-governmental organization · 1213, New delhi House, Barakhamba Rd | Closed · Opens 11 am Thu · 011 4165 0025",https://www.google.com/maps/place/NourishFuture+%E2%80%94+An+initiative+of+Helping+All+%28Charitable+Trust%7C+NGO%29/data=!4m7!3m6!1s0x390cfdb7556b1125:0x855666fda9a3054!8m2!3d28.6299599!4d77.2229146!16s%2Fg%2F11rgx1gc26!19sChIJJRFrVbf9DDkRVDCa2m9mVQg?authuser=0&hl=en&g_ep=EgoyMDI2MDkyNy4xIJJjKgBIAVAD&rclk=1,NGO in Connaught Place Delhi,0,0.0,0.0,0,No verified reviews found.
Social Umbrella Foundation,0.0,4,"Social Umbrella Foundation | 4.3(4) | Association / Organization · 102, Connaught Cir, above Candy Computers, Stationary Shop | Closes soon · 6 pm · Opens 10 am Thu · 088005 23952",https://www.google.com/maps/place/Social+Umbrella+Foundation/data=!4m7!3m6!1s0x390cfd3ca910f80d:0xd01f1bd121f703c8!8m2!3d28.6346284!4d77.2222597!16s%2Fg%2F11tmstsrkv!19sChIJDfgQqTz9DDkRyAP3IdEbH9A?authuser=0&hl=en&g_ep=EgoyMDI2MDkyNy4xIJJjKgBIAVAD&rclk=1,NGO in Connaught Place Delhi,0,0.0,0.0,0,No verified reviews found.
Ramdas Athawale Foundation,0.0,31,Ramdas Athawale Foundation | 4.6(31) | Non-governmental organization ·  · SURYA KIRAN BUILDING | Closes soon · 6 pm · Opens 10 am Thu · 011 2084 5076,https://www.google.com/maps/place/Ramdas+Athawale+Foundation/data=!4m7!3m6!1s0x390ce305e54bf25b:0x435b974c5062c2e!8m2!3d28.6274899!4d77.2221033!16s%2Fg%2F11nxt7kw4w!19sChIJW_JL5QXjDDkRLiwGxXS5NQQ?authuser=0&hl=en&g_ep=EgoyMDI2MDkyNy4xIJJjKgBIAVAD&rclk=1,NGO in Connaught Place Delhi,4,4.0,0.40249999999999997,0,What is the criteria to become MP here? ||| Well spoken leader ||| So much good ||| Very good experience
Chetanalaya,0.0,87,"Chetanalaya | 4.3(87) | Corporate office ·  · Building 9-10 Bhai Vir Singh Marg, opposite Columbus School, (Nearest Landmark: Gole Market/Bangla Sahib Gurudwara) | Closed · Opens 9 am Thu · 011 2374 4308",https://www.google.com/maps/place/Chetanalaya/data=!4m7!3m6!1s0x390cfd51d1dc5ea3:0x1f456b9d1900ab78!8m2!3d28.629946!4d77.204885!16s%2Fg%2F1tt1fm05!19sChIJo17c0VH9DDkReKsAGZ1rRR8?authuser=0&hl=en&g_ep=EgoyMDI2MDkyNy4xIJJjKgBIAVAD&rclk=1,NGO in Connaught Place Delhi,5,4.0,0.02666666666666666,0,"Chetanalaya the social service center entrusted with the responsibilities of providing services and workshops for the empowerment of marginalized people and an organization that strives to help the society to achieve sustainable development. The trainee got much opportunity to be the part of many field work activities and in project implementation level which helped in developing skills and knowledge in social work. ||| Chetanalaya has been working since decades in different areas of education, health, child rights, environment etc involving its stakeholders and establishing the ownership of the community members. ||| would not rate this as organisation but as a family. this organisation taught me to be socialcumpractical on the same platform which has widened my thinking process. Here i met with the reality of India. ||| If there would be marks in negative.. I would have given that .. it was the worst experience of mine in this NGO..the wasted my 2days.. I stepped out of it ..the staff was overconfident and not well behaved ||| It was great experience in chetanalaya and the supervisior were very cooperative and helpful in nature."
Sewa Bharti (Delhi),0.0,245,"Sewa Bharti (Delhi) | 4.6(245) | Non-governmental organization ·  · Sewa kunj, 13, Bhai Vir Singh Marg | Closed · Opens 9 am Thu · 011 2334 5014",https://www.google.com/maps/place/Sewa+Bharti+%28Delhi%29/data=!4m7!3m6!1s0x390cfd51cf49423b:0x5e804d4e1b94bb75!8m2!3d28.6303817!4d77.2049508!16s%2Fg%2F1q6j8vywf!19sChIJO0JJz1H9DDkRdbuUG05NgF4?authuser=0&hl=en&g_ep=EgoyMDI2MDkyNy4xIJJjKgBIAVAD&rclk=1,NGO in Connaught Place Delhi,5,4.6,0.23813636363636365,0,"Very focused and genuine efforts for less privileged sections of society Anyone can visit sewa dham, a hostel and school in East Delhi run by Sewa Bharti It is only one sample of their marvellous work In health sector also, they are contributing much.. ||| Good experience to meet with intellectual people. ||| Sewa Bharti has a good philosophy. It gives a chance to explore and learn a lot of new things. ||| This was for the first time I visited an NGO and I have found the people of this NGO quite greedy in nature. They took the crockery set I gave for others to their own kitchen and I wouldnt have minded that if that was happening behind my ||| Sewa bharti as its name describe SEWA, they run multiple camps in sewa basti to help children in their education, womens for skill development, make them self dependent, educate them for there Health and other disease. They run diagnostic center to help common people. They have multiple chapters in which everyone voluntary contribute on many causes."
Abhyanga Foundation,0.0,2,"Abhyanga Foundation | 3.5(2) | Corporate office · First Floor 19, SURYA KIRAN BUILDING, 112/A, KG Marg | 011 4019 5993",https://www.google.com/maps/place/Abhyanga+Foundation/data=!4m7!3m6!1s0x390cfd3468c00001:0xfb76d0463a1b640a!8m2!3d28.6274899!4d77.2221033!16s%2Fg%2F11vcvd62wp!19sChIJAQDAaDT9DDkRCmQbOkbQdvs?authuser=0&hl=en&g_ep=EgoyMDI2MDkyNy4xIJJjKgBIAVAD&rclk=1,NGO in Connaught Place Delhi,0,0.0,0.0,0,No verified reviews found.
Travoinspire Foundation,0.0,16,"Travoinspire Foundation | 4.6(16) | Non-profit organization · 2nd Floor, M-132 | Closes soon · 6 pm · Opens 9:30 am Thu · 092891 11980",https://www.google.com/maps/place/Travoinspire+Foundation/data=!4m7!3m6!1s0x390cfd1f16c1c625:0xc78f4ae8d069b729!8m2!3d28.6326245!4d77.2223699!16s%2Fg%2F11z2vsy5by!19sChIJJcbBFh_9DDkRKbdp0OhKj8c?authuser=0&hl=en&g_ep=EgoyMDI2MDkyNy4xIJJjKgBIAVAD&rclk=1,NGO in Connaught Place Delhi,5,4.6,0.5666666666666667,0,"Good work Keeping doing and motivating people ||| Really appreciate what Travoinspire Foundation is doing for people. Small efforts but big impact. ||| Great Work! Keep Going. ||| Very inspiring work done by this NGO, the motive of the NGO is commendable ||| I am very proud to be attend events with Prerana, her skills for the society actually do the talking"
MILESTONE (NGO OFFICE),0.0,140,"MILESTONE (NGO OFFICE) | 4.9(140) | Non-profit organization · MILESTONE NGO Office, Kali Bari Marg | Closed · Opens 10 am Thu · 098181 19879",https://www.google.com/maps/place/MILESTONE+%28NGO+OFFICE%29/data=!4m7!3m6!1s0xe5247ffc63f5f7b:0x2ba3461613912845!8m2!3d28.6303013!4d77.2020968!16s%2Fg%2F11y459jgh9!19sChIJe18_xv9HUg4RRSiRExZGoys?authuser=0&hl=en&g_ep=EgoyMDI2MDkyNy4xIJJjKgBIAVAD&rclk=1,NGO in Connaught Place Delhi,5,5.0,0.47289393939393937,0,"Today was a wonderful and meaningful day. Spending time with children, teaching them, and seeing their excitement while learning brought me so much happiness. Every smile, every question, and every small achievement reminded me that education has the power to change lives. This experience also taught me patience, responsibility, and the importance of giving back to the community. I believe that even a small effort can make a positive difference in someones life. Being able to support children in their learning journey is something I truly value. ||| I have had the opportunity to closely observe and participate in the work being carried out by Milestone NGO, and I am truly impressed by its commitment to creating a positive impact in society. Under the guidance of Manish Sir, the team ||| I had a wonderful experience with Milestone NGO The organization is genuinely committed to making a positive impact through education, social awareness programs, and community development initiatives. The team is dedicated, supportive, and passionate about helping those in need. Their efforts in empowering children, promoting health awareness, and creating opportunities for underprivileged communities are truly inspiring. The volunteers and staff work tirelessly to bring meaningful change to society. I highly recommend supporting and connecting with Milestone NGO for anyone looking to contribute to a noble cause and make a difference in the community. Keep up the excellent work! ||| I had a great experience with Milestone NGO. The organization is genuinely committed to making a positive impact by supporting childrens education, empowering women, and creating awareness about important social issues. The team is ||| Milestone NGO is doing excellent work for the community. The team is very supportive, dedicated, and transparent in their projects. I had a great experience volunteeringinteracting with them. They truly make a positive impact."
Let's Do It India,0.0,45,"Let's Do It India | 4.7(45) | Non-profit organization · 6th floor, Hotel, Commercial Tower, Le Meridien, Windsor Pl | Open 24 hours · 099685 48808",https://www.google.com/maps/place/Let%27s+Do+It+India/data=!4m7!3m6!1s0x390cfddd602dd235:0xc025ec6da8bceb84!8m2!3d28.6188884!4d77.2181268!16s%2Fg%2F11j980qj84!19sChIJNdItYN39DDkRhOu8qG3sJcA?authuser=0&hl=en&g_ep=EgoyMDI2MDkyNy4xIJJjKgBIAVAD&rclk=1,NGO in Connaught Place Delhi,5,5.0,0.35225,0,"Joining Lets do it, India has been one of the best decisions of my life. The work they do in environmental protection is unparalleled, and their campaigns are both educational and impactful. Proud to be one of the 22 lakh volunteers! ||| LDII impactful initiatives and dedication to environmental conservation are commendable. Their efforts in raising awareness and implementing practical solutions make a significant difference in creating a more sustainable future for all. ||| It is a genuine effective organization all over India . The team is truly making a difference in environmental protection and social change. Their commitment to education, sustainability, and other initiatives is really commendable. ||| The passion and dedication of Lets Do It India Foundation are evident in every project they undertake. They are a fantastic organisation and very dedicated in whatever they do. ||| It is a remarkable organization. The team is truly making a difference in environmental protection and social change. Their commitment to education, sustainability, and other initiatives is really commendable."
Salaam Baalak Trust open shelter- Delhi,0.0,165,"Salaam Baalak Trust open shelter- Delhi | 4.4(165) | Non-profit organization · 2nd Floor, DDA Community Centre, Chandi Wali Gali | Open 24 hours · 083739 23266",https://www.google.com/maps/place/Salaam+Baalak+Trust+open+shelter-+Delhi/data=!4m7!3m6!1s0x390cfd4120629737:0xae2fdffd7af7e141!8m2!3d28.6417!4d77.2152468!16s%2Fg%2F1td0ld51!19sChIJN5diIEH9DDkRQeH3ev3fL64?authuser=0&hl=en&g_ep=EgoyMDI2MDkyNy4xIJJjKgBIAVAD&rclk=1,NGO in Connaught Place Delhi,5,4.4,0.22451019736842107,1,"I greatly enjoyed the food tour offered by Salaam Baalak Trust! Our guide was very knowledgeable and showed us many good places to eat, and some to avoid! He was able to give us the context of the food we ate and showed us how to eat like a local. We also learned of the mission of Salaam Baalak, to help rescue children from the streets, teach them skills, and help them get back to their families, or into a safe environment where they can be self sufficient. Our guide himself was a product of this program! I would recommend this company and tour to anyone who is visiting Delhi! ||| My partner and I did the Old Delhi private tour with Salaam Baalak Trust, and it was one of the highlights of our trip. Our guide, Junaid, was warm, knowledgeable, and tailored the tour around what we were interested inculture, history, ||| One of the most authentic experiences From our first contact with our StreetConnections guide Lalit we had such a great experience. Booking over the phone was easy, and Lalit was extremely flexible with us, accommodating a late change of the day of the booking all in his stride. The walk itself was one of our best experiences in India. He stressed over the phone that we wouldnt be visiting any of the main tourist sites, which proved to be 100 accurate. You can do all that with a guide book this walk takes you places you would never find otherwise. To be taken through the backstreets of Old Delhi by someone who has taken himself from being a wily street kid at the age of 5 to a final year university student was all the more poignant. Lalit was so generous with his time and his personal story, all the while flashing that charming smile and making plenty of jokes along the way. If you want to see the backstreets, plus so much more that others have described here, then do yourself a favour and book a tour with these guys 5 stars! ||| Met our guide who turned up very late, who then showed us the Delhi Train Station the different offices of Salaam Baalak Trust. He met us at 10.15am left us at 11.15am. I thought we would have been talking to different street kids about their experiences. It felt like a rush for your money. Not impressed ||| We did the street walk with Ajay and Kajal the trainee. Ajays English was great, and he had so much energy and passion for what the trust is doing for the kids of Delhi and how it helped him. The walk is safe and professional, and"
Mobile Creches,0.0,86,"Mobile Creches | 4.5(86) | Non-governmental organization ·  · DIZ Area, Raja Bazaar, Jain Mandir Marg | Closed · Opens 9 am Thu · 011 2334 7635",https://www.google.com/maps/place/Mobile+Creches/data=!4m7!3m6!1s0x390cfd4f34a44933:0x6bf7dc916160cf8b!8m2!3d28.6322902!4d77.2116488!16s%2Fg%2F1tgfbrh3!19sChIJM0mkNE_9DDkRi89gYZHc92s?authuser=0&hl=en&g_ep=EgoyMDI2MDkyNy4xIJJjKgBIAVAD&rclk=1,NGO in Connaught Place Delhi,5,4.4,0.44716666666666666,0,"Its an amazing organisation working for underprivileged children of 0 to 6 year age groups. I visited and volunteered in their trilokpuri centres many times. It really helped in my understanding of child development ||| IT WAS WONDERFULL EXPERERICE TODAY AT SECTOR 150 NOIDA MOBILE CREHES MANAGED BY NAVSHRISHTI NGO. THE STAFF AND CARE TAKER WERE VERY CARING POLITE . VERY GOOD BONDING WITH ALL CHILD WITH SUPERVIOSR CARE TAKER. GOOD JOB BY NAVSHRISTI NGO. MOBILE CRECHE AT SECTOR 150 NOIDA WAS NICELY MANAGE BY Ms MEERA NAITHARU UNDER GUIDANCE OF Ms REENA BANERJI. SAUTE TO TEAM NAVSHRISTI ||| I have heard about Mobile Creches for some time. But I was just amazed when I got a chance to interact with its people and got to know more about its wonderful work. With a history of close to four decades, it must be the oldest NGO working ||| An established and committed NGO working for and with children under the age of six alongside communities. ||| Its really feels good ... spending time with children and observing their movements .good environment"
Help India Foundation Trust,0.0,39,"Help India Foundation Trust | 4.8(39) | Social services organization · 1649, OBC BUILDING OFFICE NO-3 3rd Floor, Main Bazar Rd | Closed · Opens 10 am Thu · 099530 73183",https://www.google.com/maps/place/Help+India+Foundation+Trust/data=!4m7!3m6!1s0x390cfd4139aae853:0x6643d1ccb59ae1c6!8m2!3d28.6410628!4d77.2132817!16s%2Fg%2F11j8swmvlw!19sChIJU-iqOUH9DDkRxuGatczRQ2Y?authuser=0&hl=en&g_ep=EgoyMDI2MDkyNy4xIJJjKgBIAVAD&rclk=1,NGO in Connaught Place Delhi,5,5.0,0.15442857142857142,0,"Help India Foundation Trust is trusted and progressive NGO in Delhi NCR and other cities in India. constantly working for weaker sections people, medical support, child education, Anti Tobacco activities. Good thing is that fund goes to right hand. They respect people culture and values. ||| Help India foundation Trust helps in upliftment of slum children, women and adolescent girls through sensitisation programs. The work of this org is appreciable ||| Excellent organization with very dedicated volunteers doing a lot of work for creating awareness and also helping cancer patients in hospitals. ||| We know before 3 years ago, Ngo working in healthcare sector ||| Its my pleasure to help our country trust"
CSR Research Foundation,0.0,4,"CSR Research Foundation | 4.8(4) | Non-profit organization · 1st floor, 40 Hanuman Lane, Baba Kharak Singh Rd, near Pracheen Hanuman Mandir, Connaught Place | Open · Closes 8 pm · 082877 80500",https://www.google.com/maps/place/CSR+Research+Foundation/data=!4m7!3m6!1s0x390cfdb767839fa3:0xec04281f44901c67!8m2!3d28.6277632!4d77.2085267!16s%2Fg%2F11hdj_ckk7!19sChIJo5-DZ7f9DDkRZxyQRB8oBOw?authuser=0&hl=en&g_ep=EgoyMDI2MDkyNy4xIJJjKgBIAVAD&rclk=1,NGO in Connaught Place Delhi,1,5.0,0.17708333333333334,0,CSR research is adding great value to women life by highlighting issue related to health n wellness along with other social issue.
Yug Sanskriti Nyas,0.0,16,"Yug Sanskriti Nyas | 4.4(16) | Non-profit organization ·  · Vijaya Building, 801, Barakhamba Rd | Open · Closes 7:30 pm · 011 2335 1123",https://www.google.com/maps/place/Yug+Sanskriti+Nyas/data=!4m7!3m6!1s0x390cfd0eb1dfaf51:0xc7e91f96c63504cf!8m2!3d28.6288346!4d77.2252772!16s%2Fg%2F11jrg7hn8v!19sChIJUa_fsQ79DDkRzwQ1xpYf6cc?authuser=0&hl=en&g_ep=EgoyMDI2MDkyNy4xIJJjKgBIAVAD&rclk=1,NGO in Connaught Place Delhi,5,4.0,0.5248253968253969,0,"Speechless... What to say about them. They are doing a great job helping the poors and the needy ones. Women and childrens are so happy for what they have done. Just what our country INDIA needs right now.... ||| Yug sanskriti nyas has devoting in welfate of needy people, society, nd nation , nyas was given best support they are facing hard in thepick time of covid 19 period. Realy great work doing by nyas. So many thanks nd hope to do in future. ||| I feel that this organisation is really working a lot for such needy persons,and I would really like appreciate them a lot .YSN is doing very good work ||| I want To Thank Ysn Team For helping me with oxygen Cylender when its needed Yug Sanskriti Nyas is doing a great job in this covid scenario ||| Organisation is doing excellent work for women empowerment, Environment, cleaniness, upliftment of society and moral values."
"League Organization (NGO), Delhi",0.0,11,"League Organization (NGO), Delhi | 4.9(11) | Non-governmental organization · 5159, Street, Bal Krishan, Basant Rd | Closed · Opens 9 am Thu · 080108 32733","https://www.google.com/maps/place/League+Organization+%28NGO%29,+Delhi/data=!4m7!3m6!1s0x390cfd1965dce5ab:0x47196f88bfdec26d!8m2!3d28.6392443!4d77.216519!16s%2Fg%2F11y5bx7bqp!19sChIJq-XcZRn9DDkRbcLev4hvGUc?authuser=0&hl=en&g_ep=EgoyMDI2MDkyNy4xIJJjKgBIAVAD&rclk=1",NGO in Connaught Place Delhi,4,5.0,0.5522727272727272,0,"You people are doing really great job, creating the environment for this and upcoming generation to live more beautifully. Thanks for your efforts. ||| Very good steps towards cleanliness, our purpose to make India cleanest country in the world. ||| I know this ngo, it works very nice for environment. My friends told me about this ngo, and i have experienced some works with them. ||| Well done you guys are doing very well...hope this will be continue in future"
International Human Rights Protection Council,0.0,12,"International Human Rights Protection Council | 4.4(12) | Non-profit organization · 10 Halley road, 7th Floor, flat no-25 Dakshineshwar apartment | 098910 19623",https://www.google.com/maps/place/International+Human+Rights+Protection+Council/data=!4m7!3m6!1s0x390cfd37b03665eb:0x8eec5c8091da91a4!8m2!3d28.6327426!4d77.2195969!16s%2Fg%2F11dxl9qd8x!19sChIJ62U2sDf9DDkRpJHakYBc7I4?authuser=0&hl=en&g_ep=EgoyMDI2MDkyNy4xIJJjKgBIAVAD&rclk=1,NGO in Connaught Place Delhi,2,5.0,0.44999999999999996,0,Always ready to help. ||| Good Place of Worship
HAIYA ALLAL FALAH CHARITABLE TRUST,0.0,5,"HAIYA ALLAL FALAH CHARITABLE TRUST | 4.8(5) | Charity · D C M Building, 4th FLOOR, Barakhamba Rd | Open · Closes 9 pm · 098917 74099",https://www.google.com/maps/place/HAIYA+ALLAL+FALAH+CHARITABLE+TRUST/data=!4m7!3m6!1s0x390cfd33e9fde35b:0x326d15989ef1387a!8m2!3d28.6286321!4d77.2269889!16s%2Fg%2F11f_zx4p6c!19sChIJW-P96TP9DDkRejjxnpgVbTI?authuser=0&hl=en&g_ep=EgoyMDI2MDkyNy4xIJJjKgBIAVAD&rclk=1,NGO in Connaught Place Delhi,0,0.0,0.0,0,No verified reviews found.
NINEISMINE,0.0,45,"NINEISMINE | 4.8(45) | Non-governmental organization · NINE IS MINE , FIELD OFFICE ,EDMUND RICE HALL1, near Gol Dak Khana Roundabout | Closed · Opens 9:30 am Thu · 099909 99640",https://www.google.com/maps/place/NINEISMINE/data=!4m7!3m6!1s0x390cfd4e243b57fb:0x425e9eeb5306901a!8m2!3d28.629959!4d77.206431!16s%2Fg%2F11cnc23m74!19sChIJ-1c7JE79DDkRGpAGU-ueXkI?authuser=0&hl=en&g_ep=EgoyMDI2MDkyNy4xIJJjKgBIAVAD&rclk=1,NGO in Connaught Place Delhi,4,4.0,0.395,0,"This is good ngo who worked with child very impressive, some pics who are developed in nineismine ||| Worst food i ever had in my life.Ordered malai kofta and afghani chap completely tasteless. ||| Very nice National child led campaign. ||| Best NGO ever."
Savitri Foundation,0.0,2,"Savitri Foundation | 5.0(2) | Non-profit organization · 1st floor, Odeon Building, D Block, Connaught Palace | 099881 08108",https://www.google.com/maps/place/Savitri+Foundation/data=!4m7!3m6!1s0x390cfd3771c0b7e7:0x59c2c10102215b9f!8m2!3d28.634217!4d77.2210309!16s%2Fg%2F11h9rs_v3d!19sChIJ57fAcTf9DDkRn1shAgHBwlk?authuser=0&hl=en&g_ep=EgoyMDI2MDkyNy4xIJJjKgBIAVAD&rclk=1,NGO in Connaught Place Delhi,0,0.0,0.0,0,No verified reviews found.
Chanakya NGO Consultancy,0.0,70,"Chanakya NGO Consultancy | 4.7(70) | Non-governmental organization · Tax Bar Association Building, 210, Second Floor, Lawyers Chambers, 30, Rouse Avenue | Open · Closes 8 pm · 077009 95533",https://www.google.com/maps/place/Chanakya+NGO+Consultancy/data=!4m7!3m6!1s0x390ce3b20698b68b:0x884959199b8c6eb5!8m2!3d28.632667!4d77.2336448!16s%2Fg%2F11bztfhn72!19sChIJi7aYBrLjDDkRtW6MmxlZSYg?authuser=0&hl=en&g_ep=EgoyMDI2MDkyNy4xIJJjKgBIAVAD&rclk=1,NGO in Connaught Place Delhi,5,5.0,0.3846869427619935,0,"Our Society has been working on tribal welfare, rural development and communityrelated issues across India, and in this journey we found Chanakya NGO Consultancy to be very supportive, knowledgeable and professionally committed. They understand the real challenges faced by grassroots organizations and provide practical guidance with clarity and responsibility. What we appreciate their work and service for documentation, project planning, compliance related matters and support services including NGO Darpan Registration, 12A, 80G and CSR Registration and Project writing required for our social organization. Their approach was systematic, transparent and genuinely helpful for our Society working in remote areas. Chanakya Consultancy has a good understanding of issues related to tribal communities and rural development. Their guidance has been useful in improving our documentation and supporting our efforts toward meaningful social work. We highly appreciate their professional support and recommend their services. ||| Excellent service from Chanakya NGO Consultancy! Their team is knowledgeable, responsive and genuinely supportive. They guided us stepbystep for nationallevel NGO registration and additional services for Income Tax Exemption, NGO Darpan ||| Highly Professional and Reliable NGO Consultancy. We have excellent experience working with Chanakya NGO consultancy Services. Their team is with deep knowledge of NGO registration procedures, legal compliance, CSR funding guidance and documentation work. From the initial consultation to the final execution, everything is handled with clarity, transparency and professionalism. They provide proper services and guidance for Trust registration, 12A 80G registration, CSR1 filing and for other required processes. Their good communication, detailed explanations and commitment to delivering documentation and guidance. Chanakya is the best consultancy to start a NonGovernmental Organization or need support in legal compliances, project proposal drafting and fundraising guidance. Highly recommended for expert NGO advisory services in India. ||| Best Consultancy of India for all kinds of NGO registration Services. Most recommended Consultancy for Social Service Sector. ||| Chanakya NGO Consultancy has been a trusted and professional consultancy support partner for our organisation for a long time. As an old associate, we have taken consultancy guidance from Chanakya NGO Consultancy for our own institutional requirements as well as for the nonprofit organisations and social sector clients connected with us. Our experience has been consistently positive, practical and resultoriented. Chanakya NGO Consultancy provides complete consultancy services for nonprofit social sector organisations. Their services cover NGO Registration as Trust, Society and Section 8 Company, 12A and 80G Registration, CSR1 Registration, NGO Darpan Registration, FCRA guidance, Project Proposal writing for grants, CSR funding documentation, Annual Report writing, NGO profile preparation, concept note preparation, compliance documentation, NGO management guidance and other required documentation services for voluntary organisations. The most valuable quality of Chanakya NGO Consultancy is its deep understanding of the nonprofit sector. They understand the objective, background, working area, legal status and future requirements of the organisation and then provide suitable consultancy support. This professional method is very helpful for new NGOs as well as already working organisations that want to improve their documentation, eligibility, credibility and funding preparedness. Their project proposal writing service is especially useful for NGOs seeking CSR grants, Government grants and donor support. The proposals are prepared with proper project concept, need, objectives, activities, implementation plan, budget, expected outcomes and impact. Their Annual Reports, NGO profiles and institutional documents are also wellstructured, professional and suitable for presentation before donors, companies, departments and other stakeholders. As an associate organisation working with Chanakya NGO Consultancy, we appreciate their clear communication, experienced guidance, systematic documentation, practical advice and commitment to strengthening NGOs for longterm growth. Chanakya NGO Consultancy is a highly recommended consultancy service for social entrepreneurs charitable organisations and nonprofit institutions seeking dependable support for registration, documentation, compliance, grants and NGO management."
Bharat Seva Trust,0.0,5,"Bharat Seva Trust | 4.2(5) | Charity · 12 A, Connaught Ln | ",https://www.google.com/maps/place/Bharat+Seva+Trust/data=!4m7!3m6!1s0x390cfd3675df2153:0x10538a1b34dbe87c!8m2!3d28.6293919!4d77.2193088!16s%2Fg%2F11hyn8p8g7!19sChIJUyHfdTb9DDkRfOjbNBuKUxA?authuser=0&hl=en&g_ep=EgoyMDI2MDkyNy4xIJJjKgBIAVAD&rclk=1,NGO in Connaught Place Delhi,1,5.0,0.9099999999999999,0,Its very good
Chote Sai Charitable Trust,0.0,3,"Chote Sai Charitable Trust | 4.7(3) | Non-governmental organization · Hanuman Mandir, 36 B | Open 24 hours · 080768 36563",https://www.google.com/maps/place/Chote+Sai+Charitable+Trust/data=!4m7!3m6!1s0x390cfdd90f9ccd53:0x222f28ea0c4ce6e9!8m2!3d28.629895!4d77.2149605!16s%2Fg%2F11xnmlm80j!19sChIJU82cD9n9DDkR6eZMDOooLyI?authuser=0&hl=en&g_ep=EgoyMDI2MDkyNy4xIJJjKgBIAVAD&rclk=1,NGO in Connaught Place Delhi,1,5.0,0.3333333333333333,0,Chote Sai Charitable Trust is a divine place of peace and guidance. Swami Vipin Vayas is incredibly accurate in astrology and deeply spiritual in his approach. His predictions and remedies have truly transformed my life.
Peoples Welfare Foundation,0.0,23,"Peoples Welfare Foundation | 4.8(23) | Non-profit organization · NEAR, H.NO-D/4 PRINCESS PARK HOSTEL, Copernicus Marg | Closed · Opens 9 am Thu · 087003 38163",https://www.google.com/maps/place/Peoples+Welfare+Foundation/data=!4m7!3m6!1s0x390ce37d6dd2fbc1:0x553dc2c8b86fa729!8m2!3d28.6165904!4d77.2335079!16s%2Fg%2F11qg5h35bn!19sChIJwfvSbX3jDDkRKadvuMjCPVU?authuser=0&hl=en&g_ep=EgoyMDI2MDkyNy4xIJJjKgBIAVAD&rclk=1,NGO in Connaught Place Delhi,5,4.2,0.499,0,"This is a good NGO. Doing great job for women, girls underpriviledged section of society. We wish it to keep it up. ||| Awesome work done by peoples welfare ||| A place from where kids and women get a better help. ||| Very bad mid day meal ||| Peoples welfare foundation is Good work"
Maulana Azad education foundation,0.0,164,"Maulana Azad education foundation | 4.2(164) | Government office · 23, Basant Rd | Open · Closes 12 am",https://www.google.com/maps/place/Maulana+Azad+education+foundation/data=!4m7!3m6!1s0x390cfd003a7277f3:0x58f3d6eb19cc533f!8m2!3d28.6408857!4d77.2179222!16s%2Fg%2F11xtn1g_8d!19sChIJ83dyOgD9DDkRP1PMGevW81g?authuser=0&hl=en&g_ep=EgoyMDI2MDkyNy4xIJJjKgBIAVAD&rclk=1,NGO in Connaught Place Delhi,5,4.6,0.21282575757575764,0,Education NGO working for Girls education and helping to built a better world for women and Girls ||| Minority educational society they are giving skill india trainings from all over india in different sectors in different levels good office located near to New delhi Railwaystation on the way to pahargunj entrance left side near to statue ||| Clean and beautiful govt department ||| MAEF is serving students since many years. Underprivileged students are getting benefits from this society. This Haritageg Building is in very bad state and it need an urgent overhaul. ||| A Non profit organisation under the ministry of affairs which provides scholarships to the Muslim girls students those studying in class 11th and 12th.
OneStage,0.0,5,"OneStage | 5.0(5) | Non-profit organization · OneStage, 418, 4th Floor, World Trade Centre | Closes soon · 6 pm · Opens 9:30 am Thu · 011 4007 2566",https://www.google.com/maps/place/OneStage/data=!4m7!3m6!1s0x390d1de5308fed39:0x618e0a651e560e7!8m2!3d28.6318032!4d77.2273384!16s%2Fg%2F11vz5jsm2m!19sChIJOe2PMOUdDTkR52DlUabgGAY?authuser=0&hl=en&g_ep=EgoyMDI2MDkyNy4xIJJjKgBIAVAD&rclk=1,NGO in Connaught Place Delhi,2,5.0,0.755,0,It is an amazing organisation with great leadership and ground level last mile work in the development sector a perfect NGO partner for CSR companies to work with ||| Very good organisation
Vasundhara Blessing Foundation,0.0,0,Vasundhara Blessing Foundation | No reviews | Social services organization | Closes soon · 6:30 pm · Opens 9 am Thu · 094683 27679,https://www.google.com/maps/place/Vasundhara+Blessing+Foundation/data=!4m7!3m6!1s0x390cfdb617acaecf:0x629c16c67b181aef!8m2!3d28.6308509!4d77.2180431!16s%2Fg%2F11td27h_fb!19sChIJz66sF7b9DDkR7xoYe8YWnGI?authuser=0&hl=en&g_ep=EgoyMDI2MDkyNy4xIJJjKgBIAVAD&rclk=1,NGO in Connaught Place Delhi,0,0.0,0.0,0,No verified reviews found.
TRAX - Road Safety NGO,0.0,17,"TRAX - Road Safety NGO | 4.2(17) | Non-governmental organization · R G City Centre, A 303-309, Desh Bandhu Gupta Rd | Closes soon · 6 pm · Opens 10 am Thu · 098102 74741",https://www.google.com/maps/place/TRAX+-+Road+Safety+NGO/data=!4m7!3m6!1s0x390cfd6840ab3253:0x8c16ea5945d31dd5!8m2!3d28.6466466!4d77.2077268!16s%2Fg%2F11cspw3q4b!19sChIJUzKrQGj9DDkR1R3TRVnqFow?authuser=0&hl=en&g_ep=EgoyMDI2MDkyNy4xIJJjKgBIAVAD&rclk=1,NGO in Connaught Place Delhi,5,4.2,0.37699999999999995,0,"Excellent NGO which is making lots of difference in citizens life by influencing safety of road users. Full of dedicated people who have passion for their job. TRAX is involved nationally as well internationally with different associations, NGOs and stakeholders who are active in Road Safety field. TRAX Society is involved in all 5 pillars of Road Safety. Also strongly in advocacy for Road Safety. ||| Mr. Anurag Kulshreshtra is taking like an uneducated illiterate on television saying two wheelers should not be allowed on expressways ||| Good place to do Road safety projects.And good administration to describe the work for projects. ||| Organization doing very good work on road safety. ||| People working for road safety"
Gandhi Peace Foundation,0.0,781,"Gandhi Peace Foundation | 4.2(781) | Foundation ·  · ITO Metro Station, 221-223, Pandit Deendayal Upadhyay Marg, next to Andhra School | Open · Closes 12 am · 011 2323 7491",https://www.google.com/maps/place/Gandhi+Peace+Foundation/data=!4m7!3m6!1s0x390cfd2bb29987ff:0x52b8570e31c62a1c!8m2!3d28.6296739!4d77.2368443!16s%2Fg%2F1tf7w2sg!19sChIJ_4eZsiv9DDkRHCrGMQ5XuFI?authuser=0&hl=en&g_ep=EgoyMDI2MDkyNy4xIJJjKgBIAVAD&rclk=1,NGO in Connaught Place Delhi,5,3.4,0.35342721088435375,0,"Gandhi Peace Foundation or गध शत परतषठन is situated at Din Dayal Upadhyay road near ITO in Delhi. One can reach here by Delhi Metro Rail violet line by deboarding at ITO. Exit from gate Number 1 is the nearest to the Gandhi Peace Foundation at a walkable distance of around 300 meters. The foundation is well known for venue for literary and musical programs befitting for small gatherings of 100150 people. The seminar Hall is Ok but the stage is small. Parking is available at the entry gate but for limited vehicles. A kitchen also works and serves in snacks and tea. The premises are govt run and the condition is only ok. If it were maintained well, it would be a nice place for small seminars and programs. Overall its good. ||| One of the peaceful palace i was organised my event kavi sammelan here very good experience staff is cooperative space, hall is also good but ac is not available here Near by ito metro station ||| Good place for seminar, publishing book, oraganising discuasion meeting, Canteen is good but not enough space, near to ITO metro station ||| Good experience, good rates with the best location. Here you can book a seminar hall for an event and There are also rooms to stay here. The food is good but the building is old and the toilets are not clean. ||| You can stay here its nice and decent in price canteen service is also available."
NGO DARPAN,0.0,34,"NGO DARPAN | 3.0(34) | Non-governmental organization · 316, Sansad Marg | Closed · Opens 12 am Thu · 011 2304 2324",https://www.google.com/maps/place/NGO+DARPAN/data=!4m7!3m6!1s0x390ce2b4bac07a87:0xb719da0022510e3!8m2!3d28.6220985!4d77.2125732!16s%2Fg%2F11gbr8d_x0!19sChIJh3rAurTiDDkR4xAlAqCdcQs?authuser=0&hl=en&g_ep=EgoyMDI2MDkyNy4xIJJjKgBIAVAD&rclk=1,NGO in Connaught Place Delhi,4,2.0,0.17833333333333334,0,"The site is not user friendly. The person who created this has no idea about the diverse world of registered societiesvoluntary organizations typified as NGOs. There should be a user friendly helpline that should guide those involved in various activities in a transparent way. The email helpline too is useless, it sends automated useless messages. The bureaucracy itself so opaque, suspicious of the entire country, how can it understand transparency? ||| Bad experience nobody is giving response from there office of any query, nobody is giving reply to msg sent, none of there phn is working or nobody is picking up. Such an irresponsible organisation ||| NGO Darpan site is not functioning. Many have complaints, but are not heard,replied or attended. It appears that it is closed. If so, kindly inform the public. Its telephone is not responding throughout the day. ||| IT WAS VERY GOOD EXPERIENCE WITH NGO ORGANISATION. WE PROUD OF INDIAN GOVERNMENT."
Aga Khan Foundation,0.0,812,"Aga Khan Foundation | 4.0(812) | Foundation ·  · Sarojini House, 6 2nd Floor, Bhagwan Das Rd | Open now · 011 4739 9700",https://www.google.com/maps/place/Aga+Khan+Foundation/data=!4m7!3m6!1s0x390ce2d442eb9d53:0x4c2c566344c29646!8m2!3d28.6224906!4d77.2359255!16s%2Fg%2F1ptw5vn61!19sChIJU53rQtTiDDkRRpbCRGNWLEw?authuser=0&hl=en&g_ep=EgoyMDI2MDkyNy4xIJJjKgBIAVAD&rclk=1,NGO in Connaught Place Delhi,5,4.8,0.19065151515151518,0,"Some of the best exhibitionssales are held here..Mostly clothes and apparels Place is centrally located, huge with ample free parking on first come first serve basis. Its a few minutes walk from Mandi house metro station. Also very close to Bengali Market shopping area. A good shopping with some good food is the plus visiting Aga khan hall. Latest Sampada sale is ongoing. Great experience. ||| Aga khan hall is located at the center of delhi. It can be reached from Mandi house 500mtrs and Pragati maidan 600mts metro station and also well connected via bus and other means of transport. This facility has ample amount of parking ||| If I talk just about Agah khan hall its a two storey building. .. exhibition Cum sale is organised most of the time ... direct from weavers. . U can found amazing quality dress materials for man and woman .. silk, patola, cotton etc. U can even bargain. For sure U will find such stuff that u have not seen in high standard markets or malls. Worth a visit .. wont be disappointed ||| The Aga Khan Foundation is an organization dedicated to improving the quality of life for the marginalized. Their impactful initiatives in education, healthcare, and rural development are commendable. The Foundations efforts truly make a positive difference in the lives of many. ||| We visit this place to get sweaters. Since childhood we have been a big fan of Mohini Knitwear and we were pleased to find the brand again."
Keshav Suri Foundation,0.0,8,"Keshav Suri Foundation | 4.5(8) | Non-profit organization · World Trade Center, Barakhamba Avenue | 011 4444 7727",https://www.google.com/maps/place/Keshav+Suri+Foundation/data=!4m7!3m6!1s0x390cfd22a4eb2b5f:0x7436de8003590b32!8m2!3d28.6304907!4d77.2263553!16s%2Fg%2F11ff53rxrf!19sChIJXyvrpCL9DDkRMgtZA4DeNnQ?authuser=0&hl=en&g_ep=EgoyMDI2MDkyNy4xIJJjKgBIAVAD&rclk=1,NGO in Connaught Place Delhi,2,3.0,0.2078571428571429,1,"Hi, Dr. Jyotsna Suri the chairperson managing director of Keshav Suri foundation.. My name is changedMuskan Transgender LGBTQIA CommunityI am writing this feedback after waiting 13 minutes on given number for This foundation.. and the number is Fake .. its very embarrassing things for this reputative Foundation.. I wanted to talk to foundation on very urgent note so I called first my call got landed to operator then they Transferred my call to Vitoria.. she transferred to Hr team Mr Shorya.. he again transferred to operator and again operator continued to transfer to the right person after waiting 1213 minutes on call they had disconnected.. .. now its understandable how the foundation working for usLGBTQIA community. Its very pathetic I am feeling very bad how we can survive ? Its a big Question ||| I didnt visit this place ever .but I can say that would be amazing"
Hamara Sankalp,0.0,1,"Hamara Sankalp | 5.0(1) | Non-governmental organization · 2nd Floor, 16/1, Dr Lane , Gole Market | Open · Closes 9 pm · 097174 11123",https://www.google.com/maps/place/Hamara+Sankalp/data=!4m7!3m6!1s0x390cfd7042e61b71:0xc57964810c4772fc!8m2!3d28.6346048!4d77.2083303!16s%2Fg%2F11ppwf88_2!19sChIJcRvmQnD9DDkR_HJHDIFkecU?authuser=0&hl=en&g_ep=EgoyMDI2MDkyNy4xIJJjKgBIAVAD&rclk=1,NGO in Connaught Place Delhi,0,0.0,0.0,0,No verified reviews found.
Association for Social Health in India,0.0,25,"Association for Social Health in India | 3.7(25) | Educational institution · ASHI Building, The Secretary General Association for Social Health in India (ASHI) 19 Rouse Avenue Institutional Area PH: 91-11-23233428 23232209 FAX: 91-11-23232209 E-MAIL: ashidelhi@hotmail.com | Closed · Opens 10 am Thu",https://www.google.com/maps/place/Association+for+Social+Health+in+India/data=!4m7!3m6!1s0x390cfd2bcd1d0c73:0x76a28419caa6e045!8m2!3d28.6308817!4d77.2375292!16s%2Fg%2F11g6r1nyb4!19sChIJcwwdzSv9DDkRReCmyhmEonY?authuser=0&hl=en&g_ep=EgoyMDI2MDkyNy4xIJJjKgBIAVAD&rclk=1,NGO in Connaught Place Delhi,3,3.6666666666666665,0.2198148148148148,0,"Really amazing NGO, They are very determined and work hard towards creating impactful change ||| Very nice it provides courses at very nominal fee ||| I added 200 rupees in cash.. Its been a day and I havent received it yet."
Ahvaan,0.0,6,"Ahvaan | 4.3(6) | Educational institution · E45 B 4th Floor, Himalaya House, Kasturba Gandhi Marg | 011 4306 5221",https://www.google.com/maps/place/Ahvaan/data=!4m7!3m6!1s0x390cfd343f6f8351:0xd0e20da4ca9effcb!8m2!3d28.6281165!4d77.2215993!16s%2Fg%2F11g9mzdnv6!19sChIJUYNvPzT9DDkRy_-eyqQN4tA?authuser=0&hl=en&g_ep=EgoyMDI2MDkyNy4xIJJjKgBIAVAD&rclk=1,NGO in Connaught Place Delhi,3,3.6666666666666665,0.25460317460317455,0,"Overall, the trip suffered from Poor trip planning and coordination Insufficient bikes despite confirmed bookings Poorly maintained motorcycles Delayed schedule and wasted travel time Misleading information and false promises Lack of proper customer support during the trip ||| We took 5 day bike tour from Ahavaan and it turned out more amazing than we expected. Our group leader Stenzin has been really helpful throughout our trip from fixing bikes to helping people with their personal needs he was there. Recommending it tor every bike enuthsiast. ||| Excellent people. Really making great impact"
National AIDS Control Organisation Mohfw,0.0,54,"National AIDS Control Organisation Mohfw | 4.2(54) | Social services organization ·  · 88, Janpath Rd | Closed · Opens 9 am Thu · 011 4350 9999",https://www.google.com/maps/place/National+AIDS+Control+Organisation+Mohfw/data=!4m7!3m6!1s0x390cfd3525d93351:0xdc3266912d277e42!8m2!3d28.6244332!4d77.2200368!16s%2Fg%2F11dybcmnbr!19sChIJUTPZJTX9DDkRQn4nLZFmMtw?authuser=0&hl=en&g_ep=EgoyMDI2MDkyNy4xIJJjKgBIAVAD&rclk=1,NGO in Connaught Place Delhi,5,4.6,0.7300000000000001,0,The office is located in the Chandralok building on the 9th floor. The office is beautifully build. As the name suggests they work for control of AIDS in India. ||| Office of National AIDS Control Organisation Coordinate the Indias response to the problem if HIV and AIDS Excellent work is being done by the organisation ||| Great place to get treatment for aids civil hospital gurugram ||| Excellent job being done to control HIVAIDS ||| Nodal organisation for HIV prevention and treatment in India
Promising Indian Society,0.0,6,"Promising Indian Society | 5.0(6) | Association / Organization · LGF-114, Babar Rd | Closes soon · 6 pm · Opens 10 am Thu · 099993 64702",https://www.google.com/maps/place/Promising+Indian+Society/data=!4m7!3m6!1s0x390cfd3771c0b7e7:0xebcdb42f93a9c9a!8m2!3d28.6306084!4d77.2270883!16s%2Fg%2F11gchlfnk0!19sChIJ57fAcTf9DDkRmpw6-ULbvA4?authuser=0&hl=en&g_ep=EgoyMDI2MDkyNy4xIJJjKgBIAVAD&rclk=1,NGO in Connaught Place Delhi,4,5.0,0.18003472222222222,0,Promising Indian Society is an NGO which is unique in terms of honoring Indians and people of Indian Origin for their achievements and contributions to society. They are doing laudable work in this field by connecting people through networking events and spreading knowledge and expertise for enhancing skill and development. Kudos to the founder Ms. P. Singh for this amazing initiative which is now running successfully for 3 years now and active in several countries besides India. ||| Promising Indians Society is a great organization aiming to applaud the work of indians in different fields and give them due recognition for their initiatives . ||| Promising Indian Society sets its stage and unrolls red carpet to applaud and acknowledge the NRI community from across the globe. ||| Amazing organization and hard working people... commendable job done for eminent Indians globally
Delhi Foundation of Deaf Women,0.0,31,"Delhi Foundation of Deaf Women | 4.1(31) | Non-profit organization · First Floor, DDA Community Hall, Chandi Wali Gali | Closed · Opens 10 am Thu · 096672 69300",https://www.google.com/maps/place/Delhi+Foundation+of+Deaf+Women/data=!4m7!3m6!1s0x390cfd41237bcab3:0xc7f2e42deb3b3772!8m2!3d28.6420328!4d77.2151421!16s%2Fg%2F1tfrkqnc!19sChIJs8p7I0H9DDkRcjc76y3k8sc?authuser=0&hl=en&g_ep=EgoyMDI2MDkyNy4xIJJjKgBIAVAD&rclk=1,NGO in Connaught Place Delhi,3,4.666666666666667,0.0,0,I am deaf yes my name vinay kumar shukla from mirzapur u.p ||| Hello .l am deaf yes my name sakshi goyal from muzaffarnagar. ||| Step for empowering the life ....self reliant...good effort ...
Indian Red Cross Society National Headquarter,0.0,1011,"Indian Red Cross Society National Headquarter | 4.4(1,011) | Volunteer organization ·  · Sansad Marg, 1, Red Cross Rd | Open 24 hours · 011 2371 6441",https://www.google.com/maps/place/Indian+Red+Cross+Society+National+Headquarter/data=!4m7!3m6!1s0x390d0f2ba33f4dcb:0x3799dbde183e6287!8m2!3d28.6185752!4d77.2109052!16s%2Fg%2F1tmqk4rl!19sChIJy00_oysPDTkRh2I-GN7bmTc?authuser=0&hl=en&g_ep=EgoyMDI2MDkyNy4xIJJjKgBIAVAD&rclk=1,NGO in Connaught Place Delhi,5,4.6,0.20830627705627705,0,"Blood bank ground floor, First aid 5th floor Back side of Krishi bhawan bus stand, Rafi marg, Central secretariat metro station, New Delhi 110001 ||| Located near Central secretariat metro station gate no 1 , it is easily notable place from Parliament Street Road. One mosque is located on right side. Ample space for free parking. One small food outlet, one tea point and one juice corner are located near main entrance gate of this building, one can satisfy hisher hunger there. ||| Short term courses at red cross society are a big hit among all age groups esp among working people, timings are suitable. Must do courses on natural health and overall development. ||| The best way to reach if coming from Rail Bhavan side is to use dedicated parliamentary lane at Red cross road circle. This lane will take you to sansad chowk and since red cross road is closed there is ample parking place there. If coming from Gurudwara road Via KL Sehgal road the turn right at PTI building. Turning right is allowed for the moment as Red Cross Road is closed. The parliamentary lane from Rail Bhavan side merge here in front of PTI building and go upto to Sansad Chowk, the back side of Parliament. Hope this review helps. ||| Great place for voluntary blood donation. Staff here is cooperative and happy to help you with all sorts of formalities before blood donation. Your one unit of blood can save lives of upto 4 individual. Donate blood and feel good about yourself."
PATH,0.0,17,"PATH | 4.5(17) | Corporate office ·  · 15th Floor, New Barakhamba Rd, Gopal Das Building | Closes soon · 6 pm · Opens 9 am Thu · 011 4064 0000",https://www.google.com/maps/place/PATH/data=!4m7!3m6!1s0x390cfd3147d99473:0xc696e300567541dc!8m2!3d28.6313861!4d77.2233265!16s%2Fg%2F11d_8m6p5f!19sChIJc5TZRzH9DDkR3EF1VgDjlsY?authuser=0&hl=en&g_ep=EgoyMDI2MDkyNy4xIJJjKgBIAVAD&rclk=1,NGO in Connaught Place Delhi,1,5.0,0.305,0,PATH is a wonderful organization doing meaningful work for communities and public health. Their dedication and professional approach are highly commendable. Wishing the entire team continued success!
CHILD UMEED Trust,0.0,3,"CHILD UMEED Trust | 4.3(3) | Charity · 21/1 2nd floor, Bhai Vir Singh Marg | Closed · Opens 10 pm Fri · 097181 78259",https://www.google.com/maps/place/CHILD+UMEED+Trust/data=!4m7!3m6!1s0x390cfd51d2b2de77:0x658a3e524fb48edc!8m2!3d28.6308146!4d77.2053602!16s%2Fg%2F11sgv577b5!19sChIJd96y0lH9DDkR3I60T1I-imU?authuser=0&hl=en&g_ep=EgoyMDI2MDkyNy4xIJJjKgBIAVAD&rclk=1,NGO in Connaught Place Delhi,0,0.0,0.0,0,No verified reviews found.
YES WE CAN,0.0,7,"YES WE CAN | 4.4(7) | Non-governmental organization · BASEMENT, 2638, Asaf Ali Rd, near MOTHER DAIRY, opp. HANUMAN VATIKA | 099900 22447",https://www.google.com/maps/place/YES+WE+CAN/data=!4m7!3m6!1s0x390cfdfa14c248f3:0x273c6235911c2f33!8m2!3d28.6431636!4d77.2298305!16s%2Fg%2F11fspgbq1f!19sChIJ80jCFPr9DDkRMy8ckTViPCc?authuser=0&hl=en&g_ep=EgoyMDI2MDkyNy4xIJJjKgBIAVAD&rclk=1,NGO in Connaught Place Delhi,1,1.0,0.0,0,I dont know about this whats this and where is ?
SATHI Organisation,0.0,3,"SATHI Organisation | 5.0(3) | Social worker · 3443, Dariba Pan Rd | Open 24 hours · 095406 18618",https://www.google.com/maps/place/SATHI+Organisation/data=!4m7!3m6!1s0x390cfcd9375f17ed:0xb0fa29006c0e98b7!8m2!3d28.6441929!4d77.2156344!16s%2Fg%2F11d_7tp0q7!19sChIJ7RdfN9n8DDkRt5gObAAp-rA?authuser=0&hl=en&g_ep=EgoyMDI2MDkyNy4xIJJjKgBIAVAD&rclk=1,NGO in Connaught Place Delhi,0,0.0,0.0,0,No verified reviews found.
Aadhya Durga Foundation Trust (Regd.),0.0,1,"Aadhya Durga Foundation Trust (Regd.) | 5.0(1) | Non-profit organization · Hamadard Wellness, DDA FLATS KALI MASJID, Asaf Ali Rd, near Ravidass Mandir | Open · Closes 8:30 pm · 093107 44792",https://www.google.com/maps/place/Aadhya+Durga+Foundation+Trust+%28Regd.%29/data=!4m7!3m6!1s0x390cfd6452db5315:0x906268c1b93a899c!8m2!3d28.6437148!4d77.2272296!16s%2Fg%2F11n4xlgbrs!19sChIJFVPbUmT9DDkRnIk6ucFoYpA?authuser=0&hl=en&g_ep=EgoyMDI2MDkyNy4xIJJjKgBIAVAD&rclk=1,NGO in Connaught Place Delhi,1,5.0,0.955,0,Best NGO Aadhya Durga Foundation. This NGO is doing very good work on education and women empowerment.
Abhivyakti Foundation,0.0,9,"Abhivyakti Foundation | 4.8(9) | Charity · Dreamland Building, 403, 1/18-B, Asaf Ali Rd | Closed · Opens 10 am Thu · 011 2323 2102",https://www.google.com/maps/place/Abhivyakti+Foundation/data=!4m7!3m6!1s0x390cfd3d1c8126b7:0x660a8be275c3a955!8m2!3d28.6447254!4d77.227025!16s%2Fg%2F1tcyvt8g!19sChIJtyaBHD39DDkRVanDdeKLCmY?authuser=0&hl=en&g_ep=EgoyMDI2MDkyNy4xIJJjKgBIAVAD&rclk=1,NGO in Connaught Place Delhi,3,5.0,0.08333333333333333,0,"I also want to join this ngo. ||| The work of the Abhivyakti Foundation is truly impactful. They work at the grassroots level to help people, especially women, with empowerment and skill development. The teams approach is practical and resultsoriented. ||| This is a very trustworthy organization. Projects are executed transparently, delivering real benefits to beneficiaries. The teams behavior is also supportive and professional."
Mission 100 Crore Tree,0.0,22,Mission 100 Crore Tree | 4.9(22) | Environmental organization · Himachal Bhawan | Open 24 hours · 099119 09174,https://www.google.com/maps/place/Mission+100+Crore+Tree/data=!4m7!3m6!1s0x390cfd82527392af:0xb597c7b05000d8b8!8m2!3d28.6261299!4d77.2320143!16s%2Fg%2F11sxwzyvnd!19sChIJr5JzUoL9DDkRuNgAULDHl7U?authuser=0&hl=en&g_ep=EgoyMDI2MDkyNy4xIJJjKgBIAVAD&rclk=1,NGO in Connaught Place Delhi,5,5.0,0.3503333333333333,0,"I have been associated with them over an year, I have seen them working tirelessly to increase green cover throughout by various activities warering plants daily, Seed ball activity. The idea is not just to plant a tree but to nourish it forever. I would request everyone to come and support, be part of this noble cause and lets leave a legacy for our future generations that they will cherish ||| I am truly impressed by Mission 100 Crore Tree and its commitment to environmental conservation. The initiative makes tree planting simple, meaningful, and accessible for everyone. I especially appreciate how they combine environmental ||| Mission 100 Crore Tree is making a real difference through tree plantation drives. Community Impact They involve schools, locals, and volunteers, spreading awareness along with greenery. Transparency Clear records of sapling survival and maintenance build trust. Sustainability Focus on nurturing trees longterm, not just planting. Volunteer Engagement Strong participation makes it a collective mission. Overall, theyre not just planting treestheyre planting hope for a greener future. ||| Keep up the great work Feels so good to contribute ||| Such a great initiative...to protect our environment and to save our mother nature."
Pakhi Social Services Organization,0.0,2,"Pakhi Social Services Organization | 5.0(2) | Corporate office · House 501, Pawan, Top Floor, G-39, Middle Cir | 011 4154 0001",https://www.google.com/maps/place/Pakhi+Social+Services+Organization/data=!4m7!3m6!1s0x390cfd377283f6a9:0xfdec342686b563bf!8m2!3d28.6319455!4d77.2171652!16s%2Fg%2F11dyx82hbd!19sChIJqfaDcjf9DDkRv2O1hiY07P0?authuser=0&hl=en&g_ep=EgoyMDI2MDkyNy4xIJJjKgBIAVAD&rclk=1,NGO in Connaught Place Delhi,1,5.0,0.24444444444444444,0,Pakhi social services organisation Good forever work all human
Public Voice NGO,0.0,0,"Public Voice NGO | No reviews | Youth social services organization · 5216 G.F, Basant Rd | Open · Closes 8 pm · 098113 42456",https://www.google.com/maps/place/Public+Voice+NGO/data=!4m7!3m6!1s0x390cfdcc32840de1:0xb5c2fb6aa3fac54a!8m2!3d28.6389365!4d77.2156971!16s%2Fg%2F11kq9cs1pv!19sChIJ4Q2EMsz9DDkRSsX6o2r7wrU?authuser=0&hl=en&g_ep=EgoyMDI2MDkyNy4xIJJjKgBIAVAD&rclk=1,NGO in Connaught Place Delhi,0,0.0,0.0,0,No verified reviews found.
Nagrik Foundation,0.0,0,"Nagrik Foundation | No reviews | Social services organization · 8B, Vandana Building, 11 Tolstoy Marg | 011 4350 2031",https://www.google.com/maps/place/Nagrik+Foundation/data=!4m7!3m6!1s0x390cfd34f5909d6f:0x3ed177b3086b40d2!8m2!3d28.626577!4d77.221609!16s%2Fg%2F11c2qk_h63!19sChIJb52Q9TT9DDkR0kBrCLN30T4?authuser=0&hl=en&g_ep=EgoyMDI2MDkyNy4xIJJjKgBIAVAD&rclk=1,NGO in Connaught Place Delhi,0,0.0,0.0,0,No verified reviews found.
Caritas India,0.0,81,"Caritas India | 4.8(81) | Non-governmental organization ·  · CBCI Centre, 1, Gol Dak Khana Roundabout | Temporarily closed · 011 2336 3390",https://www.google.com/maps/place/Caritas+India/data=!4m7!3m6!1s0x390cfd4dffce1a87:0xcc69c33d619fb12a!8m2!3d28.6279486!4d77.2059609!16s%2Fg%2F11b7kk1n3v!19sChIJhxrO_039DDkRKrGfYT3Dacw?authuser=0&hl=en&g_ep=EgoyMDI2MDkyNy4xIJJjKgBIAVAD&rclk=1,NGO in Connaught Place Delhi,5,4.8,0.3803030303030303,0,"Im returnee from Romania. Caritas India Help me alot to get on my feets again. Im so thankful to John Bonion and Stephen Sir from Jalandhar Punjab, Caritas India and Frontex team. ||| A national level organisation working for soioeconomic development. It has own system guided as per Society Registration Act 1860. This irganisation is working in collaboartion with givernment departmenst. clean place ||| The address mentioned here is of North Zone Office. Head Office address is 1, Ashok Place, CBCI Centre, 3rd Floor, Opp Sacred Heart Church, Goldekhana, New Delhi 110001 ||| One of best NGO with dedicated staff, clear vision and having reach in every corner of the nation. ||| Great place and helpful environment"
Habitat for Humanity India,0.0,5,"Habitat for Humanity India | 4.4(5) | Non-profit organization · 1st Floor, Police Station, 38, Hanuman Rd, behind Connaught Place | Temporarily closed",https://www.google.com/maps/place/Habitat+for+Humanity+India/data=!4m7!3m6!1s0x390ce2b2bb70647d:0xb6b1653fe0a0681!8m2!3d28.6291097!4d77.2151411!16s%2Fg%2F11c5swd4q2!19sChIJfWRwu7LiDDkRgQYK_lMWaws?authuser=0&hl=en&g_ep=EgoyMDI2MDkyNy4xIJJjKgBIAVAD&rclk=1,NGO in Connaught Place Delhi,1,5.0,0.0,0,Does Sukriya have a card?
PRATYeK,0.0,24,"PRATYeK | 4.5(24) | Foundation · PRATYeK, Top Floor, Sector 4, 1, Bhai Vir Singh Marg | Temporarily closed · 011 2374 3095",https://www.google.com/maps/place/PRATYeK/data=!4m7!3m6!1s0x390cfd51ce72cd2d:0x7af166b39c701f0e!8m2!3d28.6287938!4d77.2048279!16s%2Fg%2F11c20svhd6!19sChIJLc1yzlH9DDkRDh9wnLNm8Xo?authuser=0&hl=en&g_ep=EgoyMDI2MDkyNy4xIJJjKgBIAVAD&rclk=1,NGO in Connaught Place Delhi,5,4.8,0.4587121212121212,0,"Pratyek is working towards a great cause and is helping towards empowering children and enabling them to do advocacy for themselves. It is doing an amazing work and come up with new and innovative ideas to build an environment to inspire children to design their vision and implement it. I am very happy to be a part of Pratyek family. Like the Pratyek page to know more about it ||| Pratyek is a really innovative organisation which carries out direct interventions in the lives of unprivileged children. Through its various projects like Nineismine, Adjusted, Haq kiShor and House of Kidizens, it has empowered the lives of millions of kids. ||| Pratyek NGO is all about Child rights Where they also teach students for free of cost and help them growing in their career To achieve success ||| It is a excellent platform where children have been exploring the child rights and advocacy. ||| Amazing place for kids to learn and grow. Pratyek teams works really hard for children."
Helping Hand,0.0,13,Helping Hand | 4.8(13) | Non-governmental organization · 5303 | Temporarily closed · 011 6462 8600,https://www.google.com/maps/place/Helping+Hand/data=!4m7!3m6!1s0x390cfd40ccc2ff69:0x73ed885f215cea77!8m2!3d28.640478!4d77.215602!16s%2Fg%2F12hk5z_0h!19sChIJaf_CzED9DDkRd-pcIV-I7XM?authuser=0&hl=en&g_ep=EgoyMDI2MDkyNy4xIJJjKgBIAVAD&rclk=1,NGO in Connaught Place Delhi,5,5.0,0.36411111111111116,0,"I had an excellent experience with team helping hand Their tour and travel services were seamless, with wellplanned itineraries and great customer service. Additionally, their loan options were straightforward and perfectly tailored to my needs. And all the legal work is also done very quickly. Highly recommend for both legal, travel and financial services! ||| Amazing work Quick services Nice experience No delays in any type of work ||| Oosm services and quick work no any delays ||| Service be on time and as per on suitable rates ||| Thank you mam doing for every thing your child"
help donors,0.0,4,"help donors | 4.8(4) | Blood donation center · J6HC+66R, Tolstoy Ln | Temporarily closed",https://www.google.com/maps/place/help+donors/data=!4m7!3m6!1s0x390cfd343500dd35:0xcbf627a149e17164!8m2!3d28.6281081!4d77.2205194!16s%2Fg%2F11t_qnvf2s!19sChIJNd0ANTT9DDkRZHHhSaEn9ss?authuser=0&hl=en&g_ep=EgoyMDI2MDkyNy4xIJJjKgBIAVAD&rclk=1,NGO in Connaught Place Delhi,0,0.0,0.0,0,No verified reviews found.
UPAY (Karol Bagh Center),0.0,24,UPAY (Karol Bagh Center) | 4.9(24) | Non-governmental organization · 3776/19 | Closed · Opens 3 pm Thu · 084472 84956,https://www.google.com/maps/place/UPAY+%28Karol+Bagh+Center%29/data=!4m7!3m6!1s0x390d029b89dc5ed1:0x3c149e4d8c4b55d2!8m2!3d28.6511059!4d77.1884357!16s%2Fg%2F11gcyr6m3w!19sChIJ0V7ciZsCDTkR0lVLjE2eFDw?authuser=0&hl=en&g_ep=EgoyMDI2MDkyNy4xIJJjKgBIAVAD&rclk=1,NGO in Karol Bagh Delhi,5,5.0,0.4229924242424242,0,"This is karo bagh office for upay the one for dellhi zone. Helping under Privileged kids , one that touches a soft spot for me. keep up the good work. ||| This place has given opportunities to children who might have missed out otherwise. The change is real and visible. ||| First of all i would like to thank mithila maam and varun sir for giving us such a wonderful experience at UPAY . It is a lifetime opportunity to improve our carrer and learn something new the environment is amazing and the children also pay attention to new things it encourages us to teach them something new the centre coordinators also help us a lot i am enjoying my journey at UPAY and hope i will get the time in future to contribute something here and learn something new. ||| UPAY is an exceptional NGO, offering quality education to underprivileged children. Their innovative programs, dedicated volunteers and transparent operations make a significant impact. Highly recommended for their commendable work. ||| This place is shifted nearby. I decided to volunteer for teaching underprivileged kid and contacted them through site, it took some time but i joined them and its a great experience."
Jai kavita foundation,0.0,72,"Jai kavita foundation | 5.0(72) | Non-profit organization · Office 315, 4th floor, Dhaka Chambers, 2068/38-39 | Open · Closes 7 pm · 088820 44289",https://www.google.com/maps/place/Jai+kavita+foundation/data=!4m7!3m6!1s0x390cfdea7d955599:0x721f9262ea91ef62!8m2!3d28.6461729!4d77.1965686!16s%2Fg%2F11v0y8t6ss!19sChIJmVWVfer9DDkRYu-R6mKSH3I?authuser=0&hl=en&g_ep=EgoyMDI2MDkyNy4xIJJjKgBIAVAD&rclk=1,NGO in Karol Bagh Delhi,5,5.0,0.489,0,"Great experience with Shivanis work! Professional team, clear communication, and reliable compliance solutions. They make complex processes simple and manageable. Highly recommended ||| Good service provided, your communication and work is help to me intime ||| The service was good as per the Commitment. ||| Excellent work within the time period very humble, very cooperative ||| FAST SERVICE AND VERY GOOD PEOPLE"
Beti ek Lakshya Foundation,0.0,55,"Beti ek Lakshya Foundation | 5.0(55) | Non-governmental organization · 15A, 2 | Closes soon · 6 pm · Opens 11 am Thu · 096253 08001",https://www.google.com/maps/place/Beti+ek+Lakshya+Foundation/data=!4m7!3m6!1s0x390cfdf4c134cc4f:0xbdaea911576094f!8m2!3d28.6456553!4d77.1874056!16s%2Fg%2F11l1d9ybbn!19sChIJT8w0wfT9DDkRTwl2FZHq2gs?authuser=0&hl=en&g_ep=EgoyMDI2MDkyNy4xIJJjKgBIAVAD&rclk=1,NGO in Karol Bagh Delhi,5,5.0,0.6119063852813853,0,"My name is Diya Kumari, I am 14 years old. I really enjoyed joining this computer class and am very happy with the way the teaching was being conducted here by the teachers here.Friends were also very nice, along with studies here we used to organize small parties in which we had a lot of fun, we used to play games, it was very nice, we did a course of 3 months here And the best part is that it was absolutely free, only 250 rupees were charged for registration. Another best part is that this Lakshya Foundation Sir did not only name the daughter after her daughter, it also named her life after her.This is a big decision, by joining here we can become a future independent girl and thanks for Beti Ek Lakshya Foundation ||| My experience was very good. I got to learn a lot of new things here. The teachers here are also very good. ||| We the aaoma foundation had an amazing time and event with beti ek lakshya foundation.they are doing amazing work in the field of making youth better.lot of wishes ||| My personal experience was very good. Teachers are very polite with their every students and they helps everytime whenever I needed in any kind of problem in course and the best thing is that they teachs basic computer course for free to every girl and encourage girls education ||| Beti lakshay foundation is best foundation in patel nagar for girls"
Shiksha Bank,0.0,126,"Shiksha Bank | 4.7(126) | Non-governmental organization · 11255, opp. Sawli Murti Mandir | Closed · Opens 12 pm Thu · 088609 30930",https://www.google.com/maps/place/Shiksha+Bank/data=!4m7!3m6!1s0x390cfd82be0a70b1:0x78b8b5183e90d2c4!8m2!3d28.6569122!4d77.1989791!16s%2Fg%2F11nsvdn17n!19sChIJsXAKvoL9DDkRxNKQPhi1uHg?authuser=0&hl=en&g_ep=EgoyMDI2MDkyNy4xIJJjKgBIAVAD&rclk=1,NGO in Karol Bagh Delhi,5,5.0,0.2835142857142857,0,"My self Mukul Sehgal and I am also a volunteer of Shiksha bank. It makes me feel proud to be a part of this NGO which works for betterment of all sections of society . Shiksha bank has organized various activities like health camp and summer camp etc. ||| My self Varun and I am a volunteer of shiksha bank. It makes me feel proud that I am a part of this NGO which works for betterment of society and is always ready to help people in need. Shiksha bank has organized various activities for people like health camp, summer camp etc.I learnt many things by working as a volunteer. I hope shiksha bank is bale to spread its wings more in the coming time. ||| Shiksha bank is doing very good work for future of everyone by reuse old books and save the trees throughwhich we can save our environment and make healthy life of ourself and our future generations too. ||| Shiksha Bank NGO works tirelessly day and night to make sure that children get access to education, and no one gets left behind. I salute all the volunteers, community members and donors who continue to contribute in every way possible!! ||| I joined the summer camp organised by Shiksha BankNGO at Pahari Dhiraj .I really got so much information which could help to better my position.Thanks much to the instructor for making it plain and simple for me. The teachers were very thoughtful who puts a lot of thought into how they presents the material.Their lessons were engaging and useful .Their teaching methods were great. The teachers were patient and eager to help. Please keep delivering and developing quality education. Regards, Sonali"
BANDHU INDIA,0.0,2,"BANDHU INDIA | 5.0(2) | Non-governmental organization · Plot No, 871, E Park Rd | Open 24 hours · 098186 14464",https://www.google.com/maps/place/BANDHU+INDIA/data=!4m7!3m6!1s0x390cfdc944d46547:0xb2ecb4b0cdc8b11e!8m2!3d28.6540112!4d77.1996196!16s%2Fg%2F11h3jhv41y!19sChIJR2XURMn9DDkRHrHIzbC07LI?authuser=0&hl=en&g_ep=EgoyMDI2MDkyNy4xIJJjKgBIAVAD&rclk=1,NGO in Karol Bagh Delhi,0,0.0,0.0,0,No verified reviews found.
Apna Parivar,0.0,4,"Apna Parivar | 5.0(4) | Social services organization · Durga Chamber, B-8/1334, Desh Bandhu Gupta Rd | Open · Closes 7 pm · 098712 41668",https://www.google.com/maps/place/Apna+Parivar/data=!4m7!3m6!1s0x390cfd3831dfb593:0xa1fdd869c58fc214!8m2!3d28.6504919!4d77.1962991!16s%2Fg%2F11f7gpsw6f!19sChIJk7XfMTj9DDkRFMKPxWnY_aE?authuser=0&hl=en&g_ep=EgoyMDI2MDkyNy4xIJJjKgBIAVAD&rclk=1,NGO in Karol Bagh Delhi,2,5.0,0.44166666666666665,0,"I recently visited Appna Parivar and really enjoyed the food. The flavors were authentic and everything tasted fresh and wellprepared. The staff were polite and attentive, which made the experience even better. The restaurant is clean and comfortable, perfect for a casual meal. Overall, I had a satisfying experience and would definitely recommend it to others. Im looking forward to my next visit. ||| this is the best organization how help people when they are facing problem .. Thanks you are helping me a lot in dehradun .."
Jugnu - Let's make everyone shine,0.0,4,"Jugnu - Let's make everyone shine | 4.5(4) | Social services organization · 16/459, Military Rd | Closes soon · 6 pm · Opens 10 am Thu · 096549 67749",https://www.google.com/maps/place/Jugnu+-+Let%27s+make+everyone+shine/data=!4m7!3m6!1s0x390d0125f8963805:0x760f9eac965c3e5f!8m2!3d28.65694!4d77.181457!16s%2Fg%2F11f3x6t22j!19sChIJBTiW-CUBDTkRXz5clqyeD3Y?authuser=0&hl=en&g_ep=EgoyMDI2MDkyNy4xIJJjKgBIAVAD&rclk=1,NGO in Karol Bagh Delhi,0,0.0,0.0,0,No verified reviews found.
Keep Hope Alive Trust ( KHAT ),0.0,15,"Keep Hope Alive Trust ( KHAT ) | 5.0(15) | Non-governmental organization · 4th Floor, Flat No. 402 | Closed · Opens 10 am Thu · 099110 69995",https://www.google.com/maps/place/Keep+Hope+Alive+Trust+%28+KHAT+%29/data=!4m7!3m6!1s0x390d035d4e05c627:0x53a97232f03a8482!8m2!3d28.6458129!4d77.1782757!16s%2Fg%2F11z735hx7b!19sChIJJ8YFTl0DDTkRgoQ68DJyqVM?authuser=0&hl=en&g_ep=EgoyMDI2MDkyNy4xIJJjKgBIAVAD&rclk=1,NGO in Karol Bagh Delhi,5,5.0,0.5026170798898072,1,"Keep Hope Alive Trust is a trustworthy NGO with a dedicated team and a meaningful mission. What I appreciate most is their transparency and accountability throughout the donation process. They provide proper donation receipts and keep supporters informed, which reflects their commitment to doing genuine work. Their efforts to support those in need truly deserve appreciation. Its inspiring to see an organization making a positive impact with sincerity and compassion. I hope more people come forward to support this wonderful initiative and help bring hope to many more lives. ||| Trustable ngo they where provide 80g recepit and donation receipt good to go with the ngo ||| This is genuine and trustworthy NGO and i personally refer to people who can donate as much as for those kids who cant afford a one time meal or more things like clothes, shoes or whatever they need. And this is also financially help education and health related like cancer patient or heart patient, also give it wheelchair for handicap people. ||| A trustworthy NGO making a real difference through food, education, and healthcare support. Keep up the great work! ||| A trustworthy NGO making a real difference in peoples lives Honest team and excellent work"
Gautam Gambhir Foundation,0.0,40,"Gautam Gambhir Foundation | 4.8(40) | Non-profit organization · Number - 22, Pusa Rd | Open · Closes 9 pm · 089202 64346",https://www.google.com/maps/place/Gautam+Gambhir+Foundation/data=!4m7!3m6!1s0x390d0297de4cf675:0xde147c622694307!8m2!3d28.6430593!4d77.1814673!16s%2Fg%2F11fnw180fq!19sChIJdfZM3pcCDTkRB0NpIsZH4Q0?authuser=0&hl=en&g_ep=EgoyMDI2MDkyNy4xIJJjKgBIAVAD&rclk=1,NGO in Karol Bagh Delhi,4,5.0,0.46499999999999997,0,You have to tried once on your life. Simply hats off to their work ||| I LOVE GAUTAM GAMBHIR...REAL HERO ||| Very fantastic good work. ||| Good job sir you are great
Those In Need,0.0,23,"Those In Need | 4.9(23) | Youth social services organization · 3rd Floor, 3391 | Open 24 hours · 097111 58343",https://www.google.com/maps/place/Those+In+Need/data=!4m7!3m6!1s0x390d03d08ab6e6ab:0xd4605928b026330e!8m2!3d28.6707032!4d77.2051656!16s%2Fg%2F11c5h3qwc_!19sChIJq-a2itADDTkRDjMmsChZYNQ?authuser=0&hl=en&g_ep=EgoyMDI2MDkyNy4xIJJjKgBIAVAD&rclk=1,NGO in Karol Bagh Delhi,4,4.75,0.4591179653679654,0,"Those in Need not only has a unique concept of getting volunteers and NGO together but have the most innovative events to enjoy and contribute towards society all at the same time. There is something for everyone! Register yourself on their website and join in for fun events and also earn reward points! ||| This is a great platform to search various NGOs and volunteer with them. Those In Need organises some initiatives for the the betterment of the society. I have been volunteering with them myself at some of their events and it is a great experience volunteering with them. ||| It is lovely experience being at Those In Needs events. It is certainly the Best Ngo in Delhi for social work and all events that are sufficient to make your day a brightening one. ||| This is the best bunch of people working together , not for themselves but for the society. Delhi people out there, work with them I am sure youll experience something new. They are changing lives And everyone else out of Delhi, please support the kind souls."
Gurudikshaam (NGO),0.0,229,"Gurudikshaam (NGO) | 4.9(229) | Education center · metro station gate, WZ-9, near Ashok Park | Closes soon · 6 pm · Opens 11 am Thu · 098110 27566",https://www.google.com/maps/place/Gurudikshaam+%28NGO%29/data=!4m7!3m6!1s0x390d03f7ed36a2a9:0x3f250f0f87403e17!8m2!3d28.6712657!4d77.1557162!16s%2Fg%2F11f8hsvyst!19sChIJqaI27fcDDTkRFz5Ahw8PJT8?authuser=0&hl=en&g_ep=EgoyMDI2MDkyNy4xIJJjKgBIAVAD&rclk=1,NGO in Karol Bagh Delhi,5,5.0,0.29275108225108226,0,"I had a good experience with Gurudikshaam NGO. They are genuinely working at the ground level, especially in supporting childrens education and conducting awareness programmes on health and hygiene. The volunteers were very kind and interacted well with the community. I personally saw them distribute study materials and organise small learning sessions, which made a positive impact. They can improve by sharing more regular updates, photos, and activity reports online for better transparency. But overall, its a sincere team doing meaningful work. Happy to support their initiatives. ||| Dedicated and Transparent Leadership The leadership under Dr. Rakesh Sharma is truly dedicated to the NGOs mission. The team is professional, compassionate, and transparent about how they manage ||| The Gurudiksham ngo is doing incredible work in improving and helping society. Their dedication in every possible effort is making a real difference in the lives of people . Im impressed by their work and would love to see more support for their efforts. Also, theyre very helpful if anyone wants to volunteer. ||| A True Beacon of Hope Guru Dikshaam is doing truly incredible work on the ground. Their dedication to You can insert specific cause here, e.g., education for underprivileged children or community development is commendable. The transparency in their operations and the visible impact of their projects make them an NGO worthy of complete trust and support. ||| I recently came across Gurudikshaam NGO, and overall my experience with them has been quite positive. They genuinely seem to focus on education, women empowerment and health awareness for underprivileged communities. I really liked how clearly they talk about their goals and activities on their website"
SAFE NATION FOUNDATION ( NGO ),0.0,100,SAFE NATION FOUNDATION ( NGO ) | 4.9(100) | Non-governmental organization | Closed · Opens 9 am Thu · 095822 97372,https://www.google.com/maps/place/SAFE+NATION+FOUNDATION+%28+NGO+%29/data=!4m7!3m6!1s0x390cffb58ff05881:0xd632de4c1302b5fe!8m2!3d28.667302!4d77.183722!16s%2Fg%2F11gjj27rmq!19sChIJgVjwj7X_DDkR_rUCE0zeMtY?authuser=0&hl=en&g_ep=EgoyMDI2MDkyNy4xIJJjKgBIAVAD&rclk=1,NGO in Karol Bagh Delhi,5,5.0,0.6572222222222223,0,Well done team. You really work hard and helping needy person. Best wishes ||| Doing Great Job...Keep it up....100 Trustworties ....Very Good ||| Awesome work really doing superb job guys ||| You guys are doing such a excellent work god bless you guys.... ||| Superb job God bless u Dr moncy varghes
Rashtriya Sewa Bharati,0.0,121,"Rashtriya Sewa Bharati | 4.6(121) | Non-governmental organization ·  · Basement, BD-37, Gali Number 14, Faiz Rd | Closes soon · 6 pm · Opens 10 am Thu · 098682 45005",https://www.google.com/maps/place/Rashtriya+Sewa+Bharati/data=!4m7!3m6!1s0x390cfd6403c2dea3:0xcca58f72f6db8da3!8m2!3d28.6507874!4d77.2006468!16s%2Fg%2F11f403jgfs!19sChIJo97CA2T9DDkRo43b9nKPpcw?authuser=0&hl=en&g_ep=EgoyMDI2MDkyNy4xIJJjKgBIAVAD&rclk=1,NGO in Karol Bagh Delhi,5,5.0,0.4925833333333333,0,One of the best and trustful of NGOs we have come across. Fully dedicated towards our Nation. Sacchi Seva Bharat mata aur Bhartiyo ki... ||| I dont know why this beautiful sewa organization never promotes their donation page in social media or web. Even their web page hardly opens the donation informationtheir should be a direct link or Google pay transfer system.Kondly focus on this ||| Sewa is the ultimate thing in life with this motto they are working.. loved the place !! Amazed to know their selfless dedication towards mankind !! ||| Public charity organization. Open to all. Managed by hundu devotees. Non governmental. ||| A very nice institution.great people doing great work for the society..
Nayi Soch Foundation,0.0,16,"Nayi Soch Foundation | 5.0(16) | Foundation · E16, 1291 92, Padam Singh Rd | Open · Closes 8 pm · 092134 37070",https://www.google.com/maps/place/Nayi+Soch+Foundation/data=!4m7!3m6!1s0x390d029eecfc54ad:0x31971ebb300c4ee1!8m2!3d28.6528089!4d77.1818858!16s%2Fg%2F11k45_6y20!19sChIJrVT87J4CDTkR4U4MMLselzE?authuser=0&hl=en&g_ep=EgoyMDI2MDkyNy4xIJJjKgBIAVAD&rclk=1,NGO in Karol Bagh Delhi,2,5.0,0.47500000000000003,0,This NGo is good and stay ahead in public service. ||| Doing an amazing job
Hamara Book Bank - Non Profit Organisation,0.0,277,"Hamara Book Bank - Non Profit Organisation | 4.7(277) | Non-governmental organization ·  · T-2321, Basement, Ft Hanuman Mandir, Link Road Circle, in-front of Rajkiya Pratibha Vikas Vidyalaya, opposite 108 | Closed · Opens 11 am Thu · 088600 41466",https://www.google.com/maps/place/Hamara+Book+Bank+-+Non+Profit+Organisation/data=!4m7!3m6!1s0x390cfd4026f700e1:0x3385e9bf64f80bf4!8m2!3d28.6461302!4d77.1977256!16s%2Fg%2F11cm4c6gns!19sChIJ4QD3JkD9DDkR9Av4ZL_phTM?authuser=0&hl=en&g_ep=EgoyMDI2MDkyNy4xIJJjKgBIAVAD&rclk=1,NGO in Karol Bagh Delhi,5,5.0,0.4013703703703704,0,"It is very helpful for those who cant afford books. You can also help the students by giving your old books to them ||| Today I visited Hamaara Book Bank. Here, books are given for free, only a small security amount is taken, which is returned when you give the books back. Its run by a kind uncle through an NGO. He manages everything alone and helps students who cant afford books. The place is clean, wellorganized, and very helpful. A great support for poor and needy students ||| In the heart of Karol Bagh lies a remarkable Book Bank run singlehandedly for over ten years by a humble and inspiring man. His journey began with a personal strugglehe once couldnt afford to buy books for his own children. Instead of ||| This is a great initiative that distributes books for free to those in need! They go to great lengths to ensure that people with genuine need get the books and not those intending to misuse free books for e.g. by selling them. ||| Im eager to share my wonderful experience with this library, which has been an invaluable resource for me. The library provides students with easy access to books, making studying a breeze. The diverse collection of books is impressive. Ive grown to cherish this space. Moreover, the staffs courtesy and respect make every visit a delight."
Karam Bhumi Foundation NGO Delhi India,0.0,5,Karam Bhumi Foundation NGO Delhi India | 4.8(5) | Non-governmental organization | Closes soon · 6 pm · Opens 9 am Thu · 098991 45516,https://www.google.com/maps/place/Karam+Bhumi+Foundation+NGO+Delhi+India/data=!4m7!3m6!1s0x390d02f756760eaf:0x4f44dcd4bc4724b6!8m2!3d28.5273522!4d77.2089851!16s%2Fg%2F11bw1zf4rn!19sChIJrw52VvcCDTkRtiRHvNTcRE8?authuser=0&hl=en&g_ep=EgoyMDI2MDkyNy4xIJJjKgBIAVAD&rclk=1,NGO in Karol Bagh Delhi,1,5.0,0.22500000000000003,0,Good Job... I saw team of karam bhumi foundation to distribute free books and pen to poor children on occation of Dr. Bhim Rao Ambedkar Jayanti in Delhi. Thanks to team members of this ngo.
Sewa International,0.0,51,"Sewa International | 4.7(51) | Non-profit organization · Site 11, Sewa International, First Floor, Plot 8, near SD Public School | Closes soon · 6 pm · Opens 10 am Thu · 011 4300 7650",https://www.google.com/maps/place/Sewa+International/data=!4m7!3m6!1s0x390d029367fc41e5:0x5184036111befdc6!8m2!3d28.6480009!4d77.169047!16s%2Fg%2F11clhqfb34!19sChIJ5UH8Z5MCDTkRxv2-EWEDhFE?authuser=0&hl=en&g_ep=EgoyMDI2MDkyNy4xIJJjKgBIAVAD&rclk=1,NGO in Karol Bagh Delhi,5,5.0,0.2783333333333333,0,"Sewa international is an international platform for reform and reestablish the culture of sewa for each and every component of prakriti. ||| Thanks for sewa gave me such a wonderful opportunity to help poor people in lockdown . ||| Excellent office. Inspiring projects. Amazing people. ||| Social Leaders,change Future ||| Good place if you are interested to volunteering.."
vidya vijay foundation,0.0,31,"vidya vijay foundation | 4.9(31) | Non-governmental organization · upper ground floor, 26/66 | Open · Closes 8 pm · 099991 30332",https://www.google.com/maps/place/vidya+vijay+foundation/data=!4m7!3m6!1s0x390d03f59e2682cf:0x598d6fab9f56a33b!8m2!3d28.651827!4d77.164467!16s%2Fg%2F11lf1p359p!19sChIJz4ImnvUDDTkRO6NWn6tvjVk?authuser=0&hl=en&g_ep=EgoyMDI2MDkyNy4xIJJjKgBIAVAD&rclk=1,NGO in Karol Bagh Delhi,5,5.0,0.20821717171717175,0,"I am incredibly grateful for the work this NGO is doing to raise awareness about the POSH Act and empower youth, children, and women. Their efforts are invaluable in creating a safer and more just society. I was particularly impressed by mention a specific program or initiative, e.g., their workshops on workplace harassment, their support for survivors, their advocacy efforts. I highly recommend this organization to anyone who wants to make a difference in the fight against genderbased violence. ||| The Vidya Vijay Foundation is a nonprofit organization focused on tackling a range of legal and social challenges. Through its programs, it works to raise awareness and offer assistance in areas like human rights, legal support, and social ||| Really appreciate The Vidya Vijay Foundation. Its is a nonprofit organisation focused on tackling a range of legal and social challenges. Their meaningful efforts drive positive change, empowering underserved communities while advocating for equality and justice. ||| The Vidya Vijay Foundation is an NGO dedicated to addressing various legal and social issues. Through its initiatives, it raises awareness and provides support in areas such as human rights, legal aid, and social justice. Their impactful work fosters positive change, empowering marginalized communities and promoting equality and justice. ||| I had the privilege of witnessing the incredible work this NGO does to raise awareness about the POSH Act and empower youth, children, and women. Their workshops are not only informative but also highly engaging, breaking down complex"
Father's house NGO,0.0,68,"Father's house NGO | 4.9(68) | Education center · F - 50 Block F PUNJABI BASTI, near RAMJUS GROUND | Closed · Opens 9 am Thu · 099998 96495",https://www.google.com/maps/place/Father%27s+house+NGO/data=!4m7!3m6!1s0x390d03c6ca8a9e6f:0xa592c9fad2f2838b!8m2!3d28.6602677!4d77.1680169!16s%2Fg%2F11kk7p2s8l!19sChIJb56KysYDDTkRi4Py0vrJkqU?authuser=0&hl=en&g_ep=EgoyMDI2MDkyNy4xIJJjKgBIAVAD&rclk=1,NGO in Karol Bagh Delhi,5,5.0,0.40915259740259735,0,"It has been 3 months since I came to Fathers House. In these 3 months, I have learnt a lot and a lot of changes have also taken place in me. After coming to Fathers House, I want to make something for my future career because I got to learn a lot. It will be good for me in the future too. The teachers here are very good. They explain very well and teach. Our Fathers House is very good. Thank you so much to all my teachers. ||| Father House is a wonderful NGO that is helping children become selfdependent. By offering practical courses like beautician and stitching, it is not only teaching valuable skills but also guiding them toward a better future. Such initiatives are truly valuable for society. ||| Thank you so much, Father House, for giving me such a wonderful opportunity. I completed the Assistant Beautician course here. Along with beauty skills, I learned other things like communication, body language, behavior, and my confidence ||| Thank you so much farther house the father houses very good platformlearned a lot here, I learned something new. It was a great learning experience I learned new things here. Ive gained a lot of knowledge and learned new things here and thank you so much farther house and teachers ||| We did here beautician course and I had here good experience.theres teachers are so good ....we had learnt lot of things from here .."
Ek Ehsaas Foundation (EEF) NGO,0.0,501,"Ek Ehsaas Foundation (EEF) NGO | 5.0(501) | Foundation · ground, R-77 (upper, Krishna Mandir Gali | Closed · Opens 10:30 am Thu · 098181 04084",https://www.google.com/maps/place/Ek+Ehsaas+Foundation+%28EEF%29+NGO/data=!4m7!3m6!1s0x390d01b6c4795ff9:0xbb7c6cd205d593f8!8m2!3d28.7126929!4d77.1858352!16s%2Fg%2F11my98_dpm!19sChIJ-V95xLYBDTkR-JPVBdJsfLs?authuser=0&hl=en&g_ep=EgoyMDI2MDkyNy4xIJJjKgBIAVAD&rclk=1,NGO in Karol Bagh Delhi,5,5.0,0.5816666666666667,0,"An incredible NGO doing truly dedicated and selfless work for old age and homeless people. Their compassion, dignitydriven care, and genuine commitment to humanity are deeply inspiring. They dont just provide shelter and supportthey give hope, respect, and a sense of family to everyone. Truly commendable service to society. ||| A place where Gods Mercy and the Goodwill of fellow Humans come together to create an earthly abode for the homeless. Efforts of Reena Charles to continue her mission are being rewarded by God Almighty. All the best for all your ventures. ||| I had the pleasure of meeting Reena ji today and was truly touched by the meaningful work she is doing for students, teachers, schools, and the underprivileged sections of society. ||| God bless you Maam... Ur old age home is beautiful. Ur dream has come true. Proud of Ek Ehsaas Foundation EEF Delhi ||| It was an incredible experience working with the NGO, the old age home felt so homely and such kind people, it was lovely meeting them and a really sweet experience."
NSSS FOUNDATION N.G.O,0.0,649,"NSSS FOUNDATION N.G.O | 5.0(649) | Non-governmental organization · D3, 51-52 | Closed · Opens 9 am Thu · 096544 20600",https://www.google.com/maps/place/NSSS+FOUNDATION+N.G.O/data=!4m7!3m6!1s0x390d01c457e317f1:0x46157a42023dc8f1!8m2!3d28.7307119!4d77.110549!16s%2Fg%2F11tws6fcp9!19sChIJ8RfjV8QBDTkR8cg9AkJ6FUY?authuser=0&hl=en&g_ep=EgoyMDI2MDkyNy4xIJJjKgBIAVAD&rclk=1,NGO in Karol Bagh Delhi,5,5.0,0.33753374655647383,0,"The social activity conducted under the NSSS Foundation NGO was a wonderful experience. We spent time teaching and interacting with children, helping them learn basic concepts in a fun and engaging way. The kids were very enthusiastic and eager to participate in the actives. It was heartwarming to see their interest and curiosity. Overall, the session was enjoyable and meaningful, creating a positive learning environment ||| Volunteering with NSSS Foundation was a truly rewarding experience. I had the opportunity to participate in the rose syrup water distribution drive, where we served people and helped them stay refreshed in the heat. It was wonderful to see ||| I am Keshvi Aggarwal, and I had a wonderful volunteering experience through NSSS Foundation. During my time here, I taught students, organized a stationery distribution drive, participated in a plantation activity, conducted fun games to enhance childrens cognitive skills, and guided them through exercises and yoga poses to promote physical fitness. The dedication of the team and the enthusiasm of the children made every activity meaningful and rewarding. It was inspiring to witness the positive impact these initiatives had on the students learning, confidence, and overall development. This experience strengthened my sense of responsibility, compassion, and community service. I am sincerely grateful to NSSS Foundation for providing me with the opportunity to contribute, learn, and make a positive difference in the lives of others. ||| The Ghumantu Pathshala session conducted by the NSS Foundation was a truly enriching experience. During the interaction, we engaged with underprivileged children and introduced them to basic concepts through simple and interactive methods. ||| Had an amazing experience in being a part of the initiative Ghumantu Pathshala by NSSS Foundation. Interacting with children from underprivileged background was very fulfilling. Got to know their aspirations and struggles. Guided them on the importance of education and how it can be life changing. Along with that, taught them basic maths and English, first steps to a good education. It was also a learning and enriching experience for me. It made me realise that potential is everywhere, it just needs guidance to shine. I appreciate the efforts that NSSS is putting in making a meaningful difference to the children."
Karuna The Compassion,0.0,2377,"Karuna The Compassion | 4.9(2,377) | Non-profit organization ·  · G 521,Land mark, near Kushal Hall | Open now · 081781 63708",https://www.google.com/maps/place/Karuna+The+Compassion/data=!4m7!3m6!1s0x390d01ec8cd0fc41:0x24b991a7f8aa81f8!8m2!3d28.725872!4d77.1740821!16s%2Fg%2F12qflc648!19sChIJQfzQjOwBDTkR-IGq-KeRuSQ?authuser=0&hl=en&g_ep=EgoyMDI2MDkyNy4xIJJjKgBIAVAD&rclk=1,NGO in Karol Bagh Delhi,5,4.6,0.44535714285714284,0,"Karuna The Compassion genuinely helps those in need and makes a real difference in their lives. Their approach is transparent and inspiring. I fully support and highly recommend them. ||| Karuna the Compassion is doing something truly special. The people behind it arent just running an organization theyre out there every day, spreading kindness and creating real change. What I admire most is the way young volunteers put their heart into helping others. Its not about big words, its about simple, genuine acts that really matter. If you get a chance to support Karuna the Compassion, Id say go for it youll be backing something thats making life better for so many. ||| Karuna Compassion NGO is doing remarkable work for society. Their dedication towards helping underprivileged communities is truly inspiring. The team works selflessly with compassion and ensures that every project creates real impact. I feel grateful to support such a noble cause. ||| The NGO works the best from its side helping the needy ones is the thing which I think everyone do in their life Working with Karuna The Compassion guide us how to work accordingly ||| I am incredibly impressed and moved by the work that Karuna the Compassion is doing for the community. Its not just an organization its a movement of compassion in action, driven by a dedicated team and passionate young volunteers. I"
PANKH NGO,0.0,45,"PANKH NGO | 4.9(45) | Social welfare center ·  · N 77°06, B-6/177 Sector 3, Rohini 28°42'00.1, 35.6""E | Open · Closes 8 pm · 098999 26293",https://www.google.com/maps/place/PANKH+NGO/data=!4m7!3m6!1s0x390d01d03d0e2cfd:0xf39a89290c10b655!8m2!3d28.6996564!4d77.1098366!16s%2Fg%2F11vdkcsst2!19sChIJ_SwOPdABDTkRVbYQDCmJmvM?authuser=0&hl=en&g_ep=EgoyMDI2MDkyNy4xIJJjKgBIAVAD&rclk=1,NGO in Karol Bagh Delhi,5,5.0,0.34140000000000004,0,"Im closely watching their activities regularly to help underprivileged kids since many years. They are so dedicated and selfless to serve them. I appreciate your concern nd sincere efforts. My best wishes are always there with you The PANKH NGO People,Hats off, keep serving ||| I recently visited at Pankh NGO attended the event .The experience was truly inspiring.The team was super welcoming.It was amazing the performance by the kids stole the show .Overall Pankh NGO does impactful work and Id love to be part of it again. ||| Their initiatives are wellplanned and thoughtfully executed, whether it is helping underprivileged children, empowering women, or supporting skill development. Regular updates, responsible use of funds, and genuine engagement with beneficiaries make Pankh NGO a trustworthy organization to donate to and volunteer with ||| This NGO has transformed our community in ways we didnt think were possible. Their programs are wellstructured, transparent, and genuinely focused on improving lives. Highly recommended. ||| Pankh is a highly transparent and impactful NGO transforming lives of children through various means. 5 stars, genuinely one of the most wonderful organizations for children."
EHSAS NGO,0.0,81,"EHSAS NGO | 4.8(81) | Non-governmental organization · Aradhana Bhawan, 304-305 | Open · Closes 7 pm · 098113 11405",https://www.google.com/maps/place/EHSAS+NGO/data=!4m7!3m6!1s0x390d037dbd316047:0x3b14f919b13e4e91!8m2!3d28.7100122!4d77.1785498!16s%2Fg%2F11nn3qc3cm!19sChIJR2AxvX0DDTkRkU4-sRn5FDs?authuser=0&hl=en&g_ep=EgoyMDI2MDkyNy4xIJJjKgBIAVAD&rclk=1,NGO in Karol Bagh Delhi,5,4.2,0.405047619047619,0,"Me and my family are very much relieved from the support received from EHSAS NGO. In these unprecedented circumstances, it is really GOD Send. After contacting EHSAS NGO, we were relieved from the worries of the logistics of getting a cylinders, its refiling and transportation etc. Everytime, we needed an oxygen cylinder, all we have to do is send a message to them and it was sent by the NGO people right at the doorstep at the right time. I am highly indebted for the support provided by EHSAS NGO and appreciate the work done by them for the humankind. ||| i have contacted ehsas multiple times in the past few months and they have been quite prompt and efficient with their oxygen related services and relief work during this pandemic. i really appreciate their work! ||| 70000 is too much for oxygen cylinder, if you really want to help someone , please provide your help at affordable price.... ||| Great work done by Ehsas Group. You people really done a good job in this pandemic time. Kudus to the Team ||| Ehsas ngo is doing excellent work for water conservation"
24x7 Care Foundation | NGO for Senior Citizens,0.0,123,"24x7 Care Foundation | NGO for Senior Citizens | 4.9(123) | Non-profit organization ·  · D-Mall, Unit No. - 423 4th floor, 110085 | Open · Closes 7 pm · 070652 06000",https://www.google.com/maps/place/24x7+Care+Foundation+%7C+NGO+for+Senior+Citizens/data=!4m7!3m6!1s0x390d03fdbe93b151:0x3bd57324956d1153!8m2!3d28.7164347!4d77.1140208!16s%2Fg%2F11f54n4fp4!19sChIJUbGTvv0DDTkRUxFtlSRz1Ts?authuser=0&hl=en&g_ep=EgoyMDI2MDkyNy4xIJJjKgBIAVAD&rclk=1,NGO in Karol Bagh Delhi,5,5.0,0.3731982323232323,2,"I really appreciate care foundation for their support. My parents live alone in delhi, due to my job requirement I am out of delhi. The NGO has been taking care of them like a family. They are very prompt and highly compassionate for the services. The staff is highly professional and take care of almost everything. Thanks team for being there, you all are doing a great work. ||| We live out of country and our mother who lies alone needed someone to be with her during a cataract surgery. 24x7 Care Foundation stepped in and sent a loving and caring person who escorted our mom to the hospital, waited patiently and ||| The concept of a health camp targeted towards police officers and their families is fantastic. Police work can be demanding and stressful, often leading to neglected health. This camp provided a muchneeded opportunity for officers and their loved ones to prioritize their wellbeing. Glad to be a part of team 24x7 care foundation. ||| 24x7 hosted physical activities and games for senior citizens during Delhi Police Week. As a volunteer ,I learnt a lot . The dedication shown by professionals was commendable. It was a great opportunity to connect with them and contribute towards the society. ||| I volunteered in one of the events which was organised by 247 care foundation, it was about spreading awareness among people about laughter yoga and it was so engaging, the main highlight was that we were able to meet elderly people who shared their life experiences with us."
Nitya Foundation,0.0,23,"Nitya Foundation | 5.0(23) | Non-governmental organization ·  · H-28, Om Complex, 1st Floor | Closes soon · 6 pm · Opens 9:30 am Thu · 098188 85691",https://www.google.com/maps/place/Nitya+Foundation/data=!4m7!3m6!1s0x390ce35318555555:0x11525841db62748d!8m2!3d28.632469!4d77.2790363!16s%2Fg%2F11hbsj021h!19sChIJVVVVGFPjDDkRjXRi20FYUhE?authuser=0&hl=en&g_ep=EgoyMDI2MDkyNy4xIJJjKgBIAVAD&rclk=1,NGO in Karol Bagh Delhi,4,4.75,0.7884740259740259,0,"Nitya Foundation is an outstanding NGO making a real impact. Their commitment to positive change is evident in every initiative. Transparent, innovative, and approachable, they create a welcoming space for volunteers. Proud to support such a dedicated organization! ||| They are doing great work with great honesty ||| Nitya Foundation Best NGO in Delhi NCR bcz Their programs are impactful, their team is dedicated, and the results are tangible. ||| Nitya foundation best"
Whitevision OPC Private Limited,0.0,76,"Whitevision OPC Private Limited | 4.9(76) | Business to business service · 8840/14 Shidi Pura Raja lane, New Rohtak Rd | Closes soon · 6:30 pm · Opens 10 am Thu · 089296 96227",https://www.google.com/maps/place/Whitevision+OPC+Private+Limited/data=!4m7!3m6!1s0x390d03097a246bb9:0x8d17412deae2a749!8m2!3d28.655195!4d77.2014048!16s%2Fg%2F11q1r26hdz!19sChIJuWskegkDDTkRSafi6i1BF40?authuser=0&hl=en&g_ep=EgoyMDI2MDkyNy4xIJJjKgBIAVAD&rclk=1,NGO in Karol Bagh Delhi,5,5.0,0.2804,0,"Excellent service by Whitevision! I have been filing my Income Tax Returns ITR through them, and the entire process is always seamless. They guide you properly on investment options and taxsaving avenues under the law. Very polite, approachable, and highly reliable team. ||| Excellent service and highly professional team. White Vision always provides timely support and guidance. Their dedication and customerfocused approach make the entire process smooth and hasslefree. Highly recommended! ||| I had a great experience working with WhiteVision. Their team is highly professional, responsive, and wellversed in all compliance requirements. From documentation to final approval, everything was handled smoothly and efficiently. I truly appreciate their transparency and dedication. Highly recommended for anyone looking for reliable consultancy services. ||| Excellent service by WhiteVision! Their team is professional, responsive, and always ready to help. They make the entire process smooth and hasslefree. Highly recommended! ||| WhiteVision is a professional and forwardthinking organization that combines strong customer service, a collaborative workplace culture, and a commitment to excellence, making it a respected company for both clients and employees."
Office Samriddhi Ki Aur NGO,0.0,2,"Office Samriddhi Ki Aur NGO | 4.0(2) | Social worker · EG109, Main Rd | Open · Closes 8 pm",https://www.google.com/maps/place/Office+Samriddhi+Ki+Aur+NGO/data=!4m7!3m6!1s0x390d030023102117:0x3db1b516fc064901!8m2!3d28.6321481!4d77.1456898!16s%2Fg%2F11zkllyq3r!19sChIJFyEQIwADDTkRAUkG_Ba1sT0?authuser=0&hl=en&g_ep=EgoyMDI2MDkyNy4xIJJjKgBIAVAD&rclk=1,NGO in Karol Bagh Delhi,1,5.0,0.0,0,This organisation helps me alot and I am thankful for that .
Kalpvriksh-Ek Chota Prayas NGO,0.0,26,"Kalpvriksh-Ek Chota Prayas NGO | 5.0(26) | Non-governmental organization · Wz A23, Gali Number 3 | Open 24 hours",https://www.google.com/maps/place/Kalpvriksh-Ek+Chota+Prayas+NGO/data=!4m7!3m6!1s0x390d031f7c2d3465:0xec85294b573d005f!8m2!3d28.635441!4d77.10564!16s%2Fg%2F11q2tjfbpq!19sChIJZTQtfB8DDTkRXwA9V0sphew?authuser=0&hl=en&g_ep=EgoyMDI2MDkyNy4xIJJjKgBIAVAD&rclk=1,NGO in Karol Bagh Delhi,5,5.0,0.36133333333333334,0,"Always find this NGO helpful in difficult times and always comes with a helping hand, so whenever anyone is facing any issues regarding blood or below the poverty line This NGO always helps u out ||| This is a very nice ngo offering many helpings ||| Hey it was great to know about your hopeful journey, id request you to share ur contact. Rest im a mental health counselor looking for volunteering work,if theres any opportunityopenings plz connect. ||| I am always feel so proud when I visit in the place were doing work for social cause ||| Doing great for humanity best of luck to the team kalpvriksh"
Hum Honge Kamyab Foundation,0.0,5,"Hum Honge Kamyab Foundation | 4.8(5) | Non-governmental organization · S. K. Tower, 9988/B-1, New Rohtak Rd | Closes soon · 6 pm · Opens 10 am Thu · 088606 19144",https://www.google.com/maps/place/Hum+Honge+Kamyab+Foundation/data=!4m7!3m6!1s0x390d03060e30b10b:0xb61b33328a833797!8m2!3d28.663635!4d77.1815484!16s%2Fg%2F11h6lz9f3z!19sChIJC7EwDgYDDTkRlzeDijIzG7Y?authuser=0&hl=en&g_ep=EgoyMDI2MDkyNy4xIJJjKgBIAVAD&rclk=1,NGO in Karol Bagh Delhi,1,5.0,0.0,0,Disability is caused by the way society is organized rather than by a persons impairment.
CHILD CARE AND WOMAN WELFARE SOCIETY NGO ALL OVER INDIA,0.0,10,"CHILD CARE AND WOMAN WELFARE SOCIETY NGO ALL OVER INDIA | 3.9(10) | Social welfare center · GROUND FLOOR, DDA MARKET, H-29, Anand Vas | Open · Closes 7:30 pm · 098180 52111",https://www.google.com/maps/place/CHILD+CARE+AND+WOMAN+WELFARE+SOCIETY+NGO+ALL+OVER+INDIA/data=!4m7!3m6!1s0x390d03815fb5195b:0xe60944520d8fef7a!8m2!3d28.6897553!4d77.1482012!16s%2Fg%2F11h23wv2ff!19sChIJWxm1X4EDDTkReu-PDVJECeY?authuser=0&hl=en&g_ep=EgoyMDI2MDkyNy4xIJJjKgBIAVAD&rclk=1,NGO in Karol Bagh Delhi,0,0.0,0.0,0,No verified reviews found.
punjabi welfare trust (ngo),0.0,12,"punjabi welfare trust (ngo) | 5.0(12) | Non-profit organization · N 77°07, 1/32 Sadar bazar Delhi cantt ground floor near DAV school 28°35'47.5, 20.5""E | Open · Closes 9 pm · 078349 92799",https://www.google.com/maps/place/punjabi+welfare+trust+%28ngo%29/data=!4m7!3m6!1s0x390d1df8f0b98dc1:0x2b62f07bbb3d68fc!8m2!3d28.5964599!4d77.1224329!16s%2Fg%2F11xp27bv4v!19sChIJwY258PgdDTkR_Gg9u3vwYis?authuser=0&hl=en&g_ep=EgoyMDI2MDkyNy4xIJJjKgBIAVAD&rclk=1,NGO in Karol Bagh Delhi,5,5.0,0.44785714285714284,0,"Punjabi welfare trust ngo is helping students they focus on education, they giving free coaching for NDA aspirants ||| Punjabi welfare trust in delhi cantt is the one of the best ngo in delhi . Here they organise different different events for the welfare of needed people and specially for students ||| Hii i am mubarak , i visited to Punjabi welfare trust in delhi cantt. I like what they work.They organised different cultural event for poor students and awareness campaigns helping towards needful people.one of the best ngo in delhi cantt ||| Punjabi welfare trust is one the best trust in delhi cantt , they provide free education for nda studens ||| It is the best NGO in Delhi Cantt which looks after the weaker section of our society by making them aware of government schemes."
Sparsh Ngo,0.0,154,"Sparsh Ngo | 4.0(154) | Non-governmental organization ·  · Sumer Chand Bhawan, Som Bazar Rd | Closed · Opens 9 am Thu · 078386 54364",https://www.google.com/maps/place/Sparsh+Ngo/data=!4m7!3m6!1s0x390d014d6aaaaaab:0x735e0152e540f7dc!8m2!3d28.713972!4d77.105038!16s%2Fg%2F1thf6yw_!19sChIJq6qqak0BDTkR3PdA5VIBXnM?authuser=0&hl=en&g_ep=EgoyMDI2MDkyNy4xIJJjKgBIAVAD&rclk=1,NGO in Karol Bagh Delhi,5,2.2,0.12528571428571428,0,"I have visited the school thrice for admission. All the time I got the answer that school is closed or admission closed.... That too from housekeeping or driver staff. No authorised person available to talk to. During my last visit saw a parent leaving with the same answer. Outside the school there was no board of Sparsh either. But a board of R... school of modern arts and skills was on display. So in my view they have stopped taking student with special needs. They might have closed this special wing. ||| Ive my nephew in this school. They closed the school without informing any parent after corona. Even during covid time there were online class only once a week and that too for an hour. suddenly teacher told one day that the school will be ||| We keep so engrossed in our daily lives, totally forgetting that we should pay back the humanity in some way. It is really motivating that the founders staff of Sparsh opened gates to such a noble cause. Hats Off! ||| sparsh ngo is a non governmental organisations working for mentally disabled child as a school for them school works under mothers pride one thing special is there is a public functional hall on ground floor which act as one of earnings source for this school it is nice place for small family gatherings and small family programs ||| I am disSatisfied in their programs. They never felt shameful by appointing unqualified person as Special educators. Its the injustice to Disability community."
VridhCare NGO,0.0,43,"VridhCare NGO | 4.9(43) | Non-profit organization · 5th Floor, Pearls Best Heights - 1 | Closes soon · 6 pm · Opens 10 am Thu · 087008 51044",https://www.google.com/maps/place/VridhCare+NGO/data=!4m7!3m6!1s0x390d023370000001:0xd21f687a98b72408!8m2!3d28.6927084!4d77.1516849!16s%2Fg%2F11jlmzpx0x!19sChIJAQAAcDMCDTkRCCS3mHpoH9I?authuser=0&hl=en&g_ep=EgoyMDI2MDkyNy4xIJJjKgBIAVAD&rclk=1,NGO in Karol Bagh Delhi,5,5.0,0.31393073593073595,0,"My experience with VridhCare has been really wonderful. I got the opportunity to spend time with senior citizens and participate in meaningful activities. It was a great learning experience, and I really enjoyed being part of such a positive initiative. Looking forward to continuing my association with VridhCare. ||| Recently read about VridhCare Quality of Life Foundation and honestly felt that their work deserves more recognition. Taking care of senior citizens is something people often overlook, but this organisation is trying to bring comfort, support, and dignity into the lives of elderly people who may feel alone or unheard. Its really heartwarming to see initiatives like this that remind us how important kindness and care towards elders truly are. ||| Really appreciated learning about VridhCare and the work theyre doing for senior citizens. In todays world, many elderly people end up feeling lonely or neglected, so its genuinely nice to see an initiative that focuses on their care, ||| it is a source of hope, care, and dignity for those who often feel forgotten. By providing emotional support, healthcare assistance, shelter, and companionship, such NGOs ensure that senior citizens live with respect and happiness. They remind society that the people who once cared for us also deserve love, attention, and security in their old age. Through kindness and compassion, these organizations create a world where no elderly person feels alone or neglected. Thankyou vridhcare3 ||| VridhCare is doing truly commendable work in supporting the elderly and residents of old age homes. Their team consistently provides essential medical assistance and is always ready to step in wherever help is needed. Their dedication and compassion toward senior citizens are genuinely inspiring."
Aman Doot NGO (R),0.0,18,"Aman Doot NGO (R) | 4.4(18) | Non-profit organization · D-6, Main Road | Open 24 hours · 091362 47182",https://www.google.com/maps/place/Aman+Doot+NGO+%28R%29/data=!4m7!3m6!1s0x390cfcf5dc37d4fb:0x3f74265dd739d602!8m2!3d28.6714832!4d77.2581762!16s%2Fg%2F11c31r29y0!19sChIJ-9Q33PX8DDkRAtY5110mdD8?authuser=0&hl=en&g_ep=EgoyMDI2MDkyNy4xIJJjKgBIAVAD&rclk=1,NGO in Karol Bagh Delhi,4,4.5,0.21250000000000002,0,Very famous location in Delhi Shastri park ||| Aman doot ngo ..all problem solved ||| Peoples getting their solutions ||| Very femus location
Heal The Globe Foundation,0.0,33,"Heal The Globe Foundation | 4.9(33) | Non-governmental organization · 774/20, village | Open · Closes 7 pm · 074289 53363",https://www.google.com/maps/place/Heal+The+Globe+Foundation/data=!4m7!3m6!1s0x390d1f54f5c66e1d:0x8d97deeae86e5c34!8m2!3d28.4956835!4d77.1664945!16s%2Fg%2F11sn_2mb52!19sChIJHW7G9VQfDTkRNFxu6Orel40?authuser=0&hl=en&g_ep=EgoyMDI2MDkyNy4xIJJjKgBIAVAD&rclk=1,NGO in Karol Bagh Delhi,5,4.8,0.3364880952380952,0,"I really need your help Yesterday, a woman came to beat my mother and treated her badly, using abusive language. This made my mother cry a lot. My mother is 72 years old, and that woman is 36 years old. ||| Celebrated my husbands birthday with Heal the globe foundation, they arranged the activity of feeding kids flawlessly. we did not call even once to do the follow up and once we reached, beautiful kids were waiting for the meals. Kids were so happy after having their lunch meals and so was my husband after seeing them smiling all the time. they are doing wonderful job by helping needy people with so transparency, would love to connect with them in future. ||| Amazing work this NGO is doing. Be it hunger hygiene health and many more. I have been a part of this NGO since the beginning. Their struggles have strengthened them to strive for serving more and more. Kudos to the Team. Hope more and more people support them in contributing in many peoples lives ||| This foundation is undoubtedly serving the underprivileged in the best possible way. The team is motivated and driven to change the situation of the needy children in terms of providing them with basic resources like home cooked nutritious ||| Great initiatives several noble cause to be associated with, HTGF has been a trend setter in motivating all of us to think beyond ordinary beyond material pleasure to give back to the society of which we are an integral part. They have been committed to serving the society, filling the critical gaps like global hunger, women hygiene, animal welfare, etc. With a mission of connecting the disconnected, I wish them all the best!"
DELHI CRIME NGO,0.0,5,"DELHI CRIME NGO | 4.2(5) | Social services organization · B-8, 3rd FLOOR | Open 24 hours",https://www.google.com/maps/place/DELHI+CRIME+NGO/data=!4m7!3m6!1s0x390d039bdf9ee741:0x72d4a546f19abb15!8m2!3d28.6595247!4d77.142879!16s%2Fg%2F11jwt_x5mf!19sChIJQeee35sDDTkRFbua8Ual1HI?authuser=0&hl=en&g_ep=EgoyMDI2MDkyNy4xIJJjKgBIAVAD&rclk=1,NGO in Karol Bagh Delhi,1,1.0,0.0,0,Sitaram prajapat Alwar Rajasthan India bjp to Delhi crime ngo
Nirvana NGO,0.0,11,"Nirvana NGO | 4.6(11) | Non-governmental organization · 5/50 first floor, Sec 16 | Closes soon · 6 pm · Opens 11 am Thu · 078385 55663",https://www.google.com/maps/place/Nirvana+NGO/data=!4m7!3m6!1s0x390d01168610fadb:0xe6764b633c665608!8m2!3d28.7358942!4d77.1286829!16s%2Fg%2F11q8j_pyxl!19sChIJ2_oQhhYBDTkRCFZmPGNLduY?authuser=0&hl=en&g_ep=EgoyMDI2MDkyNy4xIJJjKgBIAVAD&rclk=1,NGO in Karol Bagh Delhi,5,5.0,0.41571428571428576,0,"Thankful to be a part of Nirvana family. Nirvana believe in consistency of action, Always initiate to give a chance to specially abled children to participate in events organised by Naveenta Maam, the founder of the Nirvana World. Naveenta Ji is a gem of a person who always motivate the children. ||| The best place to give confidence to our children naveenta mam is inspiration for society ||| Nirvana is the best platform in Delhi NCR to give stage to all children esp. Differently abled. Whole hearted thanks ||| Efforts put by team are commendable. Naveenta mam is examplary.inspiration for society. ||| The best place to give confidence to All children..a dream world for differently abled."
Kranti foundation NGO,0.0,3,"Kranti foundation NGO | 4.3(3) | Social worker · D-113, Street No. 4, near happy time public school | Open 24 hours",https://www.google.com/maps/place/Kranti+foundation+NGO/data=!4m7!3m6!1s0x390cfd102b7a6efb:0x3c7a8358d1ee587a!8m2!3d28.6980457!4d77.2639604!16s%2Fg%2F11p5hl6zmx!19sChIJ-256KxD9DDkRelju0ViDejw?authuser=0&hl=en&g_ep=EgoyMDI2MDkyNy4xIJJjKgBIAVAD&rclk=1,NGO in Karol Bagh Delhi,0,0.0,0.0,0,No verified reviews found.
Mobius Foundation - NGO Sustainability Development,0.0,20,"Mobius Foundation - NGO Sustainability Development | 4.2(20) | Non-profit organization · 301, 3rd floor, Antariksh Bhawan, 22, KG Marg | Closed · Opens 9:30 am Thu · 011 4985 4523",https://www.google.com/maps/place/Mobius+Foundation+-+NGO+Sustainability+Development/data=!4m7!3m6!1s0x390cfdf766482441:0xe67d6d72ef7dd41!8m2!3d28.628852!4d77.223125!16s%2Fg%2F11h75pt7wm!19sChIJQSRIZvf9DDkRQd33LtfWZw4?authuser=0&hl=en&g_ep=EgoyMDI2MDkyNy4xIJJjKgBIAVAD&rclk=1,NGO in Karol Bagh Delhi,5,3.4,0.20098148148148148,2,"One of the great NGOs of Delhi. There foundation organised camps at Trivediganj CHC and Kaisarganj CHC in Barabanki and Bahraich district respectively. The initiative Khushal Parivar Diwas has been a resounding success. ||| A bogus company who loots money and brags illegitimate project in the name of sustainable development. Do not fall prey to their lofty lies. In south Karnataka, they have fell 2000 Plants timber mafia to construct something called as Environment School. ||| Well managed by a highly learned personality Sh. PRADIP BURMAN. ||| Mobius is an amazing NGO based in Delhi, strongly working on different environmental and livelihood aspects and working on many different projects for better, safe, and proper environmental sustainability. ||| Better to get out of coorg.... If Cutting down hundred acres of beautiful coffee estate and building eco friendly school is your vision... Then please go back to your city..you people have already polluted your citys... Leave us alone..."
Helping Hands NGO,0.0,10,"Helping Hands NGO | 4.5(10) | Non-profit organization · Kakrola, Near Dwarka Mor Metro Station, New delhi –110078. Regd office, A5/85A | Temporarily closed · 099907 73454",https://www.google.com/maps/place/Helping+Hands+NGO/data=!4m7!3m6!1s0x390d0383fa97140b:0xa14ccbb7e0a41e48!8m2!3d28.6639524!4d77.108912!16s%2Fg%2F11fzfd6q9c!19sChIJCxSX-oMDDTkRSB6k4LfLTKE?authuser=0&hl=en&g_ep=EgoyMDI2MDkyNy4xIJJjKgBIAVAD&rclk=1,NGO in Karol Bagh Delhi,2,5.0,0.28375000000000006,0,"purchase leather bag for delegates the quality of leather bag was just highly commendable budget friendly, and given timely deadline ||| Its really very helpful ngo its provide course free in cost I like it"
Helping Hands NGO,0.0,10,"Helping Hands NGO | 4.5(10) | Non-profit organization · Kakrola, Near Dwarka Mor Metro Station, New delhi –110078. Regd office, A5/85A | Temporarily closed · 099907 73454",https://www.google.com/maps/place/Helping+Hands+NGO/data=!4m7!3m6!1s0x390d0383fa97140b:0xa14ccbb7e0a41e48!8m2!3d28.6639524!4d77.108912!16s%2Fg%2F11fzfd6q9c!19sChIJCxSX-oMDDTkRSB6k4LfLTKE?authuser=0&hl=en&g_ep=EgoyMDI2MDkyNy4xIJJjKgBIAVAD&rclk=1,NGO in Karol Bagh Delhi,4,4.75,0.2125,0,"Helping Hand is making a powerful impact by turning unused medicines into lifesaving resources for those in need. Their thoughtful approach ensures that nothing goes to waste and every contribution counts. Its heartening to see their dedication to health and wellbeing in action. ||| This NGO is incredibly compassionate and genuinely dedicated to the wellbeing of the individuals they support! ||| This NGO is a beacon of empathy, showing unwavering dedication and heartfelt care for those in need! ||| Your contact no"
Pete (Providing Education to Everyone),0.0,3,"Pete (Providing Education to Everyone) | 5.0(3) | Charity · 13, 20, W Patel Nagar Rd | Open 24 hours · 098111 05601",https://www.google.com/maps/place/Pete+%28Providing+Education+to+Everyone%29/data=!4m7!3m6!1s0x390d0338111a0411:0xe92bb5f6468d123c!8m2!3d28.6483067!4d77.1678225!16s%2Fg%2F11fk17d4p5!19sChIJEQQaETgDDTkRPBKNRva1K-k?authuser=0&hl=en&g_ep=EgoyMDI2MDkyNy4xIJJjKgBIAVAD&rclk=1,NGO in Patel Nagar Delhi,1,5.0,0.22,0,Stunning work the team do here. Providing education to those who need it. Opening up the journey to tourists provides both visibility to those in different situations and provides funding for the work PETE do. Highly recommend taking a walk with PETE and seeing the work they do.
Human Impact Foundation,0.0,5,"Human Impact Foundation | 5.0(5) | Non-governmental organization ·  · 33/16, Basement | Open · Closes 10 pm · 099715 60072",https://www.google.com/maps/place/Human+Impact+Foundation/data=!4m7!3m6!1s0x390d03b824e58fa7:0x4d29748439b065c3!8m2!3d28.6465468!4d77.1748799!16s%2Fg%2F11pv6thlvy!19sChIJp4_lJLgDDTkRw2WwOYR0KU0?authuser=0&hl=en&g_ep=EgoyMDI2MDkyNy4xIJJjKgBIAVAD&rclk=1,NGO in Patel Nagar Delhi,5,5.0,0.3724,0,"Recently donated here for tree plantation. They have a good and hardworking team. ||| I have been supporting human impact foundation for over a year, and I am highly impressed by their work. It is heartening to see the tangible impact they create on the ground. Highly recommended for anyone looking to support a genuine cause. ||| An amazing NGO doing incredible work for the environment ||| Working for a Nobel cause ||| Great to be a part of such amazing ngo, doing so much for conserving the environment by planting trees and raising awareness."
"We, The People",0.0,1,"We, The People | 4.0(1) | Charity · 8/22 B-3, Lower Ground Floor | Open · Closes 7 pm","https://www.google.com/maps/place/We,+The+People/data=!4m7!3m6!1s0x390d03f9fb6defa5:0x8d6e466d8eb4c6cf!8m2!3d28.6468281!4d77.1753988!16s%2Fg%2F11h6rsdh4y!19sChIJpe9t-_kDDTkRz8a0jm1Gbo0?authuser=0&hl=en&g_ep=EgoyMDI2MDkyNy4xIJJjKgBIAVAD&rclk=1",NGO in Patel Nagar Delhi,0,0.0,0.0,0,No verified reviews found.
Save Child Right Foundation,0.0,8,Save Child Right Foundation | 4.5(8) | Charity · T-583/1 | Open 24 hours · 099900 26070,https://www.google.com/maps/place/Save+Child+Right+Foundation/data=!4m7!3m6!1s0x390d03d01e6219b9:0x29b14cf1b687ce2a!8m2!3d28.652676!4d77.157815!16s%2Fg%2F11qsvkg17s!19sChIJuRliHtADDTkRKs6HtvFMsSk?authuser=0&hl=en&g_ep=EgoyMDI2MDkyNy4xIJJjKgBIAVAD&rclk=1,NGO in Patel Nagar Delhi,5,4.2,0.01053571428571427,0,Their staff bombards with messages every month even after you donate and have the cheek to ask you Mesaage dekh liya lekin reply nahi kiya.....yeh theek nahi hai.....Thoda to tameez rakho reply karne ka as if you are obliged to them ||| Good organization and hard working is organization ne education ke sath sath is organization ne last Lockdown mai or second wave mai poor and needy people ko ration distrbute kiya i really thank full and keep it up ||| This organisation is very hard working and I m glad that I m engage with this ngo ||| They r working very hard and staff are very helpful ||| Its a good organization and they work hard. They provided education and distributed rations to the poor and needy during last years lockdown. I truly appreciate your support and keep it up.
SaCh NGO,0.0,0,SaCh NGO | No reviews | Charity · B-1 | Open · Closes 11:30 pm · 088004 72698,https://www.google.com/maps/place/SaCh+NGO/data=!4m7!3m6!1s0x390d032d960febaf:0xdb858069d1086a1!8m2!3d28.6514283!4d77.1625547!16s%2Fg%2F11wwlzxm4s!19sChIJr-sPli0DDTkRoYYQnQZYuA0?authuser=0&hl=en&g_ep=EgoyMDI2MDkyNy4xIJJjKgBIAVAD&rclk=1,NGO in Patel Nagar Delhi,0,0.0,0.0,0,No verified reviews found.
Save Child Life Foundation,0.0,1,Save Child Life Foundation | 5.0(1) | Non-profit organization | Open 24 hours · 078000 05353,https://www.google.com/maps/place/Save+Child+Life+Foundation/data=!4m7!3m6!1s0x390cfdce2aab6d39:0x5c75e745d065efff!8m2!3d28.6536915!4d77.1621719!16s%2Fg%2F11ns8p0gkf!19sChIJOW2rKs79DDkR_-9l0EXndVw?authuser=0&hl=en&g_ep=EgoyMDI2MDkyNy4xIJJjKgBIAVAD&rclk=1,NGO in Patel Nagar Delhi,1,5.0,0.19,0,"Very nice NGO, i have used the service for kid birthday gifts toward poor kids"
Mymenia foundation delhi,0.0,33,"Mymenia foundation delhi | 5.0(33) | Social welfare center · metro, T403 first floor, Sitaram Marg, near shadipur | Open 24 hours · 095601 46096",https://www.google.com/maps/place/Mymenia+foundation+delhi/data=!4m7!3m6!1s0x390d0327e533ca35:0x145ab7f2ef6167c5!8m2!3d28.6535259!4d77.1592811!16s%2Fg%2F11t_lp6y6y!19sChIJNcoz5ScDDTkRxWdh7_K3WhQ?authuser=0&hl=en&g_ep=EgoyMDI2MDkyNy4xIJJjKgBIAVAD&rclk=1,NGO in Patel Nagar Delhi,5,5.0,0.4825178571428571,0,"Very good oganisation , Very helpfool for humanity. They deserve salute like Army jai Hind ||| The Mymenia Foundation stands out as a truly unique organization, committed to delivering invaluable psychoeducation to children who are in dire need of care and protection. With a heartfelt mission, we diligently work towards equipping these young individuals with the necessary knowledge and support to navigate their mental and emotional wellbeing, ensuring they have the brightest possible future ahead. ||| I am impressed with Mymenia Foundation who is tirelessly educates underprivileged children, offering personalised attention and holistic development. Their transparent approach and commitment to brighter futures make them worthy of support. ||| Happy to see you guys.. How can I contact you ? ||| One of the best organisation I have seen where they work for children in need and psycho educate the children for their better future. Their services are always best and the team is highly appreciated as they work hard and do critical analysis for every step they take."
Change The Scene,0.0,2,Change The Scene | 5.0(2) | Social services organization · 2151/9B | Closed · Opens 12 am Sun · 098733 41241,https://www.google.com/maps/place/Change+The+Scene/data=!4m7!3m6!1s0x390d03c122af6c6f:0xb22b8de71b41a190!8m2!3d28.6521213!4d77.1546279!16s%2Fg%2F11rfr7_189!19sChIJb2yvIsEDDTkRkKFBG-eNK7I?authuser=0&hl=en&g_ep=EgoyMDI2MDkyNy4xIJJjKgBIAVAD&rclk=1,NGO in Patel Nagar Delhi,1,5.0,0.09999999999999999,0,"The mission and goals of the NGO are clearly stated, helping visitors understand the cause."
CARE INDIA WELFARE TRUST,0.0,1674,"CARE INDIA WELFARE TRUST | 4.9(1,674) | Non-governmental organization · Basti Vikas Kendra Harijan Bast, Chuna Bhatti Near Nirankari Satsang Bhawan Kirti Nagar Delhi | Closed · Opens 10 am Thu · 1800 313 4006",https://www.google.com/maps/place/CARE+INDIA+WELFARE+TRUST/data=!4m7!3m6!1s0x390d02ffce917d3b:0x730e09bc9cc82e9b!8m2!3d28.6384893!4d77.1376828!16s%2Fg%2F11c47zwzxg!19sChIJO32Rzv8CDTkRmy7InLwJDnM?authuser=0&hl=en&g_ep=EgoyMDI2MDkyNy4xIJJjKgBIAVAD&rclk=1,NGO in Patel Nagar Delhi,5,4.2,0.29719047619047617,0,"I approached the NGO to conduct expressive arts therapy workshops and my experience was enriching and comfortable. The staff at the NGO is really cooperative and respectful. Coming to the kids, all of them engaged and were curious of the activities that I conducted there. They show a lot of potential in regards to reflection and expression. I got to experience the ground reality as well as the work that organisations like Care India Welfare trust partake in to improve the overall wellbeing of underprivileged children. It was such a wholesome experience. Thank you to the organisation for having me! ||| Im truly impressed by the work Care India Welfare Trust is doing for the community. Their dedication toward education, women empowerment, and social welfare is remarkable. As a donor, I feel proud to support an organization that ensures transparency, genuine impact, and real change on the ground. Keep up the wonderful work youre truly making a difference! ||| Whatever we have seen as per google review actual picture is completely different ||| Very pleasant and peaceful visit here. Celebrated 26th January came here for food distribution..I really enjoyed alott here ||| Overall experience was very good..I would like to thank the trust for doing so much for the welfare of society. I really would like to visit again."
The Muneer Social Welfare Society,0.0,3,"The Muneer Social Welfare Society | 4.3(3) | Non-profit organization · Second Floor, B-18 & 20 | Closed · Opens 10 am Thu · 011 4004 1441",https://www.google.com/maps/place/The+Muneer+Social+Welfare+Society/data=!4m7!3m6!1s0x390d02ee0fc7abed:0xedaf25042fd135ed!8m2!3d28.6522814!4d77.1646155!16s%2Fg%2F11fxccmlgb!19sChIJ7avHD-4CDTkR7TXRLwQlr-0?authuser=0&hl=en&g_ep=EgoyMDI2MDkyNy4xIJJjKgBIAVAD&rclk=1,NGO in Patel Nagar Delhi,2,5.0,0.2857142857142857,0,This is a Right place ||| This is Right Place
Care For Life Charitable Trust,0.0,114,"Care For Life Charitable Trust | 4.9(114) | Non-governmental organization · Top Floor, Plot No 59, Left Side Portion, Industrial Area, Rama Rd, near Nissan Service Centre | Closed · Opens 11 am Thu · 011 4213 1884",https://www.google.com/maps/place/Care+For+Life+Charitable+Trust/data=!4m7!3m6!1s0x390d02fe73c9a4fd:0x10582ed25f717334!8m2!3d28.65932!4d77.1522031!16s%2Fg%2F11dxl7y49g!19sChIJ_aTJc_4CDTkRNHNxX9IuWBA?authuser=0&hl=en&g_ep=EgoyMDI2MDkyNy4xIJJjKgBIAVAD&rclk=1,NGO in Patel Nagar Delhi,5,5.0,0.4672817460317461,0,"An amazing NGO doing incredible grassroots work for child education, hunger relief, and healthcare access. The dedication of their volunteers is truly admirable. Proud to support their initiatives and highly recommend others to visit and contribute to their cause! Special thanks to Nirmla.. ||| I am genuinely thankful to the organisation, in this busy life specially with a small baby it becomes very hard to take out time and spend time with the needy of the society, care for life gives an opportunity to be a part of the good in ||| Nice work he is very supportive i am very thankful to part of this ngo ||| Im fortunate to have been part of Care for life and really Glad to see outstanding work done by them. My appreciation for the excellent work by Care for life and to all the volunteers. It is greatly appreciated and Im really thankful to volunteers like Priya Kakkar who guided nicely regarding about all the events and supports they do and how I also Could be a part of this amazing movement and provide the support from my side...My best wishes to Care for life.... ||| Has been an amazing experience. Priya kakkar has been guiding me since the beginning regarding any support I would like to provide. You people are doing an amazing job irrespective of circumstances. Keep up the good work"
SEWA Bharat,0.0,51,"SEWA Bharat | 4.5(51) | Association / Organization ·  · Block 7/5,First Floor,, South Patel Nagar, | Closed · Opens 9:30 am Thu · 011 2584 1369",https://www.google.com/maps/place/SEWA+Bharat/data=!4m7!3m6!1s0x390cfd8cab3a04f7:0x52fca96d27ee67a4!8m2!3d28.6464355!4d77.1654497!16s%2Fg%2F11cm197m3q!19sChIJ9wQ6q4z9DDkRpGfuJ22p_FI?authuser=0&hl=en&g_ep=EgoyMDI2MDkyNy4xIJJjKgBIAVAD&rclk=1,NGO in Patel Nagar Delhi,5,4.0,0.2853650793650794,0,"This NGO is a nightmare as they are operating in a Residential area. They are awful neighbours as they keep taking all of the public parking spaces. SEWA Bharat employees do not have the common decency as they keep parking in front of my house. Its been years since they have been right next to our home, and every time we dont have our car parked outside our, this park they their own cars. So everytime I have keep ringing the bell to request them to remove the parked cars. They are an utter nuisance. ||| In India poverty of a poor family goes away the monthday it is given atleast Rs.1000 pm regularly i.e,Rs.12000 yearly. Apprx. 9 Nine Cr poorest families need to be given Direct CashBank Transfer in the acs of their housewives per ||| Very nice donation with bharat sewa ||| True NGO they really work among needy down trodden human ||| Good availibility.. Co operative staff.."
SEWA Bharat Branch 2,0.0,8,"SEWA Bharat Branch 2 | 4.8(8) | Non-profit organization · Block 9/1, First Floor | Closes soon · 6 pm · Opens 9 am Thu",https://www.google.com/maps/place/SEWA+Bharat+Branch+2/data=!4m7!3m6!1s0x390d035196ca446b:0xa36e10d535637672!8m2!3d28.6433006!4d77.1706784!16s%2Fg%2F11trzvxnq3!19sChIJa0TKllEDDTkRcnZjNdUQbqM?authuser=0&hl=en&g_ep=EgoyMDI2MDkyNy4xIJJjKgBIAVAD&rclk=1,NGO in Patel Nagar Delhi,0,0.0,0.0,0,No verified reviews found.
Sachkhand Foundation,0.0,76,"Sachkhand Foundation | 5.0(76) | Non-profit organization · 108, Allied House | Open · Closes 7 pm",https://www.google.com/maps/place/Sachkhand+Foundation/data=!4m7!3m6!1s0x390d054a8ebad065:0x6f67dc8f51593fe4!8m2!3d28.6694118!4d77.1678184!16s%2Fg%2F11nxt9vc61!19sChIJZdC6jkoFDTkR5D9ZUY_cZ28?authuser=0&hl=en&g_ep=EgoyMDI2MDkyNy4xIJJjKgBIAVAD&rclk=1,NGO in Patel Nagar Delhi,5,5.0,0.6001515151515151,0,"Sachkhand Foundation is doing truly incredible work for society. Their kindness, compassion, and dedication to helping those in need are genuinely inspiring. Every initiative reflects their commitment to making a real difference in peoples lives. Its rare to find an organization that serves with such sincerity, transparency, and selfless passion. Supporting Sachkhand Foundation means supporting hope, humanity, and positive change. My heartfelt appreciation to the entire team for their tireless efforts. May they continue to touch many more lives and grow in their mission of serving the community. ||| I had a wonderful experience volunteering with this NGO. The team is genuinely dedicated to creating a positive impact, and their work reflects compassion, transparency, and commitment to the community. Everyone was welcoming, supportive, ||| These people are the best.. Influenced by the Jantar Mandir volunteering acts go on bravos ||| The most important thing this world needs is Sewa and these people are doing it flawlessly ||| The best ever, with experiences worth sharing and memories worth remembering"
Chetana Conscience of Women,0.0,9,"Chetana Conscience of Women | 3.9(9) | Non-profit organization · 35/13 , 2nd Floor,East Patel Nagar | Temporarily closed · 011 2353 8231",https://www.google.com/maps/place/Chetana+Conscience+of+Women/data=!4m7!3m6!1s0x390d02f28b1047c7:0xaae1e9fe5d24e0af!8m2!3d28.6484311!4d77.1727798!16s%2Fg%2F11csrslhlv!19sChIJx0cQi_ICDTkRr-AkXf7p4ao?authuser=0&hl=en&g_ep=EgoyMDI2MDkyNy4xIJJjKgBIAVAD&rclk=1,NGO in Patel Nagar Delhi,2,5.0,0.4492857142857143,0,One of the best NGOs of Delhi fully focused towards upliftment of marginal and backward people of the country. The management is very humble and it was my fortune to work them. ||| Good ngo working for the betterment of marginalised special focus on the welfare of females.
Vrikshit Foundation,0.0,1437,"Vrikshit Foundation | 5.0(1,437) | Foundation ·  · 64 , basement, B-6 /64 | Open · Closes 7 pm · 078271 38955",https://www.google.com/maps/place/Vrikshit+Foundation/data=!4m7!3m6!1s0x390d0172c19b47cd:0x9a0608e4bbd435e!8m2!3d28.7128186!4d77.1084598!16s%2Fg%2F11fm49qtw8!19sChIJzUebwXIBDTkRXkO9S45goAk?authuser=0&hl=en&g_ep=EgoyMDI2MDkyNy4xIJJjKgBIAVAD&rclk=1,NGO in Rohini Delhi,5,5.0,0.42503246753246754,0,"Who knew waking up early on a weekend to plant trees and clean Delhi could actually be fun? Vrikshit Foundation somehow makes hard work feel meaningful. The team is full of genuinely kind people, the vibes are always positive, and you leave every drive a little more tired, a little more sunburnt, but a lot happier. If youre looking to make a difference and meet amazing people along the way, this is the place. ||| Had a great experience with Vrikshit Foundation. The team is genuinely committed to their cause and it shows in the work they do on ground. Transparent communication and wellorganized initiatives. Would definitely recommend supporting them ||| I have been a part of this organisation since 2021 and its been a privilege for me to do something for my society and for the betterment of my country. The members are all friendly and inspire you to be friendly too, we can learn so ||| It is so encouraging to see that people are concerned about the environment and taking initiative to make world a better place for everyone.. Hats off to Vrikshit for making impactful efforts through the years... keep going! ||| These guys do amazing work. Love their initiative"
Bharte Kadam Foundation,0.0,235,Bharte Kadam Foundation | 4.9(235) | Non-governmental organization ·  · C 119 | Closes soon · 6 pm · Opens 8 am Thu · 097176 67888,https://www.google.com/maps/place/Bharte+Kadam+Foundation/data=!4m7!3m6!1s0x390d07a538fc5b93:0x3f8dc1e098875903!8m2!3d28.7065139!4d77.0951564!16s%2Fg%2F11tbv9z7f9!19sChIJk1v8OKUHDTkRA1mHmODBjT8?authuser=0&hl=en&g_ep=EgoyMDI2MDkyNy4xIJJjKgBIAVAD&rclk=1,NGO in Rohini Delhi,5,5.0,0.570935064935065,0,"I celebrated my birthday here with the kids, and it was a truly heartwarming experience. The NGOs work is genuine and full of care. Seeing the smiles on the childrens faces made the day even more special. Grateful for this beautiful experience ||| So much happiness . Bharte kadam foundation is doing great social work for these young children . A smile can change lives . This foundation is perfect example of this that how some less privileged kids but highly privileged from hearts can make your day special . Celebrated my birthday with these children was very overwhelming ||| Meeting these kids was a wonderful experience for all of us..seeing them happy made our hearts happy. It was one of the best moments of our life and we wish to meet them in future too. ||| I had the most beautiful birthday celebration at this orphanage, and it was truly an unforgettable experience. The staff was kind, welcoming, and very supportive. Spending time with the children brought me so much happiness. We danced together, played Passing the Parcel, shared lots of smiles and laughter, and created wonderful memories. ||| Its a beautiful initiative that these people have taken to disseminate knowledge to underprivileged children their efforts, flexibility and persistence has made my heart full on my special day today! If you wish to experience what bliss"
Nirmala Foundation,0.0,32,"Nirmala Foundation | 5.0(32) | Non-profit organization ·  · 3rd Floor, H No. 129-130 | Open · Closes 7 pm · 076690 01136",https://www.google.com/maps/place/Nirmala+Foundation/data=!4m7!3m6!1s0x390d07b637dc3d87:0xe131b0928f3c1516!8m2!3d28.7161849!4d77.0604922!16s%2Fg%2F11rrrg0l7_!19sChIJhz3cN7YHDTkRFhU8j5KwMeE?authuser=0&hl=en&g_ep=EgoyMDI2MDkyNy4xIJJjKgBIAVAD&rclk=1,NGO in Rohini Delhi,5,5.0,0.48200000000000004,0,The service is very good there staff behaviour is very good ||| Service is soo good very helpful ||| Thanks to helping me Nirmala Foundation Team. ||| good work ... best of luck ||| It has always been pleasure to work with Nirmala Foundation
Helping People Foundation,0.0,53,"Helping People Foundation | 4.9(53) | Non-profit organization · Moon light Apartment, 120 | Open · Closes 7 pm",https://www.google.com/maps/place/Helping+People+Foundation/data=!4m7!3m6!1s0x390d05ead076767b:0x2f31d4e4518d4364!8m2!3d28.713071!4d77.071804!16s%2Fg%2F11sf1gn811!19sChIJe3Z20OoFDTkRZEONUeTUMS8?authuser=0&hl=en&g_ep=EgoyMDI2MDkyNy4xIJJjKgBIAVAD&rclk=1,NGO in Rohini Delhi,5,5.0,0.5986666666666667,0,Helping People Foundation Great NGO Rajeev ji very helpful person ||| Rajeev ji great nature person best NGO helping people foundation ||| The best NGO. Rajiv Sir National Head Of HPF. He is very kind and helpfull for anyone at anytime. He Always go beyond there limits to help someone. Its amazing experience to associated with HPF Helping People Foundation ||| such a dedicated NGO towards his aims I salute u Mr Rajiv Kumar ji ||| Best ngo helping people foundation president Rajeev ji v nice person
Pahal NGO,0.0,63,"Pahal NGO | 4.8(63) | Non-profit organization · C2, Pahal NGO, 48 | 098148 66230",https://www.google.com/maps/place/Pahal+NGO/data=!4m7!3m6!1s0x390d071638dbf0f7:0x21ea39cb411487ce!8m2!3d28.7108092!4d77.0704557!16s%2Fg%2F11scyhfplf!19sChIJ9_DbOBYHDTkRzocUQcs56iE?authuser=0&hl=en&g_ep=EgoyMDI2MDkyNy4xIJJjKgBIAVAD&rclk=1,NGO in Rohini Delhi,5,4.8,0.2559090909090909,0,"They do a really good job towards children and women. Their career counselling session are really helpful and motivating to people like me. They aware us about child rights and cyber security with the help of their sessions.Their sessions are really informative. ||| Pahal NGo gives us a necessary helpknowledge career options. this platform celebrated lot of things like independence day thats why it helps to the children inhance her knowledge and know about how to contribute with society .. Best NGo Nice experience when I connect ... ||| This institute focus on education, health care in society. Pahal ngo seems to be a positive impact on the communities. ||| Pahal is working tirelessly to eradicate child labor and advocacy for women empowerment. There intervention is praiseworthy ||| Pahal is a reliable and impactful NGO that truly works towards creating positive change in society."
Aanchal,0.0,38,"Aanchal | 4.5(38) | Charity ·  · Plot No.4, Block – C, Sector -3, Rohini | Closes soon · 6 pm · Opens 10 am Thu · 011 2751 5581",https://www.google.com/maps/place/Aanchal/data=!4m7!3m6!1s0x390d03fd79d318ad:0x13b7a4e472b36ef3!8m2!3d28.703966!4d77.1111911!16s%2Fg%2F11cj_0hb6j!19sChIJrRjTef0DDTkR826zcuSktxM?authuser=0&hl=en&g_ep=EgoyMDI2MDkyNy4xIJJjKgBIAVAD&rclk=1,NGO in Rohini Delhi,5,4.8,0.3288412698412698,0,This school is for specially abled children. We have personally visited them to distribute small treats. They have around 4050 students and 15 staff. Teachers here take good care of the students and teach them various things and also help children doing various activities. ||| A charitable organisation to help the underprivileged kids with special needs to learn and adapt to the society. You can pay them a visit with a prior appointment and ask for a tour and indulge with the most adorable kids. ||| A perfect destination for be down to earth AANCHAL rohini is the best place where you can see the magical creation of God in these kids... ||| Anchal Centre for differently Abled children Education Centre School staff cool and members help person ||| Dedicated training and care for specially abled kids. A divine experience.
Aadi foundation,0.0,143,Aadi foundation | 4.3(143) | Non-profit organization · 5/74 | Closes soon · 6 pm · Opens 10 am Thu · 087007 40824,https://www.google.com/maps/place/Aadi+foundation/data=!4m7!3m6!1s0x390d015edb6ae783:0xc126f3e3ecc75b0e!8m2!3d28.7339373!4d77.1253843!16s%2Fg%2F11t_k6vd2c!19sChIJg-dq214BDTkRDlvH7OPzJsE?authuser=0&hl=en&g_ep=EgoyMDI2MDkyNy4xIJJjKgBIAVAD&rclk=1,NGO in Rohini Delhi,5,4.2,0.36583333333333334,0,"I had an incredible experience attending the web development workshop organized by Aadi Foundation in Delhi. The sessions were wellstructured and covered highly relevant technologies like React, Azure, and more. The trainers were not only knowledgeable but also approachable, making even complex concepts easy to understand. What stood out was the handson approach, which allowed us to build practical projects while learning. The workshop provided a perfect balance between theory and realworld application. SAM sir was good but wasted bit of time in meetings Aadi Foundations dedication to empowering learners with cuttingedge skills is truly commendable. I highly recommend their programs to anyone looking to upskill in web development and related fields ||| I had an amazing experience attending the first day of the Aadi Foundations course. The session was wellstructured and highly informative, covering essential topics like HTML, CSS, GitHub, and Microsoft Azure. The instructors were ||| The web development workshop was very helpful and covered important topics like GitHub, React, resume building, and Microsoft Azure. It gave me a clear overview and was a great learning experience for students. ||| This workshop was a great experience for me as a student. I got to delve into many Web Development technologies and framework that helped me gain more knowledge and skills. Thankful to all involved. ||| I am very happy to have attended the workshop. However, I felt that some of the basic concepts were explained in excessive detail, while more advanced topics were covered too shortly."
SAKSHAM,0.0,44,"SAKSHAM | 4.6(44) | Non-governmental organization ·  · B-1/17, 1st FLOOR, NEAR, MAHARANA PRATAP CHOCK | Open · Closes 7:30 pm · 093111 24880",https://www.google.com/maps/place/SAKSHAM/data=!4m7!3m6!1s0x390d07f8ca7c83eb:0xaa90f8ef5cb9ac69!8m2!3d28.7422372!4d77.0944602!16s%2Fg%2F11gxtjdm98!19sChIJ64N8yvgHDTkRaay5XO_4kKo?authuser=0&hl=en&g_ep=EgoyMDI2MDkyNy4xIJJjKgBIAVAD&rclk=1,NGO in Rohini Delhi,3,5.0,0.25606060606060604,0,Grassroot organisation working for people. ||| I loved a visit there every body should once try to serve to the childrens live in NGO s ||| Good place for childrens overall development
NIDAAN (ngo),0.0,13,NIDAAN (ngo) | 5.0(13) | Non-profit organization | Closes soon · 6 pm · Opens 10 am Thu · 092111 11526,https://www.google.com/maps/place/NIDAAN+%28ngo%29/data=!4m7!3m6!1s0x390d07db7a92206d:0xbfd9a3083b071113!8m2!3d28.7054006!4d77.096731!16s%2Fg%2F11lmc06sln!19sChIJbSCSetsHDTkRExEHOwij2b8?authuser=0&hl=en&g_ep=EgoyMDI2MDkyNy4xIJJjKgBIAVAD&rclk=1,NGO in Rohini Delhi,5,5.0,0.4208095238095238,0,"It is one of the best Ngo I have ever seen , they provide free quality education for financially weak childrens ||| I have been there and can say that the overall atmosphere of the ngo is too gud and staffs are so coaprative. Keep it up with your good work. Congrats team NIDAAN ||| Nidaan NGO is doing tremendous work for underprivileged kids and shaping their future by providing education. Keep it up. ||| Great work..they are doing very nice work for needy peoples and specially for children..great team work keep doing it ||| Amazing Works Have Done By Nidaan Team. And Also Continued To Helping Society"
Hope Of Life Foundation,0.0,22,"Hope Of Life Foundation | 4.7(22) | Charity · 1A, Shivam Chowk, near Pancham Sweets | Open · Closes 7 pm · 098710 48068",https://www.google.com/maps/place/Hope+Of+Life+Foundation/data=!4m7!3m6!1s0x390d010ce4eb9129:0xcf186a95b531d1ec!8m2!3d28.7326038!4d77.1402964!16s%2Fg%2F11c5whzgl4!19sChIJKZHr5AwBDTkR7NExtZVqGM8?authuser=0&hl=en&g_ep=EgoyMDI2MDkyNy4xIJJjKgBIAVAD&rclk=1,NGO in Rohini Delhi,5,4.8,0.62,0,"They are doing great work keep it up... Guys well done ||| All of your volunteer work is greatly appreciated.Thank you volunteers, for your amazing generosity and dedication. ||| They are really doing great work keep it up... ||| I am supported for medical I am very happy for that they give me chance thanks guys ||| Good all volunteers i appreciate you r kid work"
Sampurna,0.0,104,"Sampurna | 4.0(104) | Non-governmental organization ·  · Basement No. 35, Vinoba Kunj | Closed · Opens 10 am Thu · 098681 04665",https://www.google.com/maps/place/Sampurna/data=!4m7!3m6!1s0x390d0160a4fffffd:0x9f4fae0992ffe373!8m2!3d28.7151958!4d77.1251459!16s%2Fg%2F11c2l09vsh!19sChIJ_f__pGABDTkRc-P_kgmuT58?authuser=0&hl=en&g_ep=EgoyMDI2MDkyNy4xIJJjKgBIAVAD&rclk=1,NGO in Rohini Delhi,4,4.25,0.17121672453703707,0,"Sampurna is a social organization working for development of poor children and women. here girls of poor families can learn stiching and other short term courses like beauty and computer with minimal amount of fees.poor children are being educated by some volunteers without some fees.Rohini zone vidhayak vijendra gupta also remains herein day time and sort out problems of people in the area. Any one can meet him here .its an N.G.O. working for women empowerment and make them self reliant.this N.G.O has many other centers in delhi .organisation also raising voice against crimes regarding women, girls and children Its nearby rajapur and N.K.bagdoriya public school. ||| A nice NGO with friendly staff !! ||| This is an NGO working hard for upliftment of women and children. They are doing commendable job in restricting violence against women. They are quite active and do different types of events related to awareness in people as well. ||| It is a good NGO and also provide free education to kids and help all needy women socially. Staff of this organization train their students in varous things such as stichings, studying, drawings, outdoor activities, etc. Ms. Kalpana mam is a very helpful person in the NGO."
Saras Prayas Ngo,0.0,20,Saras Prayas Ngo | 4.6(20) | Non-profit organization · A-2/66 | Closed · Opens 9 am Thu,https://www.google.com/maps/place/Saras+Prayas+Ngo/data=!4m7!3m6!1s0x390d03f92bdd9003:0xddfd0f1ed59474af!8m2!3d28.6979032!4d77.1059876!16s%2Fg%2F12hrxd7vp!19sChIJA5DdK_kDDTkRr3SU1R4P_d0?authuser=0&hl=en&g_ep=EgoyMDI2MDkyNy4xIJJjKgBIAVAD&rclk=1,NGO in Rohini Delhi,4,5.0,0.3730555555555556,0,"Saras prayas is definitely a great prayas in many ways. Be it the socially deprived children or any other group of such individuals, these people need such platforms to help them realize their dreams and utilize their potential and Saras Prayas truly provides them with every kind of support guidance for the future or awareness on their areas of interest or mentoring them to achieve what they want from life. Having got the chance to see these guys work and work along with them in one of their endeavors, I can definitely say that these guys are doing a commendable job. It was a unique and fulfilling experience for me as well and I am surely looking forward to any further such opportunities. Keep doing the good work. ||| I am associated with Saras Prayas since beginning and really cannot explain the feeling of pride it gives to me being a part of such an association.. This group is all about doing every possible effort to improve or create confidence in ||| Nice people , helpful and doing gods work. ||| Nice work in field of youth engagement for slum kids."
Khushi Foundation Delhi,0.0,3,"Khushi Foundation Delhi | 3.7(3) | Non-governmental organization · P4CF+943, Unnamed Road | Closes soon · 6 pm · Opens 10 am Thu · 080901 11100",https://www.google.com/maps/place/Khushi+Foundation+Delhi/data=!4m7!3m6!1s0x390d0141621bc0d5:0x825d30084ba2a395!8m2!3d28.7208966!4d77.1227836!16s%2Fg%2F11g4f7kfyg!19sChIJ1cAbYkEBDTkRlaOiSwgwXYI?authuser=0&hl=en&g_ep=EgoyMDI2MDkyNy4xIJJjKgBIAVAD&rclk=1,NGO in Rohini Delhi,1,1.0,0.125,0,I came across for the first time where you wanted to donate the winter caps for kids and they say we are not accepting donations. Wired and also they say for such query i should better write mail to them. I dont find it legit. Or may be person attended my call is just lazy person.
Aashray Foundation,0.0,10,"Aashray Foundation | 5.0(10) | Non-profit organization · 216-17, B-5 | Closed · Opens 9 am Thu · 098151 51895",https://www.google.com/maps/place/Aashray+Foundation/data=!4m7!3m6!1s0x415728a49466222f:0x2d7f544db9be36da!8m2!3d28.7008179!4d77.1081942!16s%2Fg%2F11x1nsylbd!19sChIJLyJmlKQoV0ER2ja-uU1Ufy0?authuser=0&hl=en&g_ep=EgoyMDI2MDkyNy4xIJJjKgBIAVAD&rclk=1,NGO in Rohini Delhi,5,5.0,0.26585321969696973,0,"I havent been here for long yet. But the time i have been here, has been astoundingly nice and lovely. I have taught children here, some who wanted to study and some who are made to study. But all of them had really impacted me in a way, no other thing could. One of the most lovely thing is when they say Okay, bhaiya Okay, sir. I am not forgetting this feeling anytime soon they are doing such great work, that it is inspiring even to witness them. glad I am a part of something big this organization has much more to offer than what I have experienced till now, and so my journey continues. if you dont believe me. Try them.. ||| One of the most impactful aspects of my time with the NGO was working with children and families in underserved communities. Whether helping with education programs or providing support through various outreach initiatives, I saw firsthand how access to basic resources and opportunities could dramatically improve lives. ||| Volunteering at Aashray Foundation was rewarding. The impact on education and empowerment is real, though resources and management could improve. Still, a great place for those passionate about social work. ||| Aashray Foundation is a compassionate NGO dedicated to uplifting communities through education, healthcare, and social welfare. Their impactful initiatives empower underprivileged individuals, fostering positive change and a brighter future for many. ||| I had a great experience here from past 1 year"
Bright Future Delhi Center,0.0,262,"Bright Future Delhi Center | 5.0(262) | Non-governmental organization ·  · Plot No 6, Khasra No. 42/16, 1st Floor, Main Bus stand | Closed · Opens 9 am Thu",https://www.google.com/maps/place/Bright+Future+Delhi+Center/data=!4m7!3m6!1s0x390d07933ad05989:0xe4615ee69b8e627b!8m2!3d28.714233!4d77.0773325!16s%2Fg%2F11tnfsbhxt!19sChIJiVnQOpMHDTkRe2KOm-ZeYeQ?authuser=0&hl=en&g_ep=EgoyMDI2MDkyNy4xIJJjKgBIAVAD&rclk=1,NGO in Rohini Delhi,5,5.0,0.40841212121212117,0,"This is not the only NGO this is the only place that experiences you what is life ,what is important to do this generation, skills, confidence and etc l cannot define this NGO in my word theres teacher is very best and makes students personality according to this era thankyou teacher for giving me wonder Full life with experience. Thank you so much ||| Hello I am Rahul, I have to give 12th class exam, after that I came to Bright Future, I had a lot of expectations from Bright Future but after coming, Bright Future landed on my exception, I came here After coming here he taught me English ||| Environment is too good Its boost my confidence and communication skills all teacher are so suppoartable and aspirants too ||| I am extremely happy with my experience at Bright Future Institute. The faculty members are highly knowledgeable, supportive, and dedicated to helping every student succeed. The learning environment is positive and encouraging, and the teaching methods are interactive and easy to understand. The institute not only focuses on academic growth but also helps in developing confidence and communication skills. Regular assessments, doubtclearing sessions, and career guidance provided by the team are truly helpful. ||| Great learning experience at Bright Future Delhi Center! The trainers are helpful, and the atmosphere is motivating. Im really happy with the progress Ive made here."
EDU-SSA FOUNDATION - Top ten NGO in India,0.0,18,"EDU-SSA FOUNDATION - Top ten NGO in India | 4.8(18) | Non-governmental organization · Aggarwal Cyber Plaza -2, Unit-975 | Closes soon · 6 pm · Opens 9 am Thu · 011 4056 7262",https://www.google.com/maps/place/EDU-SSA+FOUNDATION+-+Top+ten+NGO+in+India/data=!4m7!3m6!1s0x390d0233161aaaab:0x59224aaa99522c30!8m2!3d28.693277!4d77.1499993!16s%2Fg%2F11mhbfdsll!19sChIJq6oaFjMCDTkRMCxSmapKIlk?authuser=0&hl=en&g_ep=EgoyMDI2MDkyNy4xIJJjKgBIAVAD&rclk=1,NGO in Rohini Delhi,1,5.0,-0.6999999999999998,0,All things are gud...and transparent so guys dont give bad reviews
Kamakhya Lok Sewa Samiti,0.0,32,"Kamakhya Lok Sewa Samiti | 4.8(32) | Non-governmental organization · House number. 779, 4 | Open 24 hours · 098113 87158",https://www.google.com/maps/place/Kamakhya+Lok+Sewa+Samiti/data=!4m7!3m6!1s0x390d077d13f315ab:0x9d6a711014bcd4a9!8m2!3d28.703278!4d77.0731028!16s%2Fg%2F11khtk4mqy!19sChIJqxXzE30HDTkRqdS8FBBxap0?authuser=0&hl=en&g_ep=EgoyMDI2MDkyNy4xIJJjKgBIAVAD&rclk=1,NGO in Rohini Delhi,5,3.4,0.23666666666666666,0,"Called to enquire about Domestic Violence Shelter. The person on the phone was very very rude and abusive. Started asking Do you even know what Domestic Violence means ||| I tried to get help from them but they straight said , Isme NGO kya kar sakti hai , and that too very rudely. ||| Best ngo in Delhi for domestic violence and rape cases and sexual harrasment and this NGOs members are very cooperative and polite ||| The best NGO I have visited so far, they are into many good things. They have shelters and judiciary for local community and the staff is very polite and welcoming. ||| Thanks to Kamlesh mam. It was a wonderful experience. We were able to help people"
Meals for Life Foundation (NGO),0.0,40,Meals for Life Foundation (NGO) | 5.0(40) | Non-profit organization | 080769 63256,https://www.google.com/maps/place/Meals+for+Life+Foundation+%28NGO%29/data=!4m7!3m6!1s0x2126df28129b0f1d:0x924e724bfa0a229b!8m2!3d28.7086453!4d77.1065694!16s%2Fg%2F11x_y_0mft!19sChIJHQ-bEijfJiERmyIK-ktyTpI?authuser=0&hl=en&g_ep=EgoyMDI2MDkyNy4xIJJjKgBIAVAD&rclk=1,NGO in Rohini Delhi,5,5.0,0.40615151515151515,0,"Its a great organization that helps those in need, whether they are men, women, or any other gender, children, elderly people, or animals. Much admiration for your group. May God continue to bless you. ||| Meals for Life is doing incredible job. Their dedication to serving fresh, nutritious meals to those in need is truly inspiring. Ive personally seen the compassion and commitment of the team, and I believe their work is making a real difference in the community. ||| Thank you for your impactful work. Your efforts are creating real change in the community, and its inspiring to see the positive difference youre making. ||| I wish you good luck guys ||| Thanks to the team. I appreciate there efforts. We were able to help punjab."
Walking Star NGO Roti Bank Delhi,0.0,2,Walking Star NGO Roti Bank Delhi | 5.0(2) | Food bank · Pocket No. 11 | Open 24 hours · 096676 34931,https://www.google.com/maps/place/Walking+Star+NGO+Roti+Bank+Delhi/data=!4m7!3m6!1s0x390d07eb2c6cfae1:0x35ad70e6179d50f5!8m2!3d28.7212378!4d77.0957676!16s%2Fg%2F11r9jdcn04!19sChIJ4fpsLOsHDTkR9VCdF-ZwrTU?authuser=0&hl=en&g_ep=EgoyMDI2MDkyNy4xIJJjKgBIAVAD&rclk=1,NGO in Rohini Delhi,0,0.0,0.0,0,No verified reviews found.
SMB Foundation,0.0,23,SMB Foundation | 4.7(23) | Education center · KH No. 24/21/2 | Closed · Opens 9 am Thu · 099582 17769,https://www.google.com/maps/place/SMB+Foundation/data=!4m7!3m6!1s0x390d0747f1e40ea1:0xb16f596948c46864!8m2!3d28.7486513!4d77.100001!16s%2Fg%2F11yn3z26l6!19sChIJoQ7k8UcHDTkRZGjESGlZb7E?authuser=0&hl=en&g_ep=EgoyMDI2MDkyNy4xIJJjKgBIAVAD&rclk=1,NGO in Rohini Delhi,5,5.0,0.31042380952380955,0,"We visited SMB Foundation for a dental camp on Childrens Day, and it was a really nice experience. Everyone at the NGO was warm and welcoming, especially Lokesh Patel ji, who is very humble, softspoken, and genuinely dedicated to the cause. The foundation is doing meaningful work for underprivileged children, helping them with education and many other needs. Their efforts truly deserve appreciation. Were always happy to support the NGO in any practical way possible. Thank you for having us. ||| Im father of myra Im love in the shahabad EXTN we cant afford such facilities. Its help my child to grow also now i believe that my child will definitely become a government teacher soon because ngo support us so muchh .by the activities, knowledge exchange and filing learning gap thanku so mujhe rishi sir lokesh sir. ||| Im Hussain shekh parent of rehan and rehana Im very thankful for the support of smb ngo specially I can see very clear difference in rehana she topper in the class , and also very good in english.they learnt discipline daily life skills ||| Im here as a teacher and sir and ngo is very supportive to me here we are trying to do all round development and we are doing them educational support by play way method our kids doing very well . Thnku Lokesh sir to support us ||| Im parent of sufiya Im very happy to the progress of sufiya specially in english very incredible she behaves very good and become more decent and progressive child thanku so much Lokesh sir and smb ngo"
Navyug foundation ( ngo),0.0,1,"Navyug foundation ( ngo) | 1.0(1) | Charity · Rohini B-5, 258 | Closed · Opens 9 am Thu",https://www.google.com/maps/place/Navyug+foundation+%28+ngo%29/data=!4m7!3m6!1s0x390d0794a286b241:0x356dfe820458de51!8m2!3d28.7195781!4d77.0986804!16s%2Fg%2F11nsv7plrc!19sChIJQbKGopQHDTkRUd5YBIL-bTU?authuser=0&hl=en&g_ep=EgoyMDI2MDkyNy4xIJJjKgBIAVAD&rclk=1,NGO in Rohini Delhi,0,0.0,0.0,0,No verified reviews found.
All India Society of Education,0.0,56,All India Society of Education | 4.6(56) | Vocational school · B-1/348 | Open · Closes 7 pm · 093115 68006,https://www.google.com/maps/place/All+India+Society+of+Education/data=!4m7!3m6!1s0x390d04022bf5de47:0x88e7ba2bd248e9bb!8m2!3d28.700895!4d77.096382!16s%2Fg%2F11cm0nqfk7!19sChIJR971KwIEDTkRu-lI0iu654g?authuser=0&hl=en&g_ep=EgoyMDI2MDkyNy4xIJJjKgBIAVAD&rclk=1,NGO in Rohini Delhi,5,3.8,0.3796666666666667,1,"All India Society of Education good Teaching and Training. I am a trainee Our Training Centre HowlyAssam.Asistant Electrician Course. ||| One of the worthless company name as all india society education but the founder is uneducated and money minded. name of the skill and education just earning money. go and watch his office you will find in small house....unprofessional office. I do not under how come they got skill development project. They never give placement to candidates. ||| Im the trainee under this institution, from last 2 months on assistant electrician course. Im happy to get this institution i learn so many thing from this. Its a good skill institution. ||| I am studying a course in assitant electrician at howly training centre. It so good and it will success my aim in electrical work And i love it . ||| Very very nice wonderful super very nice course"
Devyansh Foundation,0.0,15,Devyansh Foundation | 4.7(15) | Association / Organization · 51 | Closed · Opens 10 am Thu · 070119 48714,https://www.google.com/maps/place/Devyansh+Foundation/data=!4m7!3m6!1s0x390d037c6a19ea7d:0x8f14f9c2469f49be!8m2!3d28.7282318!4d77.1132229!16s%2Fg%2F11q4cf7w_k!19sChIJfeoZanwDDTkRvkmfRsL5FI8?authuser=0&hl=en&g_ep=EgoyMDI2MDkyNy4xIJJjKgBIAVAD&rclk=1,NGO in Rohini Delhi,5,4.2,0.17093055555555553,0,"Devyansh foundation stands out as a commendable Non Governmental organisation dedicated to improving the lives of rag picker children through a variety of impactful initiatives. Their approach, characterized by a blend of direct aid and empowerment, demonstrates a genuine commitment to making a difference. One notable aspect of the work is the distribution of essential items such as oral health kits and plants. The oral health kits are a vital resource, addressing a significant gap in the basic healthcare needs of these children. By providing toothbrushes, toothpaste, and other dental care products, Devyansh foundation is not only enhancing their immediate wellbeing but also contributing to their longterm health and hygiene. Additionally, the donation of plants is an innovative and thoughtful gesture. This initiative serves multiple purposes it introduces the children to the concept of nurturing life, provides them with a sense of responsibility, and can even foster a connection to the environment. Such activities help in cultivating a sense of normalcy and joy amidst their challenging circumstances. ||| I was looking for an NGO to donate some old but usable clothes and came across Devyansh Foundation online. I called the number provided and asked a simple question What does your NGO do? ||| Devyansh Foundation is really working a lot for such needy children and family, and i would really like appreciate them a lot.I must say that NGO is doing a great job and making a difference with poor students who were not able to get the faculties. ||| Devyansh foundation is working from tremendously with the community of the children. I can say the founder Mr. Mayur is very humble person and very helpful for ||| Divyansh Foundation really doing something meaningful for the children in need by donating health kits and encouraging plantation drive, etc I appreciate their hardwork and hope that Divyansh Foundation will surely achieve the goal they dream."
SAT KARTAR NGO,0.0,1,"SAT KARTAR NGO | 5.0(1) | Social services organization · Balaji Babosa Chowk, Bus Stop, Plot No - 107 | Open · Closes 8 pm · 098109 72664",https://www.google.com/maps/place/SAT+KARTAR+NGO/data=!4m7!3m6!1s0x390d06c86f514959:0x8ec9d402ebe8b2aa!8m2!3d28.7280536!4d77.091998!16s%2Fg%2F11g6mdxyyk!19sChIJWUlRb8gGDTkRqrLo6wLUyY4?authuser=0&hl=en&g_ep=EgoyMDI2MDkyNy4xIJJjKgBIAVAD&rclk=1,NGO in Rohini Delhi,1,5.0,0.6,0,This is our own office
TREE AND YOU,0.0,18,TREE AND YOU | 4.4(18) | Non-profit organization · 122-123 | Closes soon · 6:30 pm · Opens 8 am Thu · 098916 24810,https://www.google.com/maps/place/TREE+AND+YOU/data=!4m7!3m6!1s0x390d068bd07e0439:0x2079d48ac0217338!8m2!3d28.7177504!4d77.0600879!16s%2Fg%2F11g8_0qjsf!19sChIJOQR-0IsGDTkROHMhwIrUeSA?authuser=0&hl=en&g_ep=EgoyMDI2MDkyNy4xIJJjKgBIAVAD&rclk=1,NGO in Rohini Delhi,5,5.0,0.6943333333333334,0,"Tree and you its a great campaign. Love to more plants and trees to save our environment,our future and upcoming generation. Tree and you doing a great work and I am happy that I am part of this campaign. ||| These people are doing great initiative towards the environment, we really need more organizations like this one, we are at the peak of destruction of this planet. Save the planet before its too late! Join hands with them and lets plant more and more greens! ||| Excellent job to save our environment. Everyone must plant a tree and save our earth . ||| Very Nice and Tree and You is a very good NGO and all of us are happy to serve for our environment ||| Atleast someone is thinking about it. Good job"
Aarohan NGO,0.0,22,Aarohan NGO | 4.4(22) | Non-governmental organization ·  · 90 | 011 4100 7526,https://www.google.com/maps/place/Aarohan+NGO/data=!4m7!3m6!1s0x390d05f0d95d58cf:0xee902c03bd2e340b!8m2!3d28.6950095!4d77.0664958!16s%2Fg%2F11qsztj5p4!19sChIJz1hd2fAFDTkRCzQuvQMskO4?authuser=0&hl=en&g_ep=EgoyMDI2MDkyNy4xIJJjKgBIAVAD&rclk=1,NGO in Rohini Delhi,3,3.3333333333333335,0.27944444444444444,0,"Aarohan NGO is a remarkable organization and Their commitment to providing quality education, especially for children, and fostering opportunities for women and youth is truly inspiring. If youre looking to support a cause that genuinely transforms lives, Aarohan NGO is an excellent choice. ||| Not so much clean lots of unhygienic condition inside ngo. Average experience ||| The place was very unhygienic no cleanness"
Manav Sewa Charitable Society,0.0,7,Manav Sewa Charitable Society | 5.0(7) | Social services organization · Brahmkumaris Marg | Open · Closes 7 pm · 098998 14442,https://www.google.com/maps/place/Manav+Sewa+Charitable+Society/data=!4m7!3m6!1s0x390d0159831d11b1:0xbbd1600c4b48137b!8m2!3d28.7106111!4d77.1167366!16s%2Fg%2F11fz297_03!19sChIJsREdg1kBDTkRexNISwxg0bs?authuser=0&hl=en&g_ep=EgoyMDI2MDkyNy4xIJJjKgBIAVAD&rclk=1,NGO in Rohini Delhi,0,0.0,0.0,0,No verified reviews found.
Delight loving India foundation (NGO),0.0,0,Delight loving India foundation (NGO) | No reviews | Social services organization · A-4/147 | Open 24 hours,https://www.google.com/maps/place/Delight+loving+India+foundation+%28NGO%29/data=!4m7!3m6!1s0x390d074a17033a3f:0x4330b52fdf328c66!8m2!3d28.7111602!4d77.0717375!16s%2Fg%2F11ms87d4x6!19sChIJPzoDF0oHDTkRZowy3y-1MEM?authuser=0&hl=en&g_ep=EgoyMDI2MDkyNy4xIJJjKgBIAVAD&rclk=1,NGO in Rohini Delhi,0,0.0,0.0,0,No verified reviews found.
GAYAN UDAY (NGO),0.0,9,GAYAN UDAY (NGO) | 5.0(9) | Corporate office | Open · Closes 10 pm · 098710 58586,https://www.google.com/maps/place/GAYAN+UDAY+%28NGO%29/data=!4m7!3m6!1s0x390d06d6cae3dc07:0xe2d3d64b4aaa69c8!8m2!3d28.7437591!4d77.0951213!16s%2Fg%2F11dxl9zwz9!19sChIJB9zjytYGDTkRyGmqSkvW0-I?authuser=0&hl=en&g_ep=EgoyMDI2MDkyNy4xIJJjKgBIAVAD&rclk=1,NGO in Rohini Delhi,4,5.0,0.5249999999999999,0,He is duing good job ||| I study.it is good ||| Good in teaching ||| It help others
Roti Bank Rohini,0.0,22,"Roti Bank Rohini | 5.0(22) | Non-profit organization · Block-B, Near, Aggarwal Bhavan Rd | Open · Closes 7 pm · 093110 16424",https://www.google.com/maps/place/Roti+Bank+Rohini/data=!4m7!3m6!1s0x390d01052678a109:0xf2ddf5dda9190b6!8m2!3d28.7114445!4d77.1320079!16s%2Fg%2F11fqt7myhl!19sChIJCaF4JgUBDTkRtpCR2l3fLQ8?authuser=0&hl=en&g_ep=EgoyMDI2MDkyNy4xIJJjKgBIAVAD&rclk=1,NGO in Rohini Delhi,5,5.0,0.21828333333333333,0,"A NGO serving needy people food free of cost every needy person ||| Hats of to the Roti Bank as they are serving 1000 people daily. ||| will give them all five star ratings as they people are doing very very Nobel task to feed the actual needy ,they just started a counter at exact opposite Aggarwal bhawan beside of CRPF public school Rohini from where any one can take meal just free of cost. I mean its amazing for human kind ||| Roti Bank Rohini Delhi is excellent serving necessary food to poorHandicappedSeniors CitizenBlindsin schools at their own place where desired by those needy peoples in entire Rohini at their residences with due respects. ||| Roti bank rohini working for social cause. Feeding lot of genuine people."
Cancer Aid Society Delhi,0.0,12,"Cancer Aid Society Delhi | 4.5(12) | Non-profit organization · 163 Naharpur, Rohini Sector 7 | 093351 66600",https://www.google.com/maps/place/Cancer+Aid+Society+Delhi/data=!4m7!3m6!1s0x390d03e285555555:0xe322fbf106296a02!8m2!3d28.7037128!4d77.1157079!16s%2Fg%2F1tvry2__!19sChIJVVVVheIDDTkRAmopBvH7IuM?authuser=0&hl=en&g_ep=EgoyMDI2MDkyNy4xIJJjKgBIAVAD&rclk=1,NGO in Rohini Delhi,2,5.0,0.6511111111111112,0,I received help from a wonderful organization that offers support to cancer patients. Their team was knowledgeable and caring. Im so thankful for their assistance during a difficult time. The Cancer Patients Aid Association is truly an amazing organization. They provide excellent support and care for cancer patients and their families. I had a great experience with a nonprofit organization that offers support and assistance to cancer patients. Their team is highly knowledgeable and compassionate. CPAA has been a great support system throughout my cancer journey. The services they provide are exceptional. I am extremely satisfied with the services provided by the Cancer patients aid society india. They have been a great help in my cancer journey. Thank you Dr. Rachana Seth Lela Mam ||| The society is doing a great job to help the needy
CHILDREN (The core of our existence),0.0,89,"CHILDREN (The core of our existence) | 4.3(89) | Community center ·  · Khasra No. 424, Opposite Hanuman Mandir, Bawana Road, Shahbad Daulatpur | Closed · Opens 9 am Thu · 099583 52221",https://www.google.com/maps/place/CHILDREN+%28The+core+of+our+existence%29/data=!4m7!3m6!1s0x390d01292f5a9eb3:0x8d843b527b96a627!8m2!3d28.7456355!4d77.1107155!16s%2Fg%2F11c2098xxt!19sChIJs55aLykBDTkRJ6aWe1I7hI0?authuser=0&hl=en&g_ep=EgoyMDI2MDkyNy4xIJJjKgBIAVAD&rclk=1,NGO in Rohini Delhi,5,4.4,0.30199999999999994,0,Sponsoring 2 children for 5 years ..Visited them in Calcutta and Delhi..very best organization ...very transparent ! ||| Good health children ||| Is very important and good children school and work on the teacher ||| A ngo helping poor childer for education and sanitation ||| Helping poor children who not afford for study
Pratigya Educational Initiative Society,0.0,22,"Pratigya Educational Initiative Society | 4.5(22) | Non-governmental organization · 272/5, Bandh Gali Ambedkar Nagar | Closes soon · 6 pm · Opens 9 am Thu · 098919 82983",https://www.google.com/maps/place/Pratigya+Educational+Initiative+Society/data=!4m7!3m6!1s0x390d019d90d0c547:0xb0731d7f3ac00220!8m2!3d28.7241717!4d77.1487988!16s%2Fg%2F11h0w2lpb!19sChIJR8XQkJ0BDTkRIALAOn8dc7A?authuser=0&hl=en&g_ep=EgoyMDI2MDkyNy4xIJJjKgBIAVAD&rclk=1,NGO in Rohini Delhi,5,4.4,0.44000000000000006,0,This is a good NGo we are learning so many things from our trainer. ||| Free institute for 12th passed student and heshe have to 18 ||| Nice work done by the hardworking team ||| Nice institute and teachers are good and supportive ||| Its a pioneer education centre for the needed youth.
Vrikshit Foundation Public Library,0.0,24,"Vrikshit Foundation Public Library | 4.5(24) | Library · E-1, E1-165, 165 | Open 24 hours",https://www.google.com/maps/place/Vrikshit+Foundation+Public+Library/data=!4m7!3m6!1s0x390d0162c5f7f56f:0xea0d5193835d0866!8m2!3d28.7314111!4d77.1142344!16s%2Fg%2F11rvc3h7kh!19sChIJb_X3xWIBDTkRZghdg5NRDeo?authuser=0&hl=en&g_ep=EgoyMDI2MDkyNy4xIJJjKgBIAVAD&rclk=1,NGO in Rohini Delhi,5,3.6,0.23792063492063492,0,"Please note that the address listed on Google is incorrect. For your convenience, request you to visit at E1225 the correct address . RIGHT ADDRESS IS E1225 .....SECTOR 11 ROHINI ||| Libraries are the best place to gain knowledge and that to if its public whats better than that. The cost is low plus you get to meet people for your surroundings only which leads to better understanding. ||| Students at library dont have sense how to talk and even there is no number mentioned in or outside the library for inquiry or for admission in the library I went to library and the students denied to give the number of the head ||| Proper lighting and sitting arrangement , peaceful environment, peaceful place for comfortable study, no parking problem as well ||| Very minimal chargers, quite and clean place to study. Availability of study material is also great."
Save greenery NGO,0.0,8,Save greenery NGO | 5.0(8) | Social services organization · D-4/470 | Open · Closes 7 pm,https://www.google.com/maps/place/Save+greenery+NGO/data=!4m7!3m6!1s0x390d053d6a8c1909:0x1388dfe104695d6d!8m2!3d28.699943!4d77.074223!16s%2Fg%2F11q96qry7l!19sChIJCRmMaj0FDTkRbV1pBOHfiBM?authuser=0&hl=en&g_ep=EgoyMDI2MDkyNy4xIJJjKgBIAVAD&rclk=1,NGO in Rohini Delhi,5,5.0,0.35383333333333333,0,Save Greenery ngo doing great job for environment and social service.last month I visited there for environment knowladge and I learn lots of thing about nature . ||| Save Greenary NGO doing really very good job near me in parks they save plant or poor or unhealthy animals to die keep it up guys ||| Save greenery ngo is doing great for environment conservation. ||| I have learnt many knowledge about nature . ||| Osm place Eco frdly plase support them
"""Umeed Ki Kiran"" NGO",0.0,2,"""Umeed Ki Kiran"" NGO | 4.5(2) | Corporate office · Pocket - 25 Park | Closed · Opens 10 am Thu",https://www.google.com/maps/place/%22Umeed+Ki+Kiran%22+NGO/data=!4m7!3m6!1s0x390d069637497959:0xcea0404ab3fe43a0!8m2!3d28.7166104!4d77.0783575!16s%2Fg%2F11f3xkp_sl!19sChIJWXlJN5YGDTkRoEP-s0pAoM4?authuser=0&hl=en&g_ep=EgoyMDI2MDkyNy4xIJJjKgBIAVAD&rclk=1,NGO in Rohini Delhi,0,0.0,0.0,0,No verified reviews found.
Ashima Foundation Tata Power DDL VTC 2,0.0,49,"Ashima Foundation Tata Power DDL VTC 2 | 4.4(49) | Non-governmental organization ·  · Ashima Foundation Tata Power DDL Vocational Training Center H-2 10/11, opp. BPIT | Closed · Opens 9 am Thu",https://www.google.com/maps/place/Ashima+Foundation+Tata+Power+DDL+VTC+2/data=!4m7!3m6!1s0x390d01d7f72b0ce7:0x58e3fdb4713129ef!8m2!3d28.73609!4d77.11243!16s%2Fg%2F11lg2m9bg5!19sChIJ5wwr99cBDTkR7ykxcbT941g?authuser=0&hl=en&g_ep=EgoyMDI2MDkyNy4xIJJjKgBIAVAD&rclk=1,NGO in Rohini Delhi,4,3.0,0.3109226190476191,0,"This institute did not give my certificate because I did not sign the attendance sheet but they had 2 sheets about which I had no knowledge and I had gone back after giving the exam there and due to this my certificate was withheld Went ||| Very good is taught here and after coming here, I do not feel like going and the teachers here are also very good, especially our Babli Pankaj maam and if we do not understand anything then maam explains that thing 10 times and the rest here Staff is also very nice, talk to the best. ||| The staff is really bad specially the centre head and stitching teacher both are too much oversmart but doesnt have 1percent of knowledge , you should appoint capable staff members who are not so rude atleast and are literate in real manner . ||| I am also a SHG GIRL, Stiching teacher is very nice and responsible, there are no issue about her. I am happy to join the VTC11."
Rightsavers Foundation NGO,0.0,0,"Rightsavers Foundation NGO | No reviews | Non-governmental organization · Top Floor, 168, Halar Rd | Open · Closes 8 pm · 092202 34033",https://www.google.com/maps/place/Rightsavers+Foundation+NGO/data=!4m7!3m6!1s0x390d03c045d1056d:0x59e5d4acfb0e8030!8m2!3d28.6991057!4d77.1236415!16s%2Fg%2F11z67kh988!19sChIJbQXRRcADDTkRMIAO-6zU5Vk?authuser=0&hl=en&g_ep=EgoyMDI2MDkyNy4xIJJjKgBIAVAD&rclk=1,NGO in Rohini Delhi,0,0.0,0.0,0,No verified reviews found.
Nirbhayam NGO,0.0,2,"Nirbhayam NGO | 5.0(2) | Non-profit organization · H.NO. 229, NIRMAN MAJUR CAMP, BP 127 west | Open · Closes 8 pm · 081784 26645",https://www.google.com/maps/place/Nirbhayam+NGO/data=!4m7!3m6!1s0x390d01b40b0b59fb:0x5b942f472ba4ad2a!8m2!3d28.7224969!4d77.1446978!16s%2Fg%2F11m6sd89dg!19sChIJ-1kLC7QBDTkRKq2kK0cvlFs?authuser=0&hl=en&g_ep=EgoyMDI2MDkyNy4xIJJjKgBIAVAD&rclk=1,NGO in Rohini Delhi,0,0.0,0.0,0,No verified reviews found.
Manthan Foundation,0.0,51,Manthan Foundation | 4.5(51) | Football club · P4GG+9HV | Open now,https://www.google.com/maps/place/Manthan+Foundation/data=!4m7!3m6!1s0x390d016a64864acd:0xa40963276242235b!8m2!3d28.725999!4d77.1264328!16s%2Fg%2F11byxgst9r!19sChIJzUqGZGoBDTkRWyNCYidjCaQ?authuser=0&hl=en&g_ep=EgoyMDI2MDkyNy4xIJJjKgBIAVAD&rclk=1,NGO in Rohini Delhi,5,4.6,0.5125,0,"Best place in this area for football. Trained coaches are there for imparting training to youngsters.Maintained ground and other amenities. This NGO is helping kids from poor family by bringing them in sports. All the best. ||| Elite training setup for grassroots to under19 teams. Chinmoe sir is a licensed football coach with experience of developing amazing talents and teams of all ages. ||| Great place to be. Above all ambience is beyond expectations. Efforts put in by Chimoy dada and hi accomplices deserves loads and loads of respect and appreciation ||| Best academy! Coachs friendly nature,full of fun and disciple is so good ||| This is nice place to start learning football with affordable price"
Him Samajik Sangathan,0.0,15,"Him Samajik Sangathan | 4.8(15) | Social services organization · G-30, 349 | 098103 06709",https://www.google.com/maps/place/Him+Samajik+Sangathan/data=!4m7!3m6!1s0x390d04006eaaaaab:0x3106f642c460b71c!8m2!3d28.7057827!4d77.1066864!16s%2Fg%2F11gchhkt08!19sChIJq6qqbgAEDTkRHLdgxEL2BjE?authuser=0&hl=en&g_ep=EgoyMDI2MDkyNy4xIJJjKgBIAVAD&rclk=1,NGO in Rohini Delhi,3,5.0,0.28703703703703703,0,"HSS is a sangathan providing social services to people by arranging Blood for Paitent , Parichay Samaleyan to Himachli Boy Girl, organising Health checkup camp at Delhi and various part of Country. Helping by financial to people for ||| Good initiative by NGO. it will help to poor people. ||| Good People for the Good cause."
SHIV ASHRAY - THE OLD AGE HOME,0.0,18,"SHIV ASHRAY - THE OLD AGE HOME | 3.1(18) | Old Age Home ·  · plot no 49, near japanese park gate no.1, sec 9, rohini | Closes soon · 6 pm · Opens 10 am Thu · 098188 98071",https://www.google.com/maps/place/SHIV+ASHRAY+-+THE+OLD+AGE+HOME/data=!4m7!3m6!1s0x390d07aa056ca8f9:0xe4afbff6e189b829!8m2!3d28.7186618!4d77.1230973!16s%2Fg%2F11bc6z7s81!19sChIJ-ahsBaoHDTkRKbiJ4fa_r-Q?authuser=0&hl=en&g_ep=EgoyMDI2MDkyNy4xIJJjKgBIAVAD&rclk=1,NGO in Rohini Delhi,3,4.0,0.47031746031746025,0,"Very good place for Senior citizens, they get good food of choice, all rooms are provided with attached Toilet and bathrooms. Rooms can be shared by two people at max. Rooms are Airconditioned. Common room facility, Ambulance for medical emergency also available round the clock. ||| Organization is doing noble cause to help the seniors of society ||| Nice and well maintained politely speaking staff"
Delhi rohini sec 3,0.0,1,Delhi rohini sec 3 | 5.0(1) | Playgroup ·  · P4CH+R98 | ,https://www.google.com/maps/place/Delhi+rohini+sec+3/data=!4m7!3m6!1s0x390d017ab8c2e049:0x7cb1e80d3c16878e!8m2!3d28.7220442!4d77.1284573!16s%2Fg%2F11s6033dpl!19sChIJSeDCuHoBDTkRjocWPA3osXw?authuser=0&hl=en&g_ep=EgoyMDI2MDkyNy4xIJJjKgBIAVAD&rclk=1,NGO in Rohini Delhi,1,5.0,0.1,0,"Rohini Delhi , house making raste vada pav And fry green chillies.. enjoy friends"
Anugrah Jansewa Mandli Trust,0.0,75,"Anugrah Jansewa Mandli Trust | 4.9(75) | Association / Organization · Address:-Office No. A-4/82, Anugrah Jansewa Mandli Trust, Kailash Vihar, Pansali, near Kali mandir | Open 24 hours · 092112 02504",https://www.google.com/maps/place/Anugrah+Jansewa+Mandli+Trust/data=!4m7!3m6!1s0x390d072025555555:0xe0d1051f46455b43!8m2!3d28.7498846!4d77.0801899!16s%2Fg%2F11rsbbtb_x!19sChIJVVVVJSAHDTkRQ1tFRh8F0eA?authuser=0&hl=en&g_ep=EgoyMDI2MDkyNy4xIJJjKgBIAVAD&rclk=1,NGO in Rohini Delhi,3,5.0,0.6833333333333332,0,Good trust. Nice work ||| Good work trust ||| Good job trust
Marooned Paws,0.0,8,"Marooned Paws | 4.0(8) | Animal protection organization · B-49, 1ST FLOOR, VILLAGE, Naharpur Village Rd | Open · Closes 7 pm · 092894 82529",https://www.google.com/maps/place/Marooned+Paws/data=!4m7!3m6!1s0x390d031b959d7a29:0x6e94fb3ac81c106f!8m2!3d28.7049663!4d77.1183513!16s%2Fg%2F11s8jwt6yl!19sChIJKXqdlRsDDTkRbxAcyDr7lG4?authuser=0&hl=en&g_ep=EgoyMDI2MDkyNy4xIJJjKgBIAVAD&rclk=1,NGO in Rohini Delhi,2,5.0,0.3375,1,I dont have money do ur marooned paws provide free food for strays?? So I have take and feed them be a volunteer plzzz having no money but still have a dream to feed all dogs ||| Very help full
Rishi keshav Ngo Library,0.0,4,"Rishi keshav Ngo Library | 5.0(4) | Library · Csc mkt d7 sector 6, Friday Market Rd, near Delhi jal board office | Open · Closes 8 pm · 092122 18628",https://www.google.com/maps/place/Rishi+keshav+Ngo+Library/data=!4m7!3m6!1s0x390d0167d5c6ab0d:0x520981d7f4db3dc!8m2!3d28.7095167!4d77.1062356!16s%2Fg%2F11y8jfr5gk!19sChIJDavG1WcBDTkR3LNNfx2YIAU?authuser=0&hl=en&g_ep=EgoyMDI2MDkyNy4xIJJjKgBIAVAD&rclk=1,NGO in Rohini Delhi,3,5.0,0.5,0,Nice library according to ngo fees is very baffordable ||| Nice library for reading fabulous ||| Nice library for self reading
prayas ngo,0.0,2,"prayas ngo | 5.0(2) | Volunteer organization · H.no. 229, nirman mazdur camp | ",https://www.google.com/maps/place/prayas+ngo/data=!4m7!3m6!1s0x390d01006bed0a81:0x2e4eec70db8c34b2!8m2!3d28.7268772!4d77.1480879!16s%2Fg%2F11w_cqq31t!19sChIJgQrtawABDTkRsjSM23DsTi4?authuser=0&hl=en&g_ep=EgoyMDI2MDkyNy4xIJJjKgBIAVAD&rclk=1,NGO in Rohini Delhi,1,5.0,0.8,0,"Best NGO work, its amazing work ,"
GROW(Youth)- Dr. Reddy's Foundation,0.0,26,"GROW(Youth)- Dr. Reddy's Foundation | 4.2(26) | Training center · 2nd Floor, Block B, House No. 64, Laxmi Dharam Kanta, Village Extension | Closes soon · 6 pm · Opens 9:30 am Thu",https://www.google.com/maps/place/GROW%28Youth%29-+Dr.+Reddy%27s+Foundation/data=!4m7!3m6!1s0x390d01bc4a15b481:0x898a4f571f152a05!8m2!3d28.730874!4d77.1425097!16s%2Fg%2F11pxwby7p8!19sChIJgbQVSrwBDTkRBSoVH1dPiok?authuser=0&hl=en&g_ep=EgoyMDI2MDkyNy4xIJJjKgBIAVAD&rclk=1,NGO in Rohini Delhi,5,3.4,0.25492857142857145,0,"Bad experience dr Reddys Foundation I did a 48 day course from Dr Reddys Foundation which is located in Badli Gao in Delhi but got placed in the job but faced many problems.But Dr Reddys wala did not do any solution, only bad company ||| Place for training is good and well teaching supporting faculty with placement for job is good training centre for certain learning skills ||| Dr. Reddy Foundation. it is very good institute. Learned a lot by coming here, helped in getting a job.my experience was great. ||| Very bad service not all students same help I am calling almost 8 days of company but not help me is company ||| Very Good experience and 100 job placement... Special training facilities.."
NGO Muskan,0.0,0,NGO Muskan | No reviews | Non-governmental organization · C-9/246 | Closes soon · 6 pm · Opens 11 am Thu · 098702 21738,https://www.google.com/maps/place/NGO+Muskan/data=!4m7!3m6!1s0x390d03e3c9f8a0d3:0x5c653b91713adfec!8m2!3d28.7023634!4d77.1183404!16s%2Fg%2F11rwl49fvt!19sChIJ06D4yeMDDTkR7N86cZE7ZVw?authuser=0&hl=en&g_ep=EgoyMDI2MDkyNy4xIJJjKgBIAVAD&rclk=1,NGO in Rohini Delhi,0,0.0,0.0,0,No verified reviews found.
World Human Rights Organization,0.0,11,World Human Rights Organization | 5.0(11) | Social worker · 23 | Open · Closes 9 pm · 070114 90810,https://www.google.com/maps/place/World+Human+Rights+Organization/data=!4m7!3m6!1s0x390d03d504fa5ac3:0xa9e74ca0fabf39e2!8m2!3d28.698823!4d77.103108!16s%2Fg%2F11tnm02vls!19sChIJw1r6BNUDDTkR4jm_-qBM56k?authuser=0&hl=en&g_ep=EgoyMDI2MDkyNy4xIJJjKgBIAVAD&rclk=1,NGO in Rohini Delhi,3,5.0,0.8166666666666668,0,Best wishes for good work organisation doing ||| Best wishes for WHRO ||| Nice work Sir
Taoveda Dimensions NGO,0.0,0,"Taoveda Dimensions NGO | No reviews | Foundation · 121, FF Aggarwal City Plaza | Closed · Opens 11 am Thu · 093156 62021",https://www.google.com/maps/place/Taoveda+Dimensions+NGO/data=!4m7!3m6!1s0x390d03e48fffffff:0x20e077f3c3ced015!8m2!3d28.6989303!4d77.1161561!16s%2Fg%2F11h_1ldjkt!19sChIJ____j-QDDTkRFdDOw_N34CA?authuser=0&hl=en&g_ep=EgoyMDI2MDkyNy4xIJJjKgBIAVAD&rclk=1,NGO in Rohini Delhi,0,0.0,0.0,0,No verified reviews found.
Kanyadaan Foundation,0.0,23,Kanyadaan Foundation | 4.9(23) | Social services organization · 358 | Open now,https://www.google.com/maps/place/Kanyadaan+Foundation/data=!4m7!3m6!1s0x390d01ec9f01dab3:0x75aac1e1326c2e37!8m2!3d28.7066596!4d77.1201904!16s%2Fg%2F11s8bgczz8!19sChIJs9oBn-wBDTkRNy5sMuHBqnU?authuser=0&hl=en&g_ep=EgoyMDI2MDkyNy4xIJJjKgBIAVAD&rclk=1,NGO in Rohini Delhi,4,5.0,0.275,0,"Many commendable works are being done by Kanyadan Foundation. This is a wonderful organization which also helps financially in the marriage of poor sisters and daughters. ||| Dedicated towards society Real social heroes Happy to share my experience ||| As much as you say about this product, I will tell all the girls once you will like Kanyadaan Foundations Centery Pads ||| Appreciatable and a very Hardworking platform Salute of your Work"
twinkling miles foundation,0.0,5,"twinkling miles foundation | 4.4(5) | Non-governmental organization · House No. 3, Ground Floor | Closed · Opens 11 am Thu · 093545 29443",https://www.google.com/maps/place/twinkling+miles+foundation/data=!4m7!3m6!1s0x390d015815cc2795:0xcdd928591e232a07!8m2!3d28.706554!4d77.1151366!16s%2Fg%2F11v_19r93y!19sChIJlSfMFVgBDTkRByojHlko2c0?authuser=0&hl=en&g_ep=EgoyMDI2MDkyNy4xIJJjKgBIAVAD&rclk=1,NGO in Rohini Delhi,4,4.75,0.39886363636363636,0,"Initial stage of NGO good lead trainer achieving for new miles ||| Best NGO for women. We must support this. ||| Basic stitching courses and parlour courses available here ||| Small center, but good for learning.."
ECOTROOP FOUNDATION,0.0,0,"ECOTROOP FOUNDATION | No reviews | Non-governmental organization · 2nd floor C, 8/5 | Open 24 hours · 096256 65588",https://www.google.com/maps/place/ECOTROOP+FOUNDATION/data=!4m7!3m6!1s0x390d011518142903:0x9d4a9de8bb03aade!8m2!3d28.7309194!4d77.1277312!16s%2Fg%2F11rq1r604m!19sChIJAykUGBUBDTkR3qoDu-idSp0?authuser=0&hl=en&g_ep=EgoyMDI2MDkyNy4xIJJjKgBIAVAD&rclk=1,NGO in Rohini Delhi,0,0.0,0.0,0,No verified reviews found.
Govind Ram Foundation-NGO,0.0,1,Govind Ram Foundation-NGO | 5.0(1) | Corporate office · P462+CGH | ,https://www.google.com/maps/place/Govind+Ram+Foundation-NGO/data=!4m7!3m6!1s0x390d07a312578025:0xcad5a7cd3c628ca5!8m2!3d28.7110715!4d77.1013658!16s%2Fg%2F11fr0s2t8s!19sChIJJYBXEqMHDTkRpYxiPM2n1co?authuser=0&hl=en&g_ep=EgoyMDI2MDkyNy4xIJJjKgBIAVAD&rclk=1,NGO in Rohini Delhi,0,0.0,0.0,0,No verified reviews found.
DHURI HOON MAI NGO,0.0,0,"DHURI HOON MAI NGO | No reviews | Social services organization · STREET NO. 23, H. NO. A1, 45/46, Sharma Colony Rd | Closes soon · 6 pm · Opens 12 pm Thu · 078383 98878",https://www.google.com/maps/place/DHURI+HOON+MAI+NGO/data=!4m7!3m6!1s0x390d0739e3c7a663:0xa853a6fb89d7efac!8m2!3d28.7217388!4d77.0899698!16s%2Fg%2F11yr9mtv17!19sChIJY6bH4zkHDTkRrO_XifumU6g?authuser=0&hl=en&g_ep=EgoyMDI2MDkyNy4xIJJjKgBIAVAD&rclk=1,NGO in Rohini Delhi,0,0.0,0.0,0,No verified reviews found.
Shubhakshika Bal Ashray,0.0,15,"Shubhakshika Bal Ashray | 4.4(15) | c2 68, C2/68 | Closes soon · 6 pm · Opens 8 am Thu",https://www.google.com/maps/place/Shubhakshika+Bal+Ashray/data=!4m7!3m6!1s0x390d0117620bb679:0xe65c74f3057460ae!8m2!3d28.7410161!4d77.1293872!16s%2Fg%2F11b7k10nq2!19sChIJebYLYhcBDTkRrmB0BfN0XOY?authuser=0&hl=en&g_ep=EgoyMDI2MDkyNy4xIJJjKgBIAVAD&rclk=1,NGO in Rohini Delhi,4,4.75,0.325,0,A very selflessly run NGO by dedicated staff members who genuinely care for the well being of children. ||| Manage and care properly ||| Excellent work done ||| For orphant child
Samkaksha Foundation,0.0,1,"Samkaksha Foundation | 5.0(1) | Non-profit organization ·  · 64, Pocket, 1 | Closed · Opens 10 am Thu · 093133 72162",https://www.google.com/maps/place/Samkaksha+Foundation/data=!4m7!3m6!1s0x390d01c1254e3e5f:0xd4cfed2a042891d3!8m2!3d28.7383364!4d77.1164827!16s%2Fg%2F11h_3zg1fc!19sChIJXz5OJcEBDTkR05EoBCrtz9Q?authuser=0&hl=en&g_ep=EgoyMDI2MDkyNy4xIJJjKgBIAVAD&rclk=1,NGO in Rohini Delhi,0,0.0,0.0,0,No verified reviews found.
Aim of Care Youth Empowerment Foundation,0.0,2,"Aim of Care Youth Empowerment Foundation | 5.0(2) | Non-governmental organization · Office no - 104, 1st floor, Best Sky Tower | Open · Closes 7 pm · 093555 33166",https://www.google.com/maps/place/Aim+of+Care+Youth+Empowerment+Foundation/data=!4m7!3m6!1s0x390d015d2729912d:0x4241d304d3836ef2!8m2!3d28.6922865!4d77.1490107!16s%2Fg%2F11c6s58vrs!19sChIJLZEpJ10BDTkR8m6D0wTTQUI?authuser=0&hl=en&g_ep=EgoyMDI2MDkyNy4xIJJjKgBIAVAD&rclk=1,NGO in Rohini Delhi,0,0.0,0.0,0,No verified reviews found.
Vishuddha Heeling Foundation,0.0,1,Vishuddha Heeling Foundation | 5.0(1) | Non-governmental organization | Open 24 hours,https://www.google.com/maps/place/Vishuddha+Heeling+Foundation/data=!4m7!3m6!1s0x390d01e721578b27:0x1e3fef058d8afb4b!8m2!3d28.5273522!4d77.2089851!16s%2Fg%2F11hzxpyg4d!19sChIJJ4tXIecBDTkRS_uKjQXvPx4?authuser=0&hl=en&g_ep=EgoyMDI2MDkyNy4xIJJjKgBIAVAD&rclk=1,NGO in Rohini Delhi,0,0.0,0.0,0,No verified reviews found.
ZINDGI SMILE FOUNDATION,0.0,1,"ZINDGI SMILE FOUNDATION | 5.0(1) | Education center · D-2/129, Shiv Durga Mandir, Sunday, Market Rd, near Nahar Place | ",https://www.google.com/maps/place/ZINDGI+SMILE+FOUNDATION/data=!4m7!3m6!1s0x390d07a5af86fddd:0x81e36f921697839d!8m2!3d28.7364473!4d77.0747574!16s%2Fg%2F11t89zx8h6!19sChIJ3f2Gr6UHDTkRnYOXFpJv44E?authuser=0&hl=en&g_ep=EgoyMDI2MDkyNy4xIJJjKgBIAVAD&rclk=1,NGO in Rohini Delhi,0,0.0,0.0,0,No verified reviews found.
Indraprastha All India Sports Foundation,0.0,3,"Indraprastha All India Sports Foundation | 5.0(3) | Corporate office · C - 9/19, Sector - 7, Rohini | Closed · Opens 9 am Thu · 097177 90397",https://www.google.com/maps/place/Indraprastha+All+India+Sports+Foundation/data=!4m7!3m6!1s0x390d0157692bb9ad:0xf9caa2ae1917e15c!8m2!3d28.7090323!4d77.113127!16s%2Fg%2F11c2087_03!19sChIJrbkraVcBDTkRXOEXGa6iyvk?authuser=0&hl=en&g_ep=EgoyMDI2MDkyNy4xIJJjKgBIAVAD&rclk=1,NGO in Rohini Delhi,3,5.0,0.6516666666666667,0,Best NGO in India IAISF organizing Health Education camps. Very good work. ||| Its an NGO and helping alot of under privileged people. ||| Best sports NGO in india
Humanify Foundation,0.0,18,"Humanify Foundation | 5.0(18) | Non-governmental organization · 414, Upper Ground Floor | 098102 95333",https://www.google.com/maps/place/Humanify+Foundation/data=!4m7!3m6!1s0x390d03d1b4d6aaab:0xd31d5c27a22b35c!8m2!3d28.6963143!4d77.1396812!16s%2Fg%2F11frdst9lt!19sChIJq6rWtNEDDTkRXLMiesLVMQ0?authuser=0&hl=en&g_ep=EgoyMDI2MDkyNy4xIJJjKgBIAVAD&rclk=1,NGO in Rohini Delhi,5,5.0,0.3591269841269841,0,"Humanify Foundation is indeed a great NGO based in Delhi, working for elderly care, mental health, menstrual health happiness sessions through out India. Under the leadership of Niraj Gera sir, it growing rapidly ||| One of the most trusted NGOs working on the grassroot level nationwide on their MHM initiative Happiness Express, Elderly Care Projects specially their Aanandam Old Age Home , Happiness and mental health sessions. ||| Humanify Foundation has been doing tremendous amount of much needed work in spreading awareness about menstrual hygiene amongst all sections of our society, especially under privileged school children. Respected Niraj Gera Ji has travelled ||| I feel blessed to be part of this organization, which works on mental and mansturation health and also runing an oldage home in such a beautiful and compassionate manner. ||| My best wishes to the sincere efforts made by Team Humanify for menstrual health, MHM Initiative, elderly care , old age home and much more"
MINAKSHI PARIWAR,0.0,3,"MINAKSHI PARIWAR | 5.0(3) | Non-governmental organization · A/156, Rani Bagh | 088261 06671",https://www.google.com/maps/place/MINAKSHI+PARIWAR/data=!4m7!3m6!1s0x390d03c509a719b5:0x73cfd5cef74adf59!8m2!3d28.6930443!4d77.135095!16s%2Fg%2F11f15l5r5q!19sChIJtRmnCcUDDTkRWd9K987Vz3M?authuser=0&hl=en&g_ep=EgoyMDI2MDkyNy4xIJJjKgBIAVAD&rclk=1,NGO in Rohini Delhi,0,0.0,0.0,0,No verified reviews found.
Youth Veerangnayen,0.0,147,"Youth Veerangnayen | 4.9(147) | Corporate office · Pocket E-18, 238 | 072064 40270",https://www.google.com/maps/place/Youth+Veerangnayen/data=!4m7!3m6!1s0x390d03e3608134a3:0xa791d9c67f069eb3!8m2!3d28.6997606!4d77.1154123!16s%2Fg%2F11q93f0st7!19sChIJozSBYOMDDTkRs54Gf8bZkac?authuser=0&hl=en&g_ep=EgoyMDI2MDkyNy4xIJJjKgBIAVAD&rclk=1,NGO in Rohini Delhi,5,5.0,0.2622777777777778,0,"Youth Veerangnayen is an NGO working on absolute ground levels, be it their free stitching centres, or other skill training programs, or the essential distributions, or the awareness seminars in schools. I wish you all the good luck for your future endeavours. ||| Youth veerangnayen team is really a good team. They have done so many humble work and infact they are doing awesome work for the needy people by providing food and other needy things to them. I appreciate them and hats off to them for their work . God always give them strength and motivation for doing such things. ||| Youth Veerangnayen are doing relentless efforts for making our country a better version of itself. I have myself witnessed their work by the team in Hisar, Haryana. Their one of free coaching centre is near my vicinity. I wish more strength to them for continuing the great work. ||| Youth Veeranganyen Foundation A movement born from the heart, for the strength of every woman. Its not just ||| This organisation has been consistently working on ground levels. Thrilled to see the overwhelming hard work put on by the team members. The world sincerely needs these types of organisations for sustainability and viability. My sincere"
AHYS NGO,0.0,1,"AHYS NGO | 3.0(1) | Social services organization · P22X+MF2, Mubarak Pur Dabas Rd | ",https://www.google.com/maps/place/AHYS+NGO/data=!4m7!3m6!1s0x390d07e3556c17ff:0xe38b683b34987c36!8m2!3d28.7016272!4d77.0486508!16s%2Fg%2F11vhqhz97g!19sChIJ_xdsVeMHDTkRNnyYNDtoi-M?authuser=0&hl=en&g_ep=EgoyMDI2MDkyNy4xIJJjKgBIAVAD&rclk=1,NGO in Rohini Delhi,0,0.0,0.0,0,No verified reviews found.
Child Home NGO,0.0,7,"Child Home NGO | 4.1(7) | Charity · Sangam Complex, Samaypur - Libaspur Rd | 092120 08898",https://www.google.com/maps/place/Child+Home+NGO/data=!4m7!3m6!1s0x390d0101aa8dfa87:0xff12a0366b204ae3!8m2!3d28.7501908!4d77.1424717!16s%2Fg%2F11bzrb7_w9!19sChIJh_qNqgEBDTkR40ogazagEv8?authuser=0&hl=en&g_ep=EgoyMDI2MDkyNy4xIJJjKgBIAVAD&rclk=1,NGO in Rohini Delhi,1,4.0,0.175,0,Good NGO for poor students. They teach them free and provide them with basic amenities
Little Feet Kindercare NGO,0.0,0,"Little Feet Kindercare NGO | No reviews | Education center · JD Block, behind JD Market | Closed · Opens 9:30 am Thu",https://www.google.com/maps/place/Little+Feet+Kindercare+NGO/data=!4m7!3m6!1s0x390d038e77f75407:0x6a54cd9918bc566!8m2!3d28.7008779!4d77.1366276!16s%2Fg%2F11nj8m5cc6!19sChIJB1T3d44DDTkRZsWLkdlMpQY?authuser=0&hl=en&g_ep=EgoyMDI2MDkyNy4xIJJjKgBIAVAD&rclk=1,NGO in Rohini Delhi,0,0.0,0.0,0,No verified reviews found.
Swami Vivekananda Samajik Chetna Trust,0.0,16,"Swami Vivekananda Samajik Chetna Trust | 4.3(16) | Non-profit organization · 639, Prahladpur Rd, near Chaudharana Mandir | 098991 92314",https://www.google.com/maps/place/Swami+Vivekananda+Samajik+Chetna+Trust/data=!4m7!3m6!1s0x390d069ffce414db:0xc231e16e3b904f69!8m2!3d28.7177836!4d77.0768441!16s%2Fg%2F11f2grz9c2!19sChIJ2xTk_J8GDTkRaU-QO27hMcI?authuser=0&hl=en&g_ep=EgoyMDI2MDkyNy4xIJJjKgBIAVAD&rclk=1,NGO in Rohini Delhi,4,3.0,0.19333333333333336,1,"This trust helping people who are ignored or discriminated against because of their disabilities or backgrounds. Trust give shelter to visually impaired and provide them food, clothes, medical facilities. ||| I am Saroj kumar visually impaired living in this sanstha, I feel very secure, comfort and calm. Santha is always a helping hand for me. ||| 101Fraud, Never donate for this. Making fool to innocent people. ||| Froud dont give any money"
Sukoon Villa Foundation,0.0,31,Sukoon Villa Foundation | 4.9(31) | Addiction treatment center | Open · Closes 8 pm · 098710 50596,https://www.google.com/maps/place/Sukoon+Villa+Foundation/data=!4m7!3m6!1s0x390d0690e8ffffff:0x56d96838f80e3c6c!8m2!3d28.7145421!4d77.0721109!16s%2Fg%2F11f3t020bz!19sChIJ____6JAGDTkRbDwO-Dho2VY?authuser=0&hl=en&g_ep=EgoyMDI2MDkyNy4xIJJjKgBIAVAD&rclk=1,NGO in Rohini Delhi,5,5.0,0.4599047619047619,0,"Sukoon Villa qualifies to be one of the best rehabilitation center for females, which empower women to gain the strength and take her talent out to give the best of her. Considering the world of competition and unnecessary pressure, Sukoon ||| Best of the best rehab infact i should say temple instead of rehab as it actually saves life and changes life from worst to excellent . Best staff with best facilities in low price . This all is possible because owner is equal to GOD! She ||| Best rehab , with good facilities I came for psychiatric treatment, I lost everything, suffered by acute depression. But after the treatment my life is completely changed. Thanks to Sukoon Villa, all staff are very cooperative and supportive, very very thanks to all to save my life . ||| This place is very safe for women. Its really good, clean, very loving staff. Its just like a second home. I highly recommend this for women on my personal experience ||| Shipra Ji you are doing good job and servicing the society its god gress on you. ,,Beauty mind always does Beauty work."
Alpha library,0.0,203,"Alpha library | 4.6(203) | Library ·  · H.no 1, Gali No. 17, opposite to ICICI Bank | Open · Closes 11 pm · 088603 37542",https://www.google.com/maps/place/Alpha+library/data=!4m7!3m6!1s0x390d03d39d74dffb:0xe5ce209d573bf689!8m2!3d28.6968133!4d77.1059825!16s%2Fg%2F11rxskz5db!19sChIJ-990ndMDDTkRifY7V50gzuU?authuser=0&hl=en&g_ep=EgoyMDI2MDkyNy4xIJJjKgBIAVAD&rclk=1,NGO in Rohini Delhi,5,5.0,0.5668242424242425,0,"This Library is best in this locality, here seats are good , atmosphere is positive and mostly importantly management team is very supportive. ||| Peoples are so much friendly Great experience i cant express in words ||| Amazing library. AC works perfectly. Mr. Akshay stays available all the time. Have been studying here for 2 years. No complaints. Have even passed all my government documents exams. Thankful to Mr. Akshay. ||| I am immensely grateful for the invaluable support and resources provided by the library during my preparation for the government job. The serene ambiance and helpful staff truly created an ideal environment for focused study. The library played a pivotal role in my success, and I highly recommend it. ||| One of the Best library in Rohini because the environment and people are very polite, 1. Best peaceful place for study,"
Kamyadaan Charitable Trust,0.0,1,"Kamyadaan Charitable Trust | 5.0(1) | Charity · F-11/45, 2nd Floor, North | 093152 21839",https://www.google.com/maps/place/Kamyadaan+Charitable+Trust/data=!4m7!3m6!1s0x390d011518142903:0xe915b048328920aa!8m2!3d28.7309976!4d77.1277794!16s%2Fg%2F11j83sj0cw!19sChIJAykUGBUBDTkRqiCJMkiwFek?authuser=0&hl=en&g_ep=EgoyMDI2MDkyNy4xIJJjKgBIAVAD&rclk=1,NGO in Rohini Delhi,0,0.0,0.0,0,No verified reviews found.
The Shri Ram Wonder Years,0.0,77,"The Shri Ram Wonder Years | 4.6(77) | Preschool ·  · Near, Veer Apartments Rd | Closed · Opens 8 am Thu · 088001 82982",https://www.google.com/maps/place/The+Shri+Ram+Wonder+Years/data=!4m7!3m6!1s0x390d0142724a4bcf:0x6061ff59b1b14460!8m2!3d28.721767!4d77.1250562!16s%2Fg%2F11bx9pjcn4!19sChIJz0tKckIBDTkRYESxsVn_YWA?authuser=0&hl=en&g_ep=EgoyMDI2MDkyNy4xIJJjKgBIAVAD&rclk=1,NGO in Rohini Delhi,5,5.0,0.397,0,"The teachers are caring, supportive, and genuinely invested in every childs growth. The school provides a safe, nurturing, and joyful learning environment. ||| Best place in Delhi to inculcate values for our little ones. We had an amazing experience during our daughters stint. She always cherished going to school. ||| I want to extend our heartfelt thanks to each and every one of you. Thank you for creating such a warm, joyful, and nurturing environment where our little one could learn, grow, and shine. There is a visible change in our childs ||| Good school, good responsible teachers ||| Place is full of love and warmth, top to bottom everyone is involved in pampering and provide a loving environment to kid. Your child will be settled with utmost love and care. You can trust the school with your eyes closed."
Apeksha Welfare Society,0.0,1,"Apeksha Welfare Society | 5.0(1) | Social services organization · C-2/37, Badli Rd | 092121 21855",https://www.google.com/maps/place/Apeksha+Welfare+Society/data=!4m7!3m6!1s0x390d01130784cfdd:0xff405760e71e273c!8m2!3d28.7327103!4d77.1335401!16s%2Fg%2F12hslbgdy!19sChIJ3c-EBxMBDTkRPCce52BXQP8?authuser=0&hl=en&g_ep=EgoyMDI2MDkyNy4xIJJjKgBIAVAD&rclk=1,NGO in Rohini Delhi,1,5.0,1.0,0,"Excellent NGO in North West Delhi, on the path of Serving People"
Ashima Foundation Tata Power DDL VTC 3,0.0,8,Ashima Foundation Tata Power DDL VTC 3 | 4.6(8) | Non-governmental organization · P398+RF7 | Closed · Opens 9 am Thu,https://www.google.com/maps/place/Ashima+Foundation+Tata+Power+DDL+VTC+3/data=!4m7!3m6!1s0x390d0708f860e915:0x7cd1e14791b1ff8!8m2!3d28.7195274!4d77.0661602!16s%2Fg%2F11qq94w2bv!19sChIJFelg-AgHDTkR-B8beRQezQc?authuser=0&hl=en&g_ep=EgoyMDI2MDkyNy4xIJJjKgBIAVAD&rclk=1,NGO in Rohini Delhi,2,3.5,0.5298430735930736,0,"The beautiful place ||| Hello, I have also been a student of Tatapowers Ashima Foundation. Everything is fine here but if the teacher is changed and the student is on leave for some reason and at the same time the teacher is changed, then the new teacher says that you are not my student. Is this right?"
Bhartiya chaurasiya Sanghthan,0.0,6,Bhartiya chaurasiya Sanghthan | 4.8(6) | Non-profit organization · new delhi | Closed · Opens 9 am Thu · 093543 76104,https://www.google.com/maps/place/Bhartiya+chaurasiya+Sanghthan/data=!4m7!3m6!1s0x390d01009d9cf587:0xd7147f260be7e62c!8m2!3d28.7153451!4d77.1088008!16s%2Fg%2F11khw2b1f5!19sChIJh_WcnQABDTkRLObnCyZ_FNc?authuser=0&hl=en&g_ep=EgoyMDI2MDkyNy4xIJJjKgBIAVAD&rclk=1,NGO in Rohini Delhi,1,5.0,0.0,0,Divakar Chaurasia W Champaran
Vrikshandolan Foundation,0.0,0,Vrikshandolan Foundation | No reviews | Non-profit organization · North | 097185 70571,https://www.google.com/maps/place/Vrikshandolan+Foundation/data=!4m7!3m6!1s0x390d010d42d9b401:0xd60f232dd41d6dab!8m2!3d28.7168314!4d77.1234954!16s%2Fg%2F11lkntzqj3!19sChIJAbTZQg0BDTkRq20d1C0jD9Y?authuser=0&hl=en&g_ep=EgoyMDI2MDkyNy4xIJJjKgBIAVAD&rclk=1,NGO in Rohini Delhi,0,0.0,0.0,0,No verified reviews found.
Shaheed Smriti Chetna Samiti,0.0,9,"Shaheed Smriti Chetna Samiti | 5.0(9) | Non-governmental organization · Flat No.104, Grond Floor | Open · Closes 8 pm · 081306 35755",https://www.google.com/maps/place/Shaheed+Smriti+Chetna+Samiti/data=!4m7!3m6!1s0x390d06c7d7b1ea0f:0xa227c404de148eb2!8m2!3d28.7320013!4d77.0937237!16s%2Fg%2F11f13qb27l!19sChIJD-qx18cGDTkRso4U3gTEJ6I?authuser=0&hl=en&g_ep=EgoyMDI2MDkyNy4xIJJjKgBIAVAD&rclk=1,NGO in Rohini Delhi,5,5.0,0.2798809523809524,0,"Great NGO of India, who is distributing knowledge of all freedom fighter of literature among the youth, they organize desh bhakti olympiad. ||| My world my future most best person mere guru ji ||| To understand Indian cultural heritage, one must understand Indias historical events, archaeological evidence, sites, martyrs, and folklore. Martyrs must be internalized. ||| The only institution in India dedicated to the unknown martyrs who sacrificed their lives for the freedom of the country, which first established its museum in the Red Fort. The committee also has museums in Delhi Assembly, Vrindavan, Katra and Jallianwala Bagh. ||| Very patriotic organization. Specially Prem Shukla ji Patriotic Singing."
Ank NGO Vocational Training Center,0.0,1,Ank NGO Vocational Training Center | 5.0(1) | Education center · S53 | ,https://www.google.com/maps/place/Ank+NGO+Vocational+Training+Center/data=!4m7!3m6!1s0x390d0100754d8b21:0x4c945c0a3c103129!8m2!3d28.7479411!4d77.1321865!16s%2Fg%2F11whx8_gj6!19sChIJIYtNdQABDTkRKTEQPApclEw?authuser=0&hl=en&g_ep=EgoyMDI2MDkyNy4xIJJjKgBIAVAD&rclk=1,NGO in Rohini Delhi,1,5.0,0.26666666666666666,0,Great ngo for girls to learn digital marketing and spoken English
BPMS Library,0.0,14,BPMS Library | 4.8(14) | Government office · P48M+GPG | Closes soon · 6 pm · Opens 10 am Thu,https://www.google.com/maps/place/BPMS+Library/data=!4m7!3m6!1s0x390d01b8d79172ff:0x27955366561a407a!8m2!3d28.7163223!4d77.1343255!16s%2Fg%2F11f6fzt1h0!19sChIJ_3KR17gBDTkRekAaVmZTlSc?authuser=0&hl=en&g_ep=EgoyMDI2MDkyNy4xIJJjKgBIAVAD&rclk=1,NGO in Rohini Delhi,5,4.4,0.4035714285714286,0,"You can drop the household items here which are lying theirnin your house for more than 6 months to 1 year,unused....they drop all your donated newused items from electronics,to toys,clothes,utensils,stationery,Mata ki chunaris,ladoo ||| This place is managed by Bhiwani pariwar maitry sangh. If you are a student or senior citizen and looking for space to sit and study, investyour time with same age group people, you at the right place. ||| Well managed AC LIBRARY ||| Cool library with free coffee and tea for its members. ||| Well maintained library excellent"
"NGO, SHAKTI SAMADHAN FOUNDATION ( MEENA ARORA)",0.0,0,"NGO, SHAKTI SAMADHAN FOUNDATION ( MEENA ARORA) | No reviews | Housing society · 140 | ","https://www.google.com/maps/place/NGO,+SHAKTI+SAMADHAN+FOUNDATION+%28+MEENA+ARORA%29/data=!4m7!3m6!1s0x390d03006f05b009:0x1b9cc6c49edba971!8m2!3d28.6934064!4d77.1294608!16s%2Fg%2F11xw4bkr1d!19sChIJCbAFbwADDTkRcanbnsTGnBs?authuser=0&hl=en&g_ep=EgoyMDI2MDkyNy4xIJJjKgBIAVAD&rclk=1",NGO in Rohini Delhi,0,0.0,0.0,0,No verified reviews found.
Being Human Clothing,0.0,83,"Being Human Clothing | 4.2(83) | Clothing store · MLCP Plot, West Metro Station, Shop No: G-27, Ground Floor Unity One | Open · Closes 9:30 pm · 099539 26208",https://www.google.com/maps/place/Being+Human+Clothing/data=!4m7!3m6!1s0x390d015ae700f9ed:0x9ae32eb9a9f15210!8m2!3d28.7150217!4d77.1162251!16s%2Fg%2F11c5h30xc1!19sChIJ7fkA51oBDTkREFLxqbku45o?authuser=0&hl=en&g_ep=EgoyMDI2MDkyNy4xIJJjKgBIAVAD&rclk=1,NGO in Rohini Delhi,5,3.6,0.22363636363636363,0,DO NOT VISIT THIS STORE OR YOU WILL REGRET. This store is worst store of being human I ever come across too I purchased 5 articles and all the articles were defective I returned one after ||| Obviously Salman Khan brand provides all clothing option for all. ||| Good collection but staff needs to improve their service behavior ||| The famous line of clothes by Salman Khan. The collection is for the new Indians. ||| People over here helps u find the perfect attire for u very helpful staff
Om Documentation,0.0,27,"Om Documentation | 5.0(27) | Consultant · G- 20/234, near LG showroom | Open · Closes 9 pm · 098990 20185",https://www.google.com/maps/place/Om+Documentation/data=!4m7!3m6!1s0x4655616c0129a439:0x473ef44405ed27aa!8m2!3d28.7113977!4d77.1144206!16s%2Fg%2F11yq38pszy!19sChIJOaQpAWxhVUYRqiftBUT0Pkc?authuser=0&hl=en&g_ep=EgoyMDI2MDkyNy4xIJJjKgBIAVAD&rclk=1,NGO in Rohini Delhi,5,4.8,0.5650000000000001,0,I needed my PAN card updated urgently and they delivered ahead of schedule. Their document verification process is smooth and digitalfriendly. Saving this service for all my future documentation needs! ||| Excellent professional advice for best results. Really great ||| Its great and have quick service has actually helped me alot ||| Awesome and very best solution provider. Had a great experience working with them. ||| Best place for marriageregistrationsolutions without delay. Easy and quick documentation support.
SWAMI VIVEKANAND SAMAJIK CHETNA TRUST,0.0,0,"SWAMI VIVEKANAND SAMAJIK CHETNA TRUST | No reviews | Corporate office · Second Floor, H. No. 5 | 098991 92314",https://www.google.com/maps/place/SWAMI+VIVEKANAND+SAMAJIK+CHETNA+TRUST/data=!4m7!3m6!1s0x390d068e90000001:0x129c231342719f18!8m2!3d28.7168469!4d77.0643614!16s%2Fg%2F11n0ryrx07!19sChIJAQAAkI4GDTkRGJ9xQhMjnBI?authuser=0&hl=en&g_ep=EgoyMDI2MDkyNy4xIJJjKgBIAVAD&rclk=1,NGO in Rohini Delhi,0,0.0,0.0,0,No verified reviews found.
Advocate Neha Batra & Associates,0.0,482,Advocate Neha Batra & Associates | 4.9(482) | Divorce lawyer · 58 | Open 24 hours · 089201 11892,https://www.google.com/maps/place/Advocate+Neha+Batra+%26+Associates/data=!4m7!3m6!1s0x390d0704b64cdd55:0xc0739c471c15b59b!8m2!3d28.7319512!4d77.086545!16s%2Fg%2F11r2g59xkl!19sChIJVd1MtgQHDTkRm7UVHEecc8A?authuser=0&hl=en&g_ep=EgoyMDI2MDkyNy4xIJJjKgBIAVAD&rclk=1,NGO in Rohini Delhi,5,4.2,0.33087037037037037,0,"I highly recommend this lawyer for anyone seeking a divorce attorney who is truly honest and dedicated. She approaches her work with seriousness, integrity, and a strong sense of responsibility. Her professionalism and commitment to doing ||| Very professional and knowledgeable advocate. My experience was very smooth and Neha mam made this tough phase very smooth for me. Highly recommended and one of the best lawyers in Delhi ||| She rarely appeared in cases in high court and supreme court of India. When dv is filed in Delhi where one partner is not resident cases needs to be quashed . She didnt do . I approached another lawyer for it. ||| Adv. Neha Batra is an exceptionally knowledgeable and dedicated lawyer. She handled my case with great professionalism and kept me informed at every step. Her calm approach and strong understanding of the law gave me a lot of confidence. I am truly grateful for her hard work and highly recommend her services. ||| Neha Batra maam and her team are the best when it comes to Divorce cases. She has been extremely helpful in her advice and handling all the legal matters pertaining to my divorce situation and she helped me navigate it with ease. I am"
Studykul Library,0.0,24,"Studykul Library | 4.4(24) | Library · 76, Ch Gugan Singh Marg | Open · Closes 8 pm",https://www.google.com/maps/place/Studykul+Library/data=!4m7!3m6!1s0x390d0726a7741ab5:0x7e841aa4635e9d08!8m2!3d28.7097341!4d77.08164!16s%2Fg%2F11j1bzk905!19sChIJtRp0pyYHDTkRCJ1eY6QahH4?authuser=0&hl=en&g_ep=EgoyMDI2MDkyNy4xIJJjKgBIAVAD&rclk=1,NGO in Rohini Delhi,4,4.0,0.31937499999999996,0,Very nice and peaceful pla ||| Not posting outside photo ||| Very peaceful environment for study with all necessary infrastructure. ||| Nice place for study Nice environment..
Udaan-The Center Of Theatre Art & Child Development,0.0,108,"Udaan-The Center Of Theatre Art & Child Development | 4.9(108) | Children's theater · Workshop Available at All locations in India, Mother Divine Pubic School | 098735 70750",https://www.google.com/maps/place/Udaan-The+Center+Of+Theatre+Art+%26+Child+Development/data=!4m7!3m6!1s0x390d03baa4866a35:0xa2d82a5794b0c7c9!8m2!3d28.7067128!4d77.1035897!16s%2Fg%2F11qh26jg5v!19sChIJNWqGpLoDDTkRycewlFcq2KI?authuser=0&hl=en&g_ep=EgoyMDI2MDkyNy4xIJJjKgBIAVAD&rclk=1,NGO in Rohini Delhi,5,5.0,0.39710389610389607,0,"Thank you so much for giving our children such a wonderful experience through theatre. Watching Reyaansh perform on stage for the very first time was a truly special moment for us, and we couldnt have been happier. ||| A huge congratulations and thank you to the Udaan team for such a brilliant theatre program today! The event was beyond our expectations. The way the teachers identified each ||| The dedication and efforts of the teachers are commendable. Thanks to Sanjay Sir, Shobha Maam, Payal Maam, Nilakshi Maam, Meetali Maam, and the entire Udaan Team ||| Theatre is believe to create a new YOU. Being from a creative field myself,i was looking for something magical for my daughter lavanya whose personality,life choices are different.But I made sure i ||| Thank you to the entire theatre team for the incredible learning experience and stage exposure provided to my child. We have seen a wonderful boost in confidence, creativity, and selfexpression. Your guidance, patience, and encouragement"
Tax Deliver,0.0,290,"Tax Deliver | 4.9(290) | Tax preparation service · First Floor, C-9/28 | Open · Closes 7:30 pm · 095600 26399",https://www.google.com/maps/place/Tax+Deliver/data=!4m7!3m6!1s0x390d015815cc270b:0xbc7e88e0fb4e56f6!8m2!3d28.7095172!4d77.1228296!16s%2Fg%2F11g6njjt6j!19sChIJCyfMFVgBDTkR9lZO--CIfrw?authuser=0&hl=en&g_ep=EgoyMDI2MDkyNy4xIJJjKgBIAVAD&rclk=1,NGO in Rohini Delhi,5,5.0,0.33690476190476193,0,"Tax Deliver and her team helped me a lot in creating my GST number for my clothing brand soul heaven. The entire process was very smooth and hasslefree. They guided me properly at every step and were always supportive and responsive. ||| Amazing service. They guided me properly and handled the process professionally. I appreciate their support and timely assistance throughout the GST application process. ||| I have worked with team to register my company. Superb Team, Best in what they do and amazing handholding. The team has made the entire process smooth and they closed the entire work in record time. ||| Good professional and prompt services. Really glad to associate with Team Tax Deliver and Mr Gaurav Aggarwal for all our accounting needs ||| Tax Delivery made my GST registration completely hasslefree. The CA is very kind, patient, and approachable, and the team is highly knowledgeable and professional. Everything was explained clearly and handled smoothly with great attention"
NATIONAL CRIME INFORMATION BUREAU - NCIB Delhi,0.0,3,"NATIONAL CRIME INFORMATION BUREAU - NCIB Delhi | 4.0(3) | Non-governmental organization · DRM Palick School, Redat H No Q 77A Rajiv Nagar Exe, Sec 37, Gali No. 3 | Open 24 hours · 098863 59499",https://www.google.com/maps/place/NATIONAL+CRIME+INFORMATION+BUREAU+-+NCIB+Delhi/data=!4m7!3m6!1s0x390d06a93b88d26f:0x38a0cd898f055e3d!8m2!3d28.7079951!4d77.0948111!16s%2Fg%2F11n0cj17gc!19sChIJb9KIO6kGDTkRPV4Fj4nNoDg?authuser=0&hl=en&g_ep=EgoyMDI2MDkyNy4xIJJjKgBIAVAD&rclk=1,NGO in Rohini Delhi,0,0.0,0.0,0,No verified reviews found.
NGO rAHi - NGO in Delhi (NGO in India),0.0,64,"NGO rAHi - NGO in Delhi (NGO in India) | 4.4(64) | Non-governmental organization ·  · H. No.51, Munshi Ram Colony | Closed · Opens 9 am Thu · 099588 09459",https://www.google.com/maps/place/NGO+rAHi+-+NGO+in+Delhi+%28NGO+in+India%29/data=!4m7!3m6!1s0x390cfe082bf42833:0xad733c2e9f90684a!8m2!3d28.714598!4d77.208607!16s%2Fg%2F11d_72v89j!19sChIJMyj0Kwj-DDkRSmiQny48c60?authuser=0&hl=en&g_ep=EgoyMDI2MDkyNy4xIJJjKgBIAVAD&rclk=1,NGO in Rohini Delhi,5,5.0,0.6493333333333333,0,"This ngo works very good at crpf camp trauma center. Aiims delhi. Good bless team ||| Great work at crpf camp aiims trauma centre delhi ||| NGO RAHI is the best ngo in India for education and woman empowerment. It works in its field very honestly and dedicatively. I know it personally ||| Best NGO in the field of education....... I am going there for last 7 months.......It contribute in the upliftment of the society by teaching students in the slum areas ||| Superbreally they are doing good work, keep it up... Its really best NGO in delhi"
Cry Child Foundation,0.0,94,"Cry Child Foundation | 5.0(94) | Social welfare center · OFFICE NO.3 IIInd FLOOR, JAGDEV SINGH COMPLEX | Closes soon · 6 pm · Opens 9:30 am Thu · 095823 75405",https://www.google.com/maps/place/Cry+Child+Foundation/data=!4m7!3m6!1s0x390d06f4b8eca331:0xa2cc2ac8d049f096!8m2!3d28.7007168!4d77.1308883!16s%2Fg%2F11tdtbz5sf!19sChIJMaPsuPQGDTkRlvBJ0MgqzKI?authuser=0&hl=en&g_ep=EgoyMDI2MDkyNy4xIJJjKgBIAVAD&rclk=1,NGO in Pitampura Delhi,5,5.0,0.507,0,"The food distribution event held at Peeragarhi Camp in association with the CRY Child Foundation was truly a heartwarming and successful initiative. Organised on the birthday occasion of the Managing Director of Style Shine Essentials, ||| We visited them today, and it was a great experience. All the kids were very interactive and respectful. I actually miss those kids already and would want to visit them again. You can help them also by providing some funds so that these kids get better education. You can trust this review ||| I had a wonderful experience with Child Foundation. Their dedication to improving the lives of underprivileged children through education, healthcare, and overall development is truly inspiring. The team is compassionate, transparent, and ||| Our visit to CRY CHILD FOUNDATION was truly a wonderful and inspiring experience. It was a joy to meet the children and see their enthusiasm for learning. The Foundation is doing remarkable work by supporting underprivileged school children ||| We had the opportunity to visit this NGO recently, and it was a truly meaningful experience. The team is doing commendable work with genuine dedication and care. Their efforts towards helping the community, especially the children, are"
YOUTH EMPOWERMENT FOUNDATION,0.0,505,"YOUTH EMPOWERMENT FOUNDATION | 4.8(505) | Non-governmental organization · 3rd Floor, 3426B | Closed · Opens 9 am Thu · 093116 98690",https://www.google.com/maps/place/YOUTH+EMPOWERMENT+FOUNDATION/data=!4m7!3m6!1s0x390d1d8fd0ba7465:0xbc9f909f34315eb5!8m2!3d28.6837139!4d77.1339797!16s%2Fg%2F11hbpt69bn!19sChIJZXS60I8dDTkRtV4xNJ-Qn7w?authuser=0&hl=en&g_ep=EgoyMDI2MDkyNy4xIJJjKgBIAVAD&rclk=1,NGO in Pitampura Delhi,5,5.0,0.28588123139880955,0,"Since the time I got connected with this foundation I have evolved as a Better person. The work these guys do here is commendable and worth praising. Im thankful for having me here and will always keep supporting. ||| My experience with youth empowerment foundation is great. I loved the way they work and motivates other young people to come forward and help needy ones. Especially in this corona time period, the work done by YEF is commendable. ||| YEF is doing amazing work for the society ! This NGO works very hard for the upliftment of the poor during this pandemic and they are providing the necessity things to the needy ones and taking care of them . Glad to be a part of this organization. ||| YEF is doing a great job proud to be a small part of it !!!!! You get to knw the situation of the country and what needs to be done the number of people starving everyday just breaks my heart but good so see YEF taking an initiative and trying to help out these helpless souls!!!!! ||| YEF is doing a great job helping the underprivileged children and shaping their future. Its really commendable how well they put forward their idea and have been helping people out there specially in this time of pandemic."
Womenite,0.0,611,"Womenite | 4.9(611) | Non-profit organization ·  · Vardhman Plaza, Plot No 12, Rd Number 44 | Closes soon · 6 pm · Opens 10 am Thu · 097179 73658",https://www.google.com/maps/place/Womenite/data=!4m7!3m6!1s0x390d046b6f806add:0xada9b1d3772a9779!8m2!3d28.6890232!4d77.1342424!16s%2Fg%2F11ggzm7wfl!19sChIJ3WqAb2sEDTkReZcqd9Oxqa0?authuser=0&hl=en&g_ep=EgoyMDI2MDkyNy4xIJJjKgBIAVAD&rclk=1,NGO in Pitampura Delhi,5,5.0,0.3169444444444444,0,"Womenite is creating a real difference by addressing crucial issues like menstrual hygiene, gender equality, and social awareness. Their dedication to breaking taboos and empowering women is truly inspiring. The way they engage with ||| Womenite stands out as an inspiring organization dedicated to building a more inclusive and empowered society. Their commitment to womens equality, childrens rights, and social awareness is truly commendable. Through impactful workshops, ||| Volunteering with Womenite was a lifechanging experience. The team trusted us with real responsibilities and encouraged creativity. I got to lead workshops and interact with diverse communities. It helped me grow my leadership and communication skills. Im proud to be part of a mission that truly matters. ||| Really admire the work Womenite is doing to support women and educate communities. Their efforts around menstrual hygiene, gender equality, and social awareness are much needed and impactful. Wishing the team continued success!Womenite is ||| Womenite is doing an incredible job in spreading awareness about gender equality and women empowerment. Their workshops and campaigns are engaging, practical, and truly impactful. The team is passionate and approachable, and they genuinely"
SMILE FOR ALL,0.0,16,"SMILE FOR ALL | 4.9(16) | Non-governmental organization · pp-8, opp. NDPL Office | Closed · Opens 9 am Thu · 092121 31416",https://www.google.com/maps/place/SMILE+FOR+ALL/data=!4m7!3m6!1s0x390d022cb602e665:0x36d69a6f6c9a0357!8m2!3d28.7013421!4d77.1488983!16s%2Fg%2F1txfmjhp!19sChIJZeYCtiwCDTkRVwOabG-a1jY?authuser=0&hl=en&g_ep=EgoyMDI2MDkyNy4xIJJjKgBIAVAD&rclk=1,NGO in Pitampura Delhi,1,5.0,0.6,0,Nice initiative for unprivileged child education
Nanhe Pakshi,0.0,244,"Nanhe Pakshi | 5.0(244) | Non-governmental organization · Ground Floor, C-7/226 | Open 24 hours · 088260 22832",https://www.google.com/maps/place/Nanhe+Pakshi/data=!4m7!3m6!1s0x390d03d9f656f2d7:0xaa732eb7fad224d1!8m2!3d28.691207!4d77.158664!16s%2Fg%2F11gmwfn_pq!19sChIJ1_JW9tkDDTkR0STS-rcuc6o?authuser=0&hl=en&g_ep=EgoyMDI2MDkyNy4xIJJjKgBIAVAD&rclk=1,NGO in Pitampura Delhi,5,5.0,0.33425000000000005,0,"Honestly, I feel like there are very less nongovernmental organisations, which actually do the ground work and make change and Nahne Pakshi is one of them. I am glad I got to contribute by being a part of this. Keep going!! You are doing a good job!! ||| Nanhe pakshi is doing fantastic job for underprivileged children . They are working tirelessly for better future of children . A great initiative for the the society . ||| Nanhe Pakshi is an exceptional NGO dedicated to educating students while making learning fun and engaging. Their innovative approach combines education with enjoyment, creating an environment where students thrive. Through interactive ||| This NGO is doing outstanding work by giving underprivileged children access to education and hope for a brighter future, they go above and beyond to provide quality resources and support for children ||| As a volunteer with Community in Action I am thoroughly enjoying the whole experience. Interacting with these young brains and teaching them gives immense pleasure."
NGO PARTNERS,0.0,24,"NGO PARTNERS | 3.7(24) | Social services organization · 3426b, 3rd floor | 093116 98690",https://www.google.com/maps/place/NGO+PARTNERS/data=!4m7!3m6!1s0x390d03c796aaaaab:0xebce94bfc6c4eddb!8m2!3d28.6853636!4d77.1352137!16s%2Fg%2F11pyj984vw!19sChIJq6qqlscDDTkR2-3Exr-Uzus?authuser=0&hl=en&g_ep=EgoyMDI2MDkyNy4xIJJjKgBIAVAD&rclk=1,NGO in Pitampura Delhi,5,3.4,-0.014333333333333309,0,"Starting our NGO foundation felt overwhelming, but NGO Partners made the entire process smooth and stressfree. Their team provided expert guidance on trust registration, Section 8 company setup, and society formation. They handled ||| We recently registered our NGO, We Care Trust, with NGO Partners, and their service was outstanding! From trust registration to legal documentation, 12A 80G approvals, and GST registration, they handled everything with professionalism and ||| Im deeply grateful to the team for their exceptional service and professionalism! When our NGO, Neki Foundation Budhlada, required 80G approval, they efficiently completed the process within an impressive two weeks, and at a very ||| How can you people serve so bad that NGOs get 2.4 lakh of demandpenalty from Income tax? That shows how bad your CA work or unprofessional in accounts. ||| The Worst Services, Horrible people. only because of your fault we have got penalties to be paid in lakhs for no reason. And you people are so irresponsible to even respond to ur mistakes. Very unethical, people should be really careful with this CAs."
Gyan Elevate Education India Foundation,0.0,12,Gyan Elevate Education India Foundation | 5.0(12) | Non-governmental organization · KP-40 | Open · Closes 8 pm · 084482 71829,https://www.google.com/maps/place/Gyan+Elevate+Education+India+Foundation/data=!4m7!3m6!1s0x390d03d41a5b0455:0x2e5665cd809cc5ca!8m2!3d28.7000804!4d77.1474986!16s%2Fg%2F11jt6ysg_6!19sChIJVQRbGtQDDTkRysWcgM1lVi4?authuser=0&hl=en&g_ep=EgoyMDI2MDkyNy4xIJJjKgBIAVAD&rclk=1,NGO in Pitampura Delhi,5,5.0,0.32716666666666666,0,"An NGO working truly for the students welfare, to uplift them and give them good education. They keep organising programs for the students and also keep conducting workshops of extra curricular activities for students. ||| NGO provide good education and help needed children for their bright future ||| Very nice work being done by a hard working team ||| Good and dedicated faculty ||| This place is extremely helpful."
Shama Foundation Rehabilitation Centre,0.0,11,Shama Foundation Rehabilitation Centre | 5.0(11) | Non-profit organization · 37 | Open · Closes 9 pm · 098914 45414,https://www.google.com/maps/place/Shama+Foundation+Rehabilitation+Centre/data=!4m7!3m6!1s0x390d030eec7d7a31:0xfb14623790a7508c!8m2!3d28.698779!4d77.137731!16s%2Fg%2F11j3_ydkwn!19sChIJMXp97A4DDTkRjFCnkDdiFPs?authuser=0&hl=en&g_ep=EgoyMDI2MDkyNy4xIJJjKgBIAVAD&rclk=1,NGO in Pitampura Delhi,5,5.0,0.3991278911564626,0,I would like to thank Mr. Yusuf for putting their expertise in a meaningful manner for my son. I found him very innovative in his techniques. I have visited other centes also but i didnt find the thing i wanted. Here with his unique ||| Best place for occupational therapy and speech therapy for kids who needs special care and all needed equipments are presented..... Dr. Yusuf and whole staff works on aim of making child capable of living a normal life. From last 2 years my experience with them is awesome . ||| One of the best place for occupational therapy having latest equipments and modern techniques. Experience with Dr. Yoosuf has been really excellent. He is an expert and spot on immediate diagnosis. Highly recommended. ||| Best SI product made by shama foundation in india.It makes a great difference in our clinical setup after installing SI and other product made by Dr. Yusoof and shama foundation. ||| Shama foundation has innovative equipment s for physically and mentally challenged children. The products are of global standards.
Mansingh Foundation,0.0,1,"Mansingh Foundation | 5.0(1) | Non-profit organization · Address: First Floor, Plot No. 10 | 099993 59343",https://www.google.com/maps/place/Mansingh+Foundation/data=!4m7!3m6!1s0x390d035af09b281b:0xcebfb4b6a7615ed3!8m2!3d28.69905!4d77.137708!16s%2Fg%2F11vrkd_80t!19sChIJGyib8FoDDTkR015hp7a0v84?authuser=0&hl=en&g_ep=EgoyMDI2MDkyNy4xIJJjKgBIAVAD&rclk=1,NGO in Pitampura Delhi,0,0.0,0.0,0,No verified reviews found.
Mission Child Care,0.0,9,Mission Child Care | 5.0(9) | Non-governmental organization · J-100 | Closes soon · 6:30 pm · Opens 10 am Thu · 088003 64302,https://www.google.com/maps/place/Mission+Child+Care/data=!4m7!3m6!1s0x390d03c7796b91f9:0xdf09fd72a4e6a85f!8m2!3d28.697019!4d77.126736!16s%2Fg%2F11gcpy_d5h!19sChIJ-ZFreccDDTkRX6jmpHL9Cd8?authuser=0&hl=en&g_ep=EgoyMDI2MDkyNy4xIJJjKgBIAVAD&rclk=1,NGO in Pitampura Delhi,5,5.0,0.4208095238095238,0,"As we all knows that now a days its a became business for collecting only funds out of them very few NGO are genuine, which works in real.... So usually i ignores calls from them, but first time i found this genuine organization which is ||| one of the greatest work of spreading smiles among the underprivileged children. Keep up the great work. All the best. ||| Very nice and dedicated NGO who always ready to help needy children. 5Stars to Mission Child Care Trust ||| I recommend the doctor for his expert opinion and friendly nature. ||| Very hardworking volunteers God bless u team"
NIPUN NGO,0.0,99,"NIPUN NGO | 4.7(99) | Non-governmental organization · Rzc-96, 50 Feet Rd | Closes soon · 6 pm · Opens 9 am Thu · 083769 41500",https://www.google.com/maps/place/NIPUN+NGO/data=!4m7!3m6!1s0x390d0443056f6265:0xe54f874d3fc8850b!8m2!3d28.6692582!4d77.0759556!16s%2Fg%2F11g8vpw49t!19sChIJZWJvBUMEDTkRC4XIP02HT-U?authuser=0&hl=en&g_ep=EgoyMDI2MDkyNy4xIJJjKgBIAVAD&rclk=1,NGO in Pitampura Delhi,5,5.0,0.4738888888888889,0,"I had a wonderful experience volunteering at NIPUN. I visited multiple locations and projects undertaken by the organization, and it was truly heartwarming to witness the impact of their efforts. Seeing the different families they are reaching and supporting, and how they are helping transform lives, was deeply inspiring. ||| Grateful to witness the heartwarming work done by NIPUN NGO! From empowering women and youth through skillbuilding programs to uplifting communities through education their impact is truly inspiring. ||| I had a wonderful experience with this NGO. Their dedication to social welfare and community development is truly inspiring. ||| NIPUN NGO is doing incredible work in empowering underprivileged communities through education, skill development, and social welfare initiatives. Their commitment to creating real, sustainable change is truly inspiring. The team is ||| NIPUN NGO is doing incredible work in the field of education, vocational training, and community development. Their dedication to empowering underprivileged communities through skillbuilding programs and child welfare initiatives is truly"
Neelkanth Foundation,0.0,72,"Neelkanth Foundation | 4.9(72) | Foundation · A 2nd Floor, G-1/35 | Open 24 hours · 099909 11117",https://www.google.com/maps/place/Neelkanth+Foundation/data=!4m7!3m6!1s0x390d07be61ada309:0xea2cd6837e1d21c8!8m2!3d28.7094109!4d77.0875337!16s%2Fg%2F11n_y4nh55!19sChIJCaOtYb4HDTkRyCEdfoPWLOo?authuser=0&hl=en&g_ep=EgoyMDI2MDkyNy4xIJJjKgBIAVAD&rclk=1,NGO in Pitampura Delhi,5,5.0,0.24666666666666667,0,"I aint got to say anything Weird about this NGO work, Id really love to lend a hand with.. All volunteer are damn helpful nature friendly tho, Waw dropping some Name alike Dipanshu, Himanshu etc.. ||| A place where you can learn and experience a lot of ways to help individuals....where you can have the opportunity to meet various communities and have a great time. Truly greatful! ||| I loved and feel pleased to work with neelkanth foundation.... The way the treat everyone was awesome ... ||| In this NGO I have learnt that communicate with each other and motivated us and helping with each other. ||| Neelkanth foundation thought me how can I help others. I also learn how to being punctual for our work or duties.."
Sewah Welfare Foundation,0.0,11,"Sewah Welfare Foundation | 5.0(11) | Social services organization · House No. 29, Parking Floor Anand Vihar, near Hanuman Mandir | Open now · 093104 01130",https://www.google.com/maps/place/Sewah+Welfare+Foundation/data=!4m7!3m6!1s0x390d03b3c30dc4db:0xcc428aeb4061ebfa!8m2!3d28.6931023!4d77.1264824!16s%2Fg%2F11ll9r5g04!19sChIJ28QNw7MDDTkR-uthQOuKQsw?authuser=0&hl=en&g_ep=EgoyMDI2MDkyNy4xIJJjKgBIAVAD&rclk=1,NGO in Pitampura Delhi,1,5.0,0.18166666666666667,0,"Sewah Welfare foundation is a hardworking trust with heartily devoted members sharing their love and support for the betterment of society. by organising Langar, Medical service, Sapling planting and many other nobel social services."
