ngo_name,rating,total_reviews,raw_info,url,query_zone
Blooming Lives Foundation,0.0,130,"Blooming Lives Foundation | 4.4(130) | Charity · C, 23 | Open · Closes 7 pm · 089799 99890",https://www.google.com/maps/place/Blooming+Lives+Foundation/data=!4m7!3m6!1s0x390ce25bf06b0c9b:0xe298a2041b565ecd!8m2!3d28.5729089!4d77.2195477!16s%2Fg%2F11f5dh__n_!19sChIJmwxr8FviDDkRzV5WGwSimOI?authuser=0&hl=en&g_ep=EgoyMDI2MDkyNy4xIJJjKgBIAVAD&rclk=1,NGO in South Extension Delhi
Aastha Nishtha Foundation,0.0,35,"Aastha Nishtha Foundation | 4.7(35) | Non-profit organization · 3rd Floor, H-11 | Closes soon · 6 pm · Opens 10 am Thu · 099994 74413",https://www.google.com/maps/place/Aastha+Nishtha+Foundation/data=!4m7!3m6!1s0x390d1ed525fb0583:0x53cc2f1de6159a2!8m2!3d28.5713163!4d77.2220023!16s%2Fg%2F11j7dn8yj0!19sChIJgwX7JdUeDTkRollh3vHCPAU?authuser=0&hl=en&g_ep=EgoyMDI2MDkyNy4xIJJjKgBIAVAD&rclk=1,NGO in South Extension Delhi
A Giggles Welfare Organization,0.0,96,A Giggles Welfare Organization | 4.2(96) | Non-governmental organization · C63 | 011 2625 0001,https://www.google.com/maps/place/A+Giggles+Welfare+Organization/data=!4m7!3m6!1s0x390ce25d35d69acf:0x250d2519748109ea!8m2!3d28.5665205!4d77.2191145!16s%2Fg%2F11h9zqq7tn!19sChIJz5rWNV3iDDkR6gmBdBklDSU?authuser=0&hl=en&g_ep=EgoyMDI2MDkyNy4xIJJjKgBIAVAD&rclk=1,NGO in South Extension Delhi
Relief India Trust,0.0,131,Relief India Trust | 4.0(131) | Non-profit organization · C- 63 basement | 0120 425 8313,https://www.google.com/maps/place/Relief+India+Trust/data=!4m7!3m6!1s0x390ce4599ccf6a11:0xfd897a22a58688d3!8m2!3d28.5665357!4d77.219289!16s%2Fg%2F11b6dgjsld!19sChIJEWrPnFnkDDkR04iGpSJ6if0?authuser=0&hl=en&g_ep=EgoyMDI2MDkyNy4xIJJjKgBIAVAD&rclk=1,NGO in South Extension Delhi
CHETNA NGO for Street Children,0.0,364,CHETNA NGO for Street Children | 4.8(364) | Social services organization · 40/22 | Closes soon · 6 pm · Opens 10 am Thu,https://www.google.com/maps/place/CHETNA+NGO+for+Street+Children/data=!4m7!3m6!1s0x390ce2691e419161:0x32098bdfea971f02!8m2!3d28.5626516!4d77.2132896!16s%2Fg%2F1w6r6njd!19sChIJYZFBHmniDDkRAh-X6t-LCTI?authuser=0&hl=en&g_ep=EgoyMDI2MDkyNy4xIJJjKgBIAVAD&rclk=1,NGO in South Extension Delhi
PHIA Foundation,0.0,15,"PHIA Foundation | 4.5(15) | Non-profit organization · D, First Floor, D-25 | Closes soon · 6 pm · Opens 10 am Thu · 011 2625 0014",https://www.google.com/maps/place/PHIA+Foundation/data=!4m7!3m6!1s0x390ce267ea9cf1db:0x1cdf91e6c838bc5e!8m2!3d28.5663367!4d77.2162144!16s%2Fg%2F11bv6pdbn8!19sChIJ2_Gc6mfiDDkRXrw4yOaR3xw?authuser=0&hl=en&g_ep=EgoyMDI2MDkyNy4xIJJjKgBIAVAD&rclk=1,NGO in South Extension Delhi
India Vision Foundation,0.0,39,"India Vision Foundation | 4.7(39) | Foundation · Ansal Plaza, 56 | Closes soon · 6 pm · Opens 9 am Thu · 011 4054 7520",https://www.google.com/maps/place/India+Vision+Foundation/data=!4m7!3m6!1s0x390ce24229e7c69b:0x172e1c0a8ad1163a!8m2!3d28.560485!4d77.2202883!16s%2Fg%2F11dxf15gdj!19sChIJm8bnKULiDDkROhbRigocLhc?authuser=0&hl=en&g_ep=EgoyMDI2MDkyNy4xIJJjKgBIAVAD&rclk=1,NGO in South Extension Delhi
MISSION HEAL,0.0,4,"MISSION HEAL | 4.8(4) | Non-profit organization · C-63, Basement | Closes soon · 6:30 pm · Opens 9:30 am Thu · 093556 50210",https://www.google.com/maps/place/MISSION+HEAL/data=!4m7!3m6!1s0x390ce25d2bca8c93:0x4c4556a98b2a522b!8m2!3d28.5732865!4d77.2218866!16s%2Fg%2F11c1q7p39x!19sChIJk4zKK13iDDkRK1Iqi6lWRUw?authuser=0&hl=en&g_ep=EgoyMDI2MDkyNy4xIJJjKgBIAVAD&rclk=1,NGO in South Extension Delhi
Giggles Foundation,0.0,127,"Giggles Foundation | 5.0(127) | Non-governmental organization · 1516, 3rd Floor, Wazir Nagar | Open · Closes 7 pm · 092050 76752",https://www.google.com/maps/place/Giggles+Foundation/data=!4m7!3m6!1s0x390ce3beb7440ec1:0x2732798d87b19e23!8m2!3d28.5692444!4d77.2254835!16s%2Fg%2F11vz2n7ybh!19sChIJwQ5Et77jDDkRI56xh415Mic?authuser=0&hl=en&g_ep=EgoyMDI2MDkyNy4xIJJjKgBIAVAD&rclk=1,NGO in South Extension Delhi
Blue Pen Trust (NGO),0.0,33,"Blue Pen Trust (NGO) | 5.0(33) | Non-profit organization · D-38, 1st Floor | 092206 37269",https://www.google.com/maps/place/Blue+Pen+Trust+%28NGO%29/data=!4m7!3m6!1s0x390ce22c9aaaaaaf:0x837a7d604a1960eb!8m2!3d28.5683085!4d77.2189099!16s%2Fg%2F11g6r8m7ll!19sChIJr6qqmiziDDkR62AZSmB9eoM?authuser=0&hl=en&g_ep=EgoyMDI2MDkyNy4xIJJjKgBIAVAD&rclk=1,NGO in South Extension Delhi
Smile Foundation NGO in Delhi,0.0,196,"Smile Foundation NGO in Delhi | 4.3(196) | Non-governmental organization ·  · Gulmohar Commercial Complex, 161 B/4, 3rd Floor Community Centre | Closes soon · 6:30 pm · Opens 9:30 am Thu · 011 4312 3700",https://www.google.com/maps/place/Smile+Foundation+NGO+in+Delhi/data=!4m7!3m6!1s0x390ce270271eadef:0xb8e42773f9d463ab!8m2!3d28.5582311!4d77.2083662!16s%2Fg%2F11c3nzsxsl!19sChIJ760eJ3DiDDkRq2PU-XMn5Lg?authuser=0&hl=en&g_ep=EgoyMDI2MDkyNy4xIJJjKgBIAVAD&rclk=1,NGO in South Extension Delhi
Child Heart Foundation,0.0,56,Child Heart Foundation | 4.6(56) | Non-governmental organization · 130 | Closes soon · 6 pm · Opens 10 am Thu · 099991 42268,https://www.google.com/maps/place/Child+Heart+Foundation/data=!4m7!3m6!1s0x390ce2418c000001:0x679ee3f72d21d2e7!8m2!3d28.5592112!4d77.2190199!16s%2Fg%2F11g6n0ry5b!19sChIJAQAAjEHiDDkR59IhLffjnmc?authuser=0&hl=en&g_ep=EgoyMDI2MDkyNy4xIJJjKgBIAVAD&rclk=1,NGO in South Extension Delhi
Narayan Social Welfare Foundation,0.0,4,"Narayan Social Welfare Foundation | 5.0(4) | Non-profit organization · 3rd Floor, Plaza 1, 301, Leela Ram Market Rd | Closes soon · 6:30 pm · Opens 9:30 am Thu · 078276 64266",https://www.google.com/maps/place/Narayan+Social+Welfare+Foundation/data=!4m7!3m6!1s0xa46877848ad4361f:0x5f2b5e10f1e1a94!8m2!3d28.5642232!4d77.2196822!16s%2Fg%2F11k3hj5vv9!19sChIJHzbUioR3aKQRlBoeD-G18gU?authuser=0&hl=en&g_ep=EgoyMDI2MDkyNy4xIJJjKgBIAVAD&rclk=1,NGO in South Extension Delhi
Dhyan Foundation,0.0,207,Dhyan Foundation | 4.1(207) | Non-profit organization ·  · A-80 | 099990 99423,https://www.google.com/maps/place/Dhyan+Foundation/data=!4m7!3m6!1s0x390ce24295555555:0xbdf82877a1cfc827!8m2!3d28.5676555!4d77.2217471!16s%2Fg%2F1v8g9d90!19sChIJVVVVlULiDDkRJ8jPoXco-L0?authuser=0&hl=en&g_ep=EgoyMDI2MDkyNy4xIJJjKgBIAVAD&rclk=1,NGO in South Extension Delhi
Orphans in Need,0.0,20,"Orphans in Need | 3.3(20) | Corporate office · Lower Ground Floor, E-16 | Closes soon · 6 pm · Opens 10 am Thu · 011 4182 7775",https://www.google.com/maps/place/Orphans+in+Need/data=!4m7!3m6!1s0x390ce25ebe73cb59:0x24426252a5353a1e!8m2!3d28.5703596!4d77.2200418!16s%2Fg%2F11c482fbs3!19sChIJWctzvl7iDDkRHjo1pVJiQiQ?authuser=0&hl=en&g_ep=EgoyMDI2MDkyNy4xIJJjKgBIAVAD&rclk=1,NGO in South Extension Delhi
Agewell Foundation,0.0,76,"Agewell Foundation | 4.6(76) | Non-profit organization · Second Floor, M8A | Closes soon · 6 pm · Opens 10 am Thu · 011 2983 6486",https://www.google.com/maps/place/Agewell+Foundation/data=!4m7!3m6!1s0x390ce3b3aaaaaaab:0x4ac43abc3b1b8f1c!8m2!3d28.5692266!4d77.2483304!16s%2Fg%2F1ptxkrp19!19sChIJq6qqqrPjDDkRHI8bO7w6xEo?authuser=0&hl=en&g_ep=EgoyMDI2MDkyNy4xIJJjKgBIAVAD&rclk=1,NGO in South Extension Delhi
"Sewa Bhawan, National NGO",0.0,27,"Sewa Bhawan, National NGO | 4.7(27) | Non-profit organization ·  · 35B/1, Ground Floor, Gautam Nagar, Near Radhakrishna Temple | Open 24 hours · 095991 87545","https://www.google.com/maps/place/Sewa+Bhawan,+National+NGO/data=!4m7!3m6!1s0x390ce2691aaaaac7:0x7fa5b7b8a5e409e3!8m2!3d28.563067!4d77.214!16s%2Fg%2F11f3tzl5dz!19sChIJx6qqGmniDDkR4wnkpbi3pX8?authuser=0&hl=en&g_ep=EgoyMDI2MDkyNy4xIJJjKgBIAVAD&rclk=1",NGO in South Extension Delhi
SPYM Targeted Intervention Program For IDUs,0.0,58,"SPYM Targeted Intervention Program For IDUs | 4.7(58) | Non-profit organization · H6FF+XGJ, SPYM, Targeted Intervention, near Sheetla Mata Mandir | Closes soon · 6 pm · Opens 9 am Thu · 011 2689 3872",https://www.google.com/maps/place/SPYM+Targeted+Intervention+Program+For+IDUs/data=!4m7!3m6!1s0x390ce2592918bee7:0x1dffc3b9ed393077!8m2!3d28.574963!4d77.2237781!16s%2Fg%2F11xl3lr99!19sChIJ574YKVniDDkRdzA57bnD_x0?authuser=0&hl=en&g_ep=EgoyMDI2MDkyNy4xIJJjKgBIAVAD&rclk=1,NGO in South Extension Delhi
Tare Zameen Foundation (NGO),0.0,1710,"Tare Zameen Foundation (NGO) | 4.8(1,710) | Non-governmental organization ·  · ViruCamp, near Ambedkar park Mandi | Closes soon · 6:30 pm · Opens 9:30 am Thu · 093194 00971",https://www.google.com/maps/place/Tare+Zameen+Foundation+%28NGO%29/data=!4m7!3m6!1s0x390d1f76b1555555:0x31ed07c44406788d!8m2!3d28.4495531!4d77.1440061!16s%2Fg%2F11fsjs12rq!19sChIJVVVVsXYfDTkRjXgGRMQH7TE?authuser=0&hl=en&g_ep=EgoyMDI2MDkyNy4xIJJjKgBIAVAD&rclk=1,NGO in South Extension Delhi
QFK Reformer NGO,0.0,0,"QFK Reformer NGO | No reviews | Non-profit organization · H no, 1898-A-1, GF | Closes soon · 6 pm · Opens 10 am Thu · 093102 39003",https://www.google.com/maps/place/QFK+Reformer+NGO/data=!4m7!3m6!1s0x4f9168a0455968f:0x2017f342d368dc2a!8m2!3d28.568928!4d77.224576!16s%2Fg%2F11z01rg481!19sChIJj5ZVBIoW-QQRKtxo00LzFyA?authuser=0&hl=en&g_ep=EgoyMDI2MDkyNy4xIJJjKgBIAVAD&rclk=1,NGO in South Extension Delhi
Bibharte Ngo Delhi NCR - India,0.0,419,Bibharte Ngo Delhi NCR - India | 5.0(419) | Charity ·  | Open 24 hours · 098914 87063,https://www.google.com/maps/place/Bibharte+Ngo+Delhi+NCR+-+India/data=!4m7!3m6!1s0x390cfdc80da3c229:0x538cafce1df69897!8m2!3d28.6116316!4d77.2890045!16s%2Fg%2F11hz0jqz5b!19sChIJKcKjDcj9DDkRl5j2Hc6vjFM?authuser=0&hl=en&g_ep=EgoyMDI2MDkyNy4xIJJjKgBIAVAD&rclk=1,NGO in South Extension Delhi
Youth For Seva - Delhi,0.0,246,"Youth For Seva - Delhi | 4.8(246) | Volunteer organization · 93, South Ave | Closes soon · 6 pm · Opens 9:30 am Thu · 063622 39146",https://www.google.com/maps/place/Youth+For+Seva+-+Delhi/data=!4m7!3m6!1s0x390cfd2e92a0ce6b:0x6e79f058d4e61e7f!8m2!3d28.6059953!4d77.1994435!16s%2Fg%2F1hm2vnfrk!19sChIJa86gki79DDkRfx7m1FjweW4?authuser=0&hl=en&g_ep=EgoyMDI2MDkyNy4xIJJjKgBIAVAD&rclk=1,NGO in South Extension Delhi
ISHWAR NGO,0.0,114,"ISHWAR NGO | 4.9(114) | Non-profit organization ·  · D-33/34 Freedom Fighter Enclave Gate, 4, IGNOU Rd | 093157 45958",https://www.google.com/maps/place/ISHWAR+NGO/data=!4m7!3m6!1s0x390d1d8a8ff3b1b1:0x993a83d276952111!8m2!3d28.5084079!4d77.1984545!16s%2Fg%2F11cmyvc3gl!19sChIJsbHzj4odDTkRESGVdtKDOpk?authuser=0&hl=en&g_ep=EgoyMDI2MDkyNy4xIJJjKgBIAVAD&rclk=1,NGO in South Extension Delhi
Volunteers Of Change-NGO,0.0,99,"Volunteers Of Change-NGO | 4.7(99) | Non-governmental organization · A-58/3 Shaheen Bagh Jamia Nagar, Abul Fazal Enclave Rd | Open 24 hours · 097171 99079",https://www.google.com/maps/place/Volunteers+Of+Change-NGO/data=!4m7!3m6!1s0x390ce522ce7ed981:0x5cae85605dec7626!8m2!3d28.5508579!4d77.3002518!16s%2Fg%2F11fgl9nt6v!19sChIJgdl-ziLlDDkRJnbsXWCFrlw?authuser=0&hl=en&g_ep=EgoyMDI2MDkyNy4xIJJjKgBIAVAD&rclk=1,NGO in South Extension Delhi
SMART NGO,0.0,8,"SMART NGO | 4.5(8) | Non-governmental organization ·  · S -79, Second Floor | Closes soon · 6:30 pm · Opens 9 am Thu · 011 2601 4651",https://www.google.com/maps/place/SMART+NGO/data=!4m7!3m6!1s0x390ce26e8255bc2b:0x9ad695787af7055b!8m2!3d28.541506!4d77.216085!16s%2Fg%2F11d_77sx22!19sChIJK7xVgm7iDDkRWwX3eniV1po?authuser=0&hl=en&g_ep=EgoyMDI2MDkyNy4xIJJjKgBIAVAD&rclk=1,NGO in South Extension Delhi
SAMAJ SUDHAR TRUST | NGO | DELHI | INDIA,0.0,516,"SAMAJ SUDHAR TRUST | NGO | DELHI | INDIA | 5.0(516) | Non-profit organization · 31, Azeem Dairy, Colony | Open · Closes 11 pm · 098102 29786",https://www.google.com/maps/place/SAMAJ+SUDHAR+TRUST+%7C+NGO+%7C+DELHI+%7C+INDIA/data=!4m7!3m6!1s0x390ce38a4180db0d:0x1902afcb2a1187fb!8m2!3d28.564905!4d77.284891!16s%2Fg%2F11ggbvh3cw!19sChIJDduAQYrjDDkR-4cRKsuvAhk?authuser=0&hl=en&g_ep=EgoyMDI2MDkyNy4xIJJjKgBIAVAD&rclk=1,NGO in South Extension Delhi
A Way of Happiness Educational Society AWOHES (NGO),0.0,22,A Way of Happiness Educational Society AWOHES (NGO) | 4.6(22) | Non-governmental organization · A-945 Sangam Vihar | Closes soon · 6 pm · Opens 9 am Thu · 070534 71730,https://www.google.com/maps/place/A+Way+of+Happiness+Educational+Society+AWOHES+%28NGO%29/data=!4m7!3m6!1s0x390ce1a08a4556a7:0xf9530359b62b24e!8m2!3d28.508424!4d77.23912!16s%2Fg%2F11c32pbcjk!19sChIJp1ZFiqDhDDkRTrJimzUwlQ8?authuser=0&hl=en&g_ep=EgoyMDI2MDkyNy4xIJJjKgBIAVAD&rclk=1,NGO in South Extension Delhi
Saviour Foundation,0.0,219,"Saviour Foundation | 4.1(219) | Foundation · metro pillar no. 156, B-1268, G/F, Main Delhi Road, opp. Eastend apartment | Open · Closes 6 am Thu · 093194 88897",https://www.google.com/maps/place/Saviour+Foundation/data=!4m7!3m6!1s0x390ce1a2675e9a37:0x4e2ea38eee2ed74e!8m2!3d28.5892428!4d77.3038478!16s%2Fg%2F11h5lps_7r!19sChIJN5peZ6LhDDkRTtcu7o6jLk4?authuser=0&hl=en&g_ep=EgoyMDI2MDkyNy4xIJJjKgBIAVAD&rclk=1,NGO in South Extension Delhi
Blessings NGO,0.0,161,"Blessings NGO | 4.9(161) | Non-governmental organization · ground Flr, G-39, Haji Colony Main Rd | Closes soon · 6 pm · Opens 9 am Thu · 092679 60063",https://www.google.com/maps/place/Blessings+NGO/data=!4m7!3m6!1s0x390ce3f6896e1f9d:0x1688079fa858d66d!8m2!3d28.553235!4d77.2828644!16s%2Fg%2F11bw470cyl!19sChIJnR9uifbjDDkRbdZYqJ8HiBY?authuser=0&hl=en&g_ep=EgoyMDI2MDkyNy4xIJJjKgBIAVAD&rclk=1,NGO in South Extension Delhi
"TRY NGO "" Transforming Rural Youth """,0.0,1288,"TRY NGO "" Transforming Rural Youth "" | 4.9(1,288) | Non-profit organization · B 292, Ground Floor | Open · Closes 7 pm · 081711 17111",https://www.google.com/maps/place/TRY+NGO+%22+Transforming+Rural+Youth+%22/data=!4m7!3m6!1s0x390ce5c2e6a6319f:0x18246ae0581b81f!8m2!3d28.5893981!4d77.3053784!16s%2Fg%2F11pz8hyfwl!19sChIJnzGm5sLlDDkRH7iBBa5GggE?authuser=0&hl=en&g_ep=EgoyMDI2MDkyNy4xIJJjKgBIAVAD&rclk=1,NGO in South Extension Delhi
Swechha India,0.0,42,"Swechha India | 3.9(42) | Youth organization ·  · R-84, Khirki Extension, Malviya Nagar | Open · Closes 9 pm · 011 2954 4678",https://www.google.com/maps/place/Swechha+India/data=!4m7!3m6!1s0x390ce21f1826bfb1:0x8fe317994cb2f67a!8m2!3d28.532056!4d77.217833!16s%2Fg%2F11clgh72kr!19sChIJsb8mGB_iDDkRevayTJkX448?authuser=0&hl=en&g_ep=EgoyMDI2MDkyNy4xIJJjKgBIAVAD&rclk=1,NGO in South Extension Delhi
SCP FOUNDATION NGO,0.0,45,"SCP FOUNDATION NGO | 5.0(45) | Non-profit organization · H.No- 1010/121, Madanpur Khadar, Sarita Vihar | Open · Closes 9 pm · 095555 37474",https://www.google.com/maps/place/SCP+FOUNDATION+NGO/data=!4m7!3m6!1s0x390ce6af5d351cf7:0xcd8cd686ae192209!8m2!3d28.5320966!4d77.2972679!16s%2Fg%2F11cmnln5b3!19sChIJ9xw1Xa_mDDkRCSIZrobWjM0?authuser=0&hl=en&g_ep=EgoyMDI2MDkyNy4xIJJjKgBIAVAD&rclk=1,NGO in South Extension Delhi
Indian Social Responsibility Network,0.0,48,Indian Social Responsibility Network | 4.1(48) | Non-profit organization · A-85 | Closes soon · 6:30 pm · Opens 9:30 am Thu · 011 4104 5160,https://www.google.com/maps/place/Indian+Social+Responsibility+Network/data=!4m7!3m6!1s0x390ce4be6f62ad1d:0x6e1a82385e09d8e3!8m2!3d28.5604627!4d77.2538283!16s%2Fg%2F11clygvd6x!19sChIJHa1ib77kDDkR49gJXjiCGm4?authuser=0&hl=en&g_ep=EgoyMDI2MDkyNy4xIJJjKgBIAVAD&rclk=1,NGO in South Extension Delhi
Shubh Lagan Divyang Foundation,0.0,25,Shubh Lagan Divyang Foundation | 4.7(25) | Foundation ·  · P - 7A | Closes soon · 6:30 pm · Opens 10 am Thu · 084473 04000,https://www.google.com/maps/place/Shubh+Lagan+Divyang+Foundation/data=!4m7!3m6!1s0x390ce26ac0555555:0x55b713f307a71af4!8m2!3d28.5608488!4d77.2057785!16s%2Fg%2F11rxp6vy4s!19sChIJVVVVwGriDDkR9BqnB_MTt1U?authuser=0&hl=en&g_ep=EgoyMDI2MDkyNy4xIJJjKgBIAVAD&rclk=1,NGO in South Extension Delhi
Jiyo Jaago Foundation,0.0,3,"Jiyo Jaago Foundation | 5.0(3) | Corporate office · 143, | Closes soon · 6 pm · Opens 10 am Thu · 011 4164 0919",https://www.google.com/maps/place/Jiyo+Jaago+Foundation/data=!4m7!3m6!1s0x390ce2418c000001:0x32775d900131ae87!8m2!3d28.5601003!4d77.2193187!16s%2Fg%2F11g5_4lqzy!19sChIJAQAAjEHiDDkRh64xAZBddzI?authuser=0&hl=en&g_ep=EgoyMDI2MDkyNy4xIJJjKgBIAVAD&rclk=1,NGO in South Extension Delhi
"Asha Foundation (NGO), Best NGO in Delhi NCR,Top NGO in Delhi",0.0,318,"Asha Foundation (NGO), Best NGO in Delhi NCR,Top NGO in Delhi | 4.8(318) | Social welfare center · D248, DDA flats, Pkt-3 Bindapur, near sector 2 dwarka | Closes soon · 6 pm · Opens 10 am Thu","https://www.google.com/maps/place/Asha+Foundation+%28NGO%29,+Best+NGO+in+Delhi+NCR,Top+NGO+in+Delhi/data=!4m7!3m6!1s0x390d1bebddef3a4b:0xf7ea2f4af17a9076!8m2!3d28.6069492!4d77.0652459!16s%2Fg%2F11f6cd3glb!19sChIJSzrv3esbDTkRdpB68Uov6vc?authuser=0&hl=en&g_ep=EgoyMDI2MDkyNy4xIJJjKgBIAVAD&rclk=1",NGO in South Extension Delhi
Sankalp NGO,0.0,19,"Sankalp NGO | 4.4(19) | Non-governmental organization · Deshbandhu College, 17/1, opp. Main Gate | 098106 18916",https://www.google.com/maps/place/Sankalp+NGO/data=!4m7!3m6!1s0x390ce15dbfffffff:0xa519bfc0c1ddcda7!8m2!3d28.5346916!4d77.2601742!16s%2Fg%2F1tfz_g3z!19sChIJ____v13hDDkRp83dwcC_GaU?authuser=0&hl=en&g_ep=EgoyMDI2MDkyNy4xIJJjKgBIAVAD&rclk=1,NGO in South Extension Delhi
Sakshi Ngo,0.0,11,Sakshi Ngo | 4.9(11) | Corporate office · d 332 | Open now · 098112 33595,https://www.google.com/maps/place/Sakshi+Ngo/data=!4m7!3m6!1s0x390ce3ecee64d39f:0xf909c381cd65580e!8m2!3d28.571415!4d77.2348543!16s%2Fg%2F11gj77ty2x!19sChIJn9Nk7uzjDDkRDlhlzYHDCfk?authuser=0&hl=en&g_ep=EgoyMDI2MDkyNy4xIJJjKgBIAVAD&rclk=1,NGO in South Extension Delhi
CanKids KidsCan,0.0,33,"CanKids KidsCan | 4.3(33) | Non-profit organization ·  · No-5 1463, A Street | Open 24 hours · 011 2462 2484",https://www.google.com/maps/place/CanKids+KidsCan/data=!4m7!3m6!1s0x390ce25bb0730da9:0xd57b6c1dbcc48499!8m2!3d28.570438!4d77.2260439!16s%2Fg%2F11hbgbp4p8!19sChIJqQ1zsFviDDkRmYTEvB1se9U?authuser=0&hl=en&g_ep=EgoyMDI2MDkyNy4xIJJjKgBIAVAD&rclk=1,NGO in South Extension Delhi
UDAAN - NGO for education development,0.0,25,"UDAAN - NGO for education development | 5.0(25) | Volunteer organization · B-7, 5109 | Closes soon · 6 pm · Opens 11 am Thu · 098116 40575",https://www.google.com/maps/place/UDAAN+-+NGO+for+education+development/data=!4m7!3m6!1s0x390d1d5dbf96da8b:0x51cd67c85ea4d24e!8m2!3d28.5263842!4d77.1573931!16s%2Fg%2F11tjzp7njr!19sChIJi9qWv10dDTkRTtKkXshnzVE?authuser=0&hl=en&g_ep=EgoyMDI2MDkyNy4xIJJjKgBIAVAD&rclk=1,NGO in South Extension Delhi
Prabhaav Foundation,0.0,5,Prabhaav Foundation | 5.0(5) | Social services organization · A-9 | Closes soon · 6 pm · Opens 9 am Thu · 011 4103 6265,https://www.google.com/maps/place/Prabhaav+Foundation/data=!4m7!3m6!1s0x390ce38bbb174069:0xe1cdb5862176741c!8m2!3d28.5553438!4d77.2056733!16s%2Fg%2F11fnh6br17!19sChIJaUAXu4vjDDkRHHR2IYa1zeE?authuser=0&hl=en&g_ep=EgoyMDI2MDkyNy4xIJJjKgBIAVAD&rclk=1,NGO in South Extension Delhi
LITTERAE Foundation,0.0,22,"LITTERAE Foundation | 4.7(22) | Education center · Building Basement, Universal Empire, H15 | ",https://www.google.com/maps/place/LITTERAE+Foundation/data=!4m7!3m6!1s0x390ce37947a9f5d9:0x24f5cc704ba17642!8m2!3d28.5695606!4d77.2217109!16s%2Fg%2F11rc9pdf22!19sChIJ2fWpR3njDDkRQnahS3DM9SQ?authuser=0&hl=en&g_ep=EgoyMDI2MDkyNy4xIJJjKgBIAVAD&rclk=1,NGO in South Extension Delhi
EHSAS ’81 Foundation,0.0,1,"EHSAS ’81 Foundation | 5.0(1) | Non-profit organization · Top Floor, A 12, Main, Ring Rd | ",https://www.google.com/maps/place/EHSAS+%E2%80%9981+Foundation/data=!4m7!3m6!1s0x390ce2726553aa39:0x7447cdc4692a6d6f!8m2!3d28.5689822!4d77.2216555!16s%2Fg%2F11gd38hl21!19sChIJOapTZXLiDDkRb20qacTNR3Q?authuser=0&hl=en&g_ep=EgoyMDI2MDkyNy4xIJJjKgBIAVAD&rclk=1,NGO in South Extension Delhi
Helping Hands Ngo,0.0,4,"Helping Hands Ngo | 4.8(4) | Non-profit organization · 93, Extn, GF, B-7 | Closed · Opens 9 am Thu · 089589 68000",https://www.google.com/maps/place/Helping+Hands+Ngo/data=!4m7!3m6!1s0x6c3d05f6a362e893:0x7309571629c70476!8m2!3d28.5591648!4d77.1993225!16s%2Fg%2F11w4g8sr_t!19sChIJk-hio_YFPWwRdgTHKRZXCXM?authuser=0&hl=en&g_ep=EgoyMDI2MDkyNy4xIJJjKgBIAVAD&rclk=1,NGO in South Extension Delhi
NIKSHAY FOUNDATION,0.0,184,"NIKSHAY FOUNDATION | 4.9(184) | Non-profit organization ·  · Ground Floor, Q,10 | Closed · Opens 10 am Thu · 093549 11926",https://www.google.com/maps/place/NIKSHAY+FOUNDATION/data=!4m7!3m6!1s0x390ce387ce87041d:0xff27ba14d323ca0!8m2!3d28.5620943!4d77.2596893!16s%2Fg%2F11nyqkwr0r!19sChIJHQSHzofjDDkRoDwyTaF78g8?authuser=0&hl=en&g_ep=EgoyMDI2MDkyNy4xIJJjKgBIAVAD&rclk=1,NGO in South Extension Delhi
Plan International (India Chapter),0.0,163,"Plan International (India Chapter) | 4.4(163) | Non-governmental organization · Zuari House, 1 | Closed · Opens 9:30 am Thu · 011 4655 8484",https://www.google.com/maps/place/Plan+International+%28India+Chapter%29/data=!4m7!3m6!1s0x390ce234d9278d8f:0x91d1434a747bbf94!8m2!3d28.5555925!4d77.2388348!16s%2Fg%2F1tx8rk_f!19sChIJj40n2TTiDDkRlL97dEpD0ZE?authuser=0&hl=en&g_ep=EgoyMDI2MDkyNy4xIJJjKgBIAVAD&rclk=1,NGO in South Extension Delhi
CareForLife Ngo,0.0,12,"CareForLife Ngo | 5.0(12) | Non-governmental organization · Infront of fortis escort, 90 | Closes soon · 6 pm · Opens 11 am Thu · 099580 48015",https://www.google.com/maps/place/CareForLife+Ngo/data=!4m7!3m6!1s0x390ce359441fd5b5:0x7f81d5b17b59b1ca!8m2!3d28.5600452!4d77.2728474!16s%2Fg%2F11nnr376d0!19sChIJtdUfRFnjDDkRyrFZe7HVgX8?authuser=0&hl=en&g_ep=EgoyMDI2MDkyNy4xIJJjKgBIAVAD&rclk=1,NGO in South Extension Delhi
National Rehab center,0.0,82,"National Rehab center | 4.4(82) | Non-governmental organization · 1st Floor, TA – 204, Guru Ravidas Marg | Closes soon · 6 pm · Opens 10 am Thu · 1800 103 4683",https://www.google.com/maps/place/National+Rehab+center/data=!4m7!3m6!1s0x390ce16eddc9eef7:0xb3f2e5c6aac36a4a!8m2!3d28.5278475!4d77.25757!16s%2Fg%2F11b6g9w9cc!19sChIJ9-7J3W7hDDkRSmrDqsbl8rM?authuser=0&hl=en&g_ep=EgoyMDI2MDkyNy4xIJJjKgBIAVAD&rclk=1,NGO in South Extension Delhi
Prajna Foundation,0.0,45,Prajna Foundation | 4.9(45) | Non-profit organization · Basti Vikas Kendra | Open · Closes 7 pm · 098109 94999,https://www.google.com/maps/place/Prajna+Foundation/data=!4m7!3m6!1s0x390ce3dba34e8917:0x5233420f6c781bfb!8m2!3d28.5435172!4d77.2561792!16s%2Fg%2F11fyz9gkdy!19sChIJF4lOo9vjDDkR-xt4bA9CM1I?authuser=0&hl=en&g_ep=EgoyMDI2MDkyNy4xIJJjKgBIAVAD&rclk=1,NGO in South Extension Delhi
Action for Ability Development and Inclusion (AADI),0.0,160,"Action for Ability Development and Inclusion (AADI) | 4.7(160) | Non-profit organization ·  · AADI, 2, NATIONAL INSTITUTE OF FASHION TECHNOLOGY, 2, Balbir Saxena Marg, next to Gen.Raj’sSchool | Closed · Opens 9 am Thu · 011 2656 9107",https://www.google.com/maps/place/Action+for+Ability+Development+and+Inclusion+%28AADI%29/data=!4m7!3m6!1s0x390d1d8baaaaaaab:0x2ee071255d7b66e6!8m2!3d28.5564811!4d77.2092501!16s%2Fg%2F1tgn338c!19sChIJq6qqqosdDTkR5mZ7XSVx4C4?authuser=0&hl=en&g_ep=EgoyMDI2MDkyNy4xIJJjKgBIAVAD&rclk=1,NGO in South Extension Delhi
Nai Disha,0.0,54,Nai Disha | 4.6(54) | Non-governmental organization ·  | Open · Closes 7 pm · 088009 95953,https://www.google.com/maps/place/Nai+Disha/data=!4m7!3m6!1s0x390d1e722eb88b3d:0xb86887ab22f79094!8m2!3d28.5176561!4d77.1661881!16s%2Fg%2F11cp7f8fc0!19sChIJPYu4LnIeDTkRlJD3IquHaLg?authuser=0&hl=en&g_ep=EgoyMDI2MDkyNy4xIJJjKgBIAVAD&rclk=1,NGO in South Extension Delhi
PAHAL (NGO),0.0,1,"PAHAL (NGO) | 5.0(1) | Social services organization · S-2. FIRST FLOOR, AMAN MALIK APPARTMENT, near Sai Baba Temple | 098100 00188",https://www.google.com/maps/place/PAHAL+%28NGO%29/data=!4m7!3m6!1s0x390ce17c58d70249:0x5b2355a89a5a67d4!8m2!3d28.5308163!4d77.2168036!16s%2Fg%2F11y36trsr3!19sChIJSQLXWHzhDDkR1GdamqhVI1s?authuser=0&hl=en&g_ep=EgoyMDI2MDkyNy4xIJJjKgBIAVAD&rclk=1,NGO in South Extension Delhi
"Indian Cancer Society, Delhi Branch",0.0,22,"Indian Cancer Society, Delhi Branch | 4.1(22) | Non-profit organization ·  · Basement B, 63, 64 | Closed · Opens 9:30 am Thu · 011 4942 4723","https://www.google.com/maps/place/Indian+Cancer+Society,+Delhi+Branch/data=!4m7!3m6!1s0x390ce242b8ffffff:0x35e7c547a9042ce4!8m2!3d28.5656576!4d77.2174697!16s%2Fg%2F1tflktkb!19sChIJ____uELiDDkR5CwEqUfF5zU?authuser=0&hl=en&g_ep=EgoyMDI2MDkyNy4xIJJjKgBIAVAD&rclk=1",NGO in South Extension Delhi
HOPE worldwide (NGO),0.0,9,"HOPE worldwide (NGO) | 4.9(9) | Non-governmental organization · A, 515, opposite BATRA HOSPITAL & MEDICAL RESEARCH CENTRE, near Police station | Closes soon · 6 pm · Opens 9 am Thu · 098182 43311",https://www.google.com/maps/place/HOPE+worldwide+%28NGO%29/data=!4m7!3m6!1s0x390ce15e78fa8159:0x17556f427d85c7bf!8m2!3d28.5086059!4d77.2419806!16s%2Fg%2F11fk8dq0y4!19sChIJWYH6eF7hDDkRv8eFfUJvVRc?authuser=0&hl=en&g_ep=EgoyMDI2MDkyNy4xIJJjKgBIAVAD&rclk=1,NGO in South Extension Delhi
Alhikmah Foundation,0.0,36,"Alhikmah Foundation | 4.5(36) | Non-profit organization · House No. 34, Street No. 36 | Open · Closes 10 pm",https://www.google.com/maps/place/Alhikmah+Foundation/data=!4m7!3m6!1s0x390ce3ded90637e9:0xe38f45821c0328b3!8m2!3d28.5680685!4d77.2781172!16s%2Fg%2F11b7xnll6q!19sChIJ6TcG2d7jDDkRsygDHIJFj-M?authuser=0&hl=en&g_ep=EgoyMDI2MDkyNy4xIJJjKgBIAVAD&rclk=1,NGO in South Extension Delhi
PHASE NGO- People for Human Rights and Sustainable Environment,0.0,5,"PHASE NGO- People for Human Rights and Sustainable Environment | 5.0(5) | Non-profit organization · PHASE NGO, Aman Apartment, J-4/70, Aman Chowk, Khirkee Extention, Malviya Nagar, Behind Sai Baba Mandir lane, Opp. Select City Walk Mall | Closed · Opens 10 am Thu",https://www.google.com/maps/place/PHASE+NGO-+People+for+Human+Rights+and+Sustainable+Environment/data=!4m7!3m6!1s0x390ce21ffdbfecc5:0x609e6f4169fdb9ca!8m2!3d28.5316538!4d77.2170694!16s%2Fg%2F11f3r99phc!19sChIJxey__R_iDDkRyrn9aUFvnmA?authuser=0&hl=en&g_ep=EgoyMDI2MDkyNy4xIJJjKgBIAVAD&rclk=1,NGO in South Extension Delhi
Helping Hut (NGO),0.0,217,"Helping Hut (NGO) | 4.9(217) | Non-governmental organization ·  · D- block, Plot no :-147 and 147 A, Gali No. 5 | Closes soon · 6 pm · Opens 9 am Thu · 094821 18208",https://www.google.com/maps/place/Helping+Hut+%28NGO%29/data=!4m7!3m6!1s0x390d05d26dfc91df:0x76fd2e6915cbfaff!8m2!3d28.6077915!4d77.0302948!16s%2Fg%2F11qn5p4wbs!19sChIJ35H8bdIFDTkR__rLFWku_XY?authuser=0&hl=en&g_ep=EgoyMDI2MDkyNy4xIJJjKgBIAVAD&rclk=1,NGO in South Extension Delhi
KHIDMAT CHILD FOUNDATION,0.0,13,"KHIDMAT CHILD FOUNDATION | 4.9(13) | Non-governmental organization · F, Azim Clinic, 14/2, Nafees Rd | Open 24 hours · 099115 00921",https://www.google.com/maps/place/KHIDMAT+CHILD+FOUNDATION/data=!4m7!3m6!1s0x390ce47629822745:0x3a998c7a7e8d3c07!8m2!3d28.567135!4d77.2853473!16s%2Fg%2F11k48s9fgy!19sChIJRSeCKXbkDDkRBzyNfnqMmTo?authuser=0&hl=en&g_ep=EgoyMDI2MDkyNy4xIJJjKgBIAVAD&rclk=1,NGO in South Extension Delhi
Global Family NGO,0.0,3,"Global Family NGO | 4.3(3) | Association / Organization · E6, 81, Ratiya Marg | Closed · Opens 8 am Thu · 096508 55088",https://www.google.com/maps/place/Global+Family+NGO/data=!4m7!3m6!1s0x390ce10e8814f0f1:0x9102370f538cb994!8m2!3d28.5048818!4d77.2490669!16s%2Fg%2F11pv2bgg1z!19sChIJ8fAUiA7hDDkRlLmMUw83ApE?authuser=0&hl=en&g_ep=EgoyMDI2MDkyNy4xIJJjKgBIAVAD&rclk=1,NGO in South Extension Delhi
SHODH,0.0,35,"SHODH | 4.5(35) | Non-governmental organization · 228, GF | Closed · Opens 9:30 am Thu · 011 4301 7168",https://www.google.com/maps/place/SHODH/data=!4m7!3m6!1s0x390cfcaa3a3e6e99:0x454721723bf979c7!8m2!3d28.5573601!4d77.2491629!16s%2Fg%2F11bw61mdx0!19sChIJmW4-Oqr8DDkRx3n5O3IhR0U?authuser=0&hl=en&g_ep=EgoyMDI2MDkyNy4xIJJjKgBIAVAD&rclk=1,NGO in South Extension Delhi
Sarva Hitam Manav Seva Sansthan,0.0,66,"Sarva Hitam Manav Seva Sansthan | 4.8(66) | Non-governmental organization · 14, Second Floor, Market, Jangpura Rd, near Eros Mall | Closed · Opens 9 am Thu · 098110 11397",https://www.google.com/maps/place/Sarva+Hitam+Manav+Seva+Sansthan/data=!4m7!3m6!1s0x390ce33f5d614d59:0xb763df9e80f7cc19!8m2!3d28.5803085!4d77.2415128!16s%2Fg%2F11l6g99gm5!19sChIJWU1hXT_jDDkRGcz3gJ7fY7c?authuser=0&hl=en&g_ep=EgoyMDI2MDkyNy4xIJJjKgBIAVAD&rclk=1,NGO in South Extension Delhi
The Community Library Project - South Extension,0.0,98,"The Community Library Project - South Extension | 4.3(98) | Library · C-13, Dharam Bhawan, near, Gurudwara Rd | Open · Closes 8 pm",https://www.google.com/maps/place/The+Community+Library+Project+-+South+Extension/data=!4m7!3m6!1s0x390ce39e73dc8867:0x5d734849f83574d1!8m2!3d28.5700834!4d77.2228903!16s%2Fg%2F11m41xhk2k!19sChIJZ4jcc57jDDkR0XQ1-ElIc10?authuser=0&hl=en&g_ep=EgoyMDI2MDkyNy4xIJJjKgBIAVAD&rclk=1,NGO in South Extension Delhi
Freedom Life Center Delhi,0.0,68,Freedom Life Center Delhi | 4.8(68) | Church · L - 16 | Open 24 hours · 099713 55088,https://www.google.com/maps/place/Freedom+Life+Center+Delhi/data=!4m7!3m6!1s0x390ce25b55f33715:0x63795f300c4948b6!8m2!3d28.5668947!4d77.2233263!16s%2Fg%2F11b7q689xm!19sChIJFTfzVVviDDkRtkhJDDBfeWM?authuser=0&hl=en&g_ep=EgoyMDI2MDkyNy4xIJJjKgBIAVAD&rclk=1,NGO in South Extension Delhi
Naz Foundation,0.0,173,Naz Foundation | 4.2(173) | Non-governmental organization · A-86 | 011 4079 3157,https://www.google.com/maps/place/Naz+Foundation/data=!4m7!3m6!1s0x390ce3b8492f394d:0xb65ee3e53b8e5254!8m2!3d28.5603738!4d77.253745!16s%2Fg%2F1tmqprcn!19sChIJTTkvSbjjDDkRVFKOO-XjXrY?authuser=0&hl=en&g_ep=EgoyMDI2MDkyNy4xIJJjKgBIAVAD&rclk=1,NGO in South Extension Delhi
Sewa Suraksha Foundation - Divine Meditation,0.0,3,Sewa Suraksha Foundation - Divine Meditation | 5.0(3) | Non-profit organization · B 4 | Closes soon · 6 pm · Opens 10 am Thu · 070117 84499,https://www.google.com/maps/place/Sewa+Suraksha+Foundation+-+Divine+Meditation/data=!4m7!3m6!1s0x390ce3311ff4fd95:0x45dd5d412bd7b446!8m2!3d28.5595048!4d77.1999181!16s%2Fg%2F11h0b6gh7l!19sChIJlf30HzHjDDkRRrTXK0Fd3UU?authuser=0&hl=en&g_ep=EgoyMDI2MDkyNy4xIJJjKgBIAVAD&rclk=1,NGO in South Extension Delhi
Language and Learning Foundation (LLF),0.0,25,"Language and Learning Foundation (LLF) | 4.7(25) | Non-governmental organization ·  · 1st Floor, B Block, Plot No 8, Guru Ravidas Marg | Open · Closes 7 pm · 011 2646 7184",https://www.google.com/maps/place/Language+and+Learning+Foundation+%28LLF%29/data=!4m7!3m6!1s0x390ce1f01f9b6911:0x8af8baac45e256d2!8m2!3d28.5412823!4d77.2614027!16s%2Fg%2F11ddzh_5w8!19sChIJEWmbH_DhDDkR0lbiRay6-Io?authuser=0&hl=en&g_ep=EgoyMDI2MDkyNy4xIJJjKgBIAVAD&rclk=1,NGO in South Extension Delhi
Shanti Sahyog NGO,0.0,14,"Shanti Sahyog NGO | 3.6(14) | Community health center · 14, Guru Ravidas Marg | 011 2603 0185",https://www.google.com/maps/place/Shanti+Sahyog+NGO/data=!4m7!3m6!1s0x390ce163ef918f11:0x68b17e7fc4649ce8!8m2!3d28.5304249!4d77.257011!16s%2Fg%2F11dzt4v64y!19sChIJEY-R72PhDDkR6JxkxH9-sWg?authuser=0&hl=en&g_ep=EgoyMDI2MDkyNy4xIJJjKgBIAVAD&rclk=1,NGO in South Extension Delhi
SHARP NGO,0.0,0,"SHARP NGO | No reviews | Non-profit organization · 21, B6 Colony Rd | Open · Closes 5 am Thu · 011 4602 3588",https://www.google.com/maps/place/SHARP+NGO/data=!4m7!3m6!1s0x390ce3002a097f1d:0xf64b846cad721f5b!8m2!3d28.5611674!4d77.19603!16s%2Fg%2F11y63ygw2c!19sChIJHX8JKgDjDDkRWx9yrWyES_Y?authuser=0&hl=en&g_ep=EgoyMDI2MDkyNy4xIJJjKgBIAVAD&rclk=1,NGO in South Extension Delhi
Divine Group Foundation,0.0,0,Divine Group Foundation | No reviews | Non-profit organization · Plaza I | 011 4513 7922,https://www.google.com/maps/place/Divine+Group+Foundation/data=!4m7!3m6!1s0x390ce3553a0fd793:0xdb9fbd2050ee418!8m2!3d28.5639569!4d77.2198128!16s%2Fg%2F11rj5h4sy2!19sChIJk9cPOlXjDDkRGOQOBdL7uQ0?authuser=0&hl=en&g_ep=EgoyMDI2MDkyNy4xIJJjKgBIAVAD&rclk=1,NGO in South Extension Delhi
ActionAid Association,0.0,64,"ActionAid Association | 4.3(64) | Non-governmental organization · First Floor, F-5 | Closed · Opens 9:30 am Thu · 011 4064 0500",https://www.google.com/maps/place/ActionAid+Association/data=!4m7!3m6!1s0x390ce2120a00705b:0xb6e11d7cb4d06ec7!8m2!3d28.5528241!4d77.240408!16s%2Fg%2F11b7qqzggj!19sChIJW3AAChLiDDkRx27QtHwd4bY?authuser=0&hl=en&g_ep=EgoyMDI2MDkyNy4xIJJjKgBIAVAD&rclk=1,NGO in South Extension Delhi
Divya Darshan kisan Foundation - NGO,0.0,9,"Divya Darshan kisan Foundation - NGO | 4.7(9) | Non-governmental organization · H.no-817, Gali Number 5 | Open · Closes 8 pm · 087000 36763",https://www.google.com/maps/place/Divya+Darshan+kisan+Foundation+-+NGO/data=!4m7!3m6!1s0x390ce70061203e13:0x876ae5a30658b742!8m2!3d28.4932864!4d77.324955!16s%2Fg%2F11x_qs2sb_!19sChIJEz4gYQDnDDkRQrdYBqPlaoc?authuser=0&hl=en&g_ep=EgoyMDI2MDkyNy4xIJJjKgBIAVAD&rclk=1,NGO in South Extension Delhi
Katha Khazana N.G.O,0.0,38,"Katha Khazana N.G.O | 4.5(38) | Literacy program ·  · 1352, Kalkaji Main Rd | Closed · Opens 9 am Thu · 088007 97647",https://www.google.com/maps/place/Katha+Khazana+N.G.O/data=!4m7!3m6!1s0x390ce166c5a9c9dd:0x92fae0afe438c40a!8m2!3d28.5293318!4d77.259586!16s%2Fg%2F1yfh_kr1k!19sChIJ3cmpxWbhDDkRCsQ45K_g-pI?authuser=0&hl=en&g_ep=EgoyMDI2MDkyNy4xIJJjKgBIAVAD&rclk=1,NGO in South Extension Delhi
Punarjagran Samiti,0.0,4,"Punarjagran Samiti | 5.0(4) | Non-profit organization · Top FLOOR, Rishi Nagar, H.No -1595, near CHOPAL | Closes soon · 6 pm · Opens 10 am Thu · 085954 45204",https://www.google.com/maps/place/Punarjagran+Samiti/data=!4m7!3m6!1s0x390ce3ac864e4bb9:0x3aa4f1d759707a1c!8m2!3d28.5721985!4d77.2238861!16s%2Fg%2F11x5t3k_09!19sChIJuUtOhqzjDDkRHHpwWdfxpDo?authuser=0&hl=en&g_ep=EgoyMDI2MDkyNy4xIJJjKgBIAVAD&rclk=1,NGO in South Extension Delhi
Youthreach,0.0,7,"Youthreach | 5.0(7) | Non-governmental organization · Anupam, PVR Anupam Saket, 11, Community Center | Closes soon · 6 pm · Opens 9 am Thu · 011 4164 9067",https://www.google.com/maps/place/Youthreach/data=!4m7!3m6!1s0x390ce1edf3abfc19:0xde176d256831f0d1!8m2!3d28.523777!4d77.2077228!16s%2Fg%2F1thgfdd5!19sChIJGfyr8-3hDDkR0fAxaCVtF94?authuser=0&hl=en&g_ep=EgoyMDI2MDkyNy4xIJJjKgBIAVAD&rclk=1,NGO in South Extension Delhi
Aider N.G.O.,0.0,28,"Aider N.G.O. | 4.5(28) | Non-profit organization · House No, K G complex, 54H, street no-1 | Closed · Opens 9:30 am Thu · 088267 49491",https://www.google.com/maps/place/Aider+N.G.O./data=!4m7!3m6!1s0x390ce7cfbf940313:0xe275969d9e0d1a1e!8m2!3d28.4890092!4d77.3099804!16s%2Fg%2F11fm4jhwvv!19sChIJEwOUv8_nDDkRHhoNnp2WdeI?authuser=0&hl=en&g_ep=EgoyMDI2MDkyNy4xIJJjKgBIAVAD&rclk=1,NGO in South Extension Delhi
INDIA REHAB CENTRE,0.0,50,INDIA REHAB CENTRE | 1.3(50) | Hospital · H689+JP6 | Open 24 hours · 080108 61648,https://www.google.com/maps/place/INDIA+REHAB+CENTRE/data=!4m7!3m6!1s0x390ce25d34000001:0x5a5f3342d2176cee!8m2!3d28.5665346!4d77.2192681!16s%2Fg%2F11f53mrkx5!19sChIJAQAANF3iDDkR7mwX0kIzX1o?authuser=0&hl=en&g_ep=EgoyMDI2MDkyNy4xIJJjKgBIAVAD&rclk=1,NGO in South Extension Delhi
Manzil Mystics,0.0,97,"Manzil Mystics | 4.8(97) | Non-profit organization ·  · 2028/10, near Muscle Rehab Gym | Closes soon · 6 pm · Opens 10 am Thu · 011 4100 6403",https://www.google.com/maps/place/Manzil+Mystics/data=!4m7!3m6!1s0x390ce317014dffad:0x75c7e13210d2851a!8m2!3d28.5755114!4d77.2187644!16s%2Fg%2F11f123yd2g!19sChIJrf9NARfjDDkRGoXSEDLhx3U?authuser=0&hl=en&g_ep=EgoyMDI2MDkyNy4xIJJjKgBIAVAD&rclk=1,NGO in South Extension Delhi
Manjil NGO - Head Office | NGO in Delhi,0.0,8,"Manjil NGO - Head Office | NGO in Delhi | 5.0(8) | Non-governmental organization · 47/1-A, near IIT Delhi | Closed · Opens 9 am Thu · 085889 72416",https://www.google.com/maps/place/Manjil+NGO+-+Head+Office+%7C+NGO+in+Delhi/data=!4m7!3m6!1s0x390d1df7daaaaaab:0x21317039ef158941!8m2!3d28.546468!4d77.1889296!16s%2Fg%2F11fnqm9fcz!19sChIJq6qq2vcdDTkRQYkV7zlwMSE?authuser=0&hl=en&g_ep=EgoyMDI2MDkyNy4xIJJjKgBIAVAD&rclk=1,NGO in South Extension Delhi
Bethesda Prayer Fellowship (Ngo),0.0,5,"Bethesda Prayer Fellowship (Ngo) | 5.0(5) | Place of worship · G6M8+4Q8 Bethesda Prayer Fellowship, Malviya Nagar Rd | Closes soon · 6 pm · Opens 3 pm Thu · 075330 94454",https://www.google.com/maps/place/Bethesda+Prayer+Fellowship+%28Ngo%29/data=!4m7!3m6!1s0x390ce30233bb217f:0xd5576739dfddb6e7!8m2!3d28.5327862!4d77.2169529!16s%2Fg%2F11s351h3t_!19sChIJfyG7MwLjDDkR57bd3zlnV9U?authuser=0&hl=en&g_ep=EgoyMDI2MDkyNy4xIJJjKgBIAVAD&rclk=1,NGO in South Extension Delhi
NGO Consultancy,0.0,8,"NGO Consultancy | 5.0(8) | Non-governmental organization · Shri, R-34 | Open · Closes 11 pm · 077009 95544",https://www.google.com/maps/place/NGO+Consultancy/data=!4m7!3m6!1s0x390ce3be8c1eb79d:0x5ad30ff3d5732579!8m2!3d28.5632722!4d77.2602089!16s%2Fg%2F11bzv_6ylq!19sChIJnbcejL7jDDkReSVz1fMP01o?authuser=0&hl=en&g_ep=EgoyMDI2MDkyNy4xIJJjKgBIAVAD&rclk=1,NGO in South Extension Delhi
NGO EXPERT,0.0,6,NGO EXPERT | 4.8(6) | Legal services · D95 | Closes soon · 6 pm · Opens 10 am Thu · 085398 48994,https://www.google.com/maps/place/NGO+EXPERT/data=!4m7!3m6!1s0x390d1d09c687b8af:0x42771143fd049f9f!8m2!3d28.6148051!4d77.2776704!16s%2Fg%2F11hdrwsh84!19sChIJr7iHxgkdDTkRn58E_UMRd0I?authuser=0&hl=en&g_ep=EgoyMDI2MDkyNy4xIJJjKgBIAVAD&rclk=1,NGO in South Extension Delhi
SwaTaleem Foundation,0.0,5,SwaTaleem Foundation | 4.2(5) | Non-profit organization · F/F | Closed · Opens 9:30 am Thu · 082229 40527,https://www.google.com/maps/place/SwaTaleem+Foundation/data=!4m7!3m6!1s0x390ce158a2414255:0xe2236debc1d7dc63!8m2!3d28.5464016!4d77.2127587!16s%2Fg%2F11j2nry110!19sChIJVUJBoljhDDkRY9zXwettI-I?authuser=0&hl=en&g_ep=EgoyMDI2MDkyNy4xIJJjKgBIAVAD&rclk=1,NGO in South Extension Delhi
BSSM India- Best Ngo in Delhi,0.0,0,"BSSM India- Best Ngo in Delhi | No reviews | Corporate office · Near, 30 Mohammadpur Ground Flower | Open · Closes 7:30 pm · 098683 47267",https://www.google.com/maps/place/BSSM+India-+Best+Ngo+in+Delhi/data=!4m7!3m6!1s0x390d1d841a0f4d5b:0x16ad35b97d51a9cc!8m2!3d28.5679196!4d77.1881392!16s%2Fg%2F11hdvr1sr1!19sChIJW00PGoQdDTkRzKlRfbk1rRY?authuser=0&hl=en&g_ep=EgoyMDI2MDkyNy4xIJJjKgBIAVAD&rclk=1,NGO in South Extension Delhi
Change Alliance (CAPL),0.0,12,"Change Alliance (CAPL) | 4.5(12) | Association / Organization · SJ House, D 25/D | Closed · Opens 9:30 am Thu · 011 2625 0015",https://www.google.com/maps/place/Change+Alliance+%28CAPL%29/data=!4m7!3m6!1s0x390ce267ea9cf1db:0xf317acabcb5c4643!8m2!3d28.5663135!4d77.2161971!16s%2Fg%2F11c5s5v0h9!19sChIJ2_Gc6mfiDDkRQ0Zcy6usF_M?authuser=0&hl=en&g_ep=EgoyMDI2MDkyNy4xIJJjKgBIAVAD&rclk=1,NGO in South Extension Delhi
Salute Tiranga,0.0,25,"Salute Tiranga | 4.9(25) | Non-governmental organization · M3, UF, Kanchanjunga Building | Open · Closes 7 pm · 099992 90633",https://www.google.com/maps/place/Salute+Tiranga/data=!4m7!3m6!1s0x390d1dddb5266787:0xdff43871bb68e7fd!8m2!3d28.6301044!4d77.2255613!16s%2Fg%2F11g0_rhdmf!19sChIJh2cmtd0dDTkR_edou3E49N8?authuser=0&hl=en&g_ep=EgoyMDI2MDkyNy4xIJJjKgBIAVAD&rclk=1,NGO in South Extension Delhi
Noble Nonprofit NGO In Delhi,0.0,27,"Noble Nonprofit NGO In Delhi | 5.0(27) | Non-governmental organization · First Floor, F-12 | Temporarily closed · 082871 76006",https://www.google.com/maps/place/Noble+Nonprofit+NGO+In+Delhi/data=!4m7!3m6!1s0x390ce3bc96854229:0xae0002b2a5ec2522!8m2!3d28.5713178!4d77.2449647!16s%2Fg%2F11rd87z81n!19sChIJKUKFlrzjDDkRIiXspbICAK4?authuser=0&hl=en&g_ep=EgoyMDI2MDkyNy4xIJJjKgBIAVAD&rclk=1,NGO in South Extension Delhi
Shining Souls (Trust) | Best NGO in India,0.0,2,"Shining Souls (Trust) | Best NGO in India | 5.0(2) | Non-profit organization · L – 23, G/F, Veer Shining Souls Trust.Savarkar Marg, Central Main Market Road Second787 787, 3333 | Temporarily closed · 075620 20200",https://www.google.com/maps/place/Shining+Souls+%28Trust%29+%7C+Best+NGO+in+India/data=!4m7!3m6!1s0x390ce3ad71e8f301:0xd69cc58613a83270!8m2!3d28.5694222!4d77.2427218!16s%2Fg%2F11h_6xsppx!19sChIJAfPoca3jDDkRcDKoE4bFnNY?authuser=0&hl=en&g_ep=EgoyMDI2MDkyNy4xIJJjKgBIAVAD&rclk=1,NGO in South Extension Delhi
Udankaar NGO,0.0,1,Udankaar NGO | 5.0(1) | Social worker · H 62 | Temporarily closed,https://www.google.com/maps/place/Udankaar+NGO/data=!4m7!3m6!1s0x390ce32419f840b1:0xde501463fc785652!8m2!3d28.5745942!4d77.2243934!16s%2Fg%2F11mtfj5jwk!19sChIJsUD4GSTjDDkRUlZ4_GMUUN4?authuser=0&hl=en&g_ep=EgoyMDI2MDkyNy4xIJJjKgBIAVAD&rclk=1,NGO in South Extension Delhi
Possit Skill Organisation HO,0.0,9,"Possit Skill Organisation HO | 4.6(9) | Non-profit organization · 2nd Floor, E-4 | Temporarily closed · 011 4140 3112",https://www.google.com/maps/place/Possit+Skill+Organisation+HO/data=!4m7!3m6!1s0x390ce25c94ff880d:0x45f32bc214931e80!8m2!3d28.571004!4d77.220001!16s%2Fg%2F11bw2fm20m!19sChIJDYj_lFziDDkRgB6TFMIr80U?authuser=0&hl=en&g_ep=EgoyMDI2MDkyNy4xIJJjKgBIAVAD&rclk=1,NGO in South Extension Delhi
Notears Foundation,0.0,3,"Notears Foundation | 3.7(3) | Foundation · 1st Floor, D-38 | Temporarily closed · 079851 15875",https://www.google.com/maps/place/Notears+Foundation/data=!4m7!3m6!1s0x390ce25ebe73cb59:0x9417a5497396f760!8m2!3d28.5437!4d77.2001404!16s%2Fg%2F11rl6h0895!19sChIJWctzvl7iDDkRYPeWc0mlF5Q?authuser=0&hl=en&g_ep=EgoyMDI2MDkyNy4xIJJjKgBIAVAD&rclk=1,NGO in South Extension Delhi
Maximising Employment to Serve the Handicapped,0.0,43,"Maximising Employment to Serve the Handicapped | 4.7(43) | Home goods store · 5, Local Shopping Centre | Temporarily closed · 011 4166 1499",https://www.google.com/maps/place/Maximising+Employment+to+Serve+the+Handicapped/data=!4m7!3m6!1s0x390ce242031471a5:0x60725afdc0039b15!8m2!3d28.5605611!4d77.2182991!16s%2Fg%2F11bxjc92sh!19sChIJpXEUA0LiDDkRFZsDwP1acmA?authuser=0&hl=en&g_ep=EgoyMDI2MDkyNy4xIJJjKgBIAVAD&rclk=1,NGO in South Extension Delhi
Smartech Foundation,0.0,10,"Smartech Foundation | 4.4(10) | Charity · J5, Paryavaran Complex, IGNOU Rd, opposite St. Mary's School | Open · Closes 8 pm",https://www.google.com/maps/place/Smartech+Foundation/data=!4m7!3m6!1s0x390ce1a3f9aeda83:0x38111edd1d9f5b49!8m2!3d28.5133382!4d77.2026102!16s%2Fg%2F11gj19rwvg!19sChIJg9qu-aPhDDkRSVufHd0eETg?authuser=0&hl=en&g_ep=EgoyMDI2MDkyNy4xIJJjKgBIAVAD&rclk=1,NGO in Saket Delhi
CRY - Child Rights and You | NGO in Delhi,0.0,151,"CRY - Child Rights and You | NGO in Delhi | 4.4(151) | Non-governmental organization ·  · Near Garden Of Five Senses, Saket Metro Station, 632, 2nd floor, Lane No.3, to, Westend Marg, beside Delhi Haath & Rajasthan Emporium Shops | Closes soon · 6 pm · Opens 9 am Thu · 091159 11500",https://www.google.com/maps/place/CRY+-+Child+Rights+and+You+%7C+NGO+in+Delhi/data=!4m7!3m6!1s0x390ce1e2f0a36d9b:0x352a2ea7af898ed7!8m2!3d28.5178406!4d77.1997244!16s%2Fg%2F1hhh711rl!19sChIJm22j8OLhDDkR146Jr6cuKjU?authuser=0&hl=en&g_ep=EgoyMDI2MDkyNy4xIJJjKgBIAVAD&rclk=1,NGO in Saket Delhi
The Antara Foundation,0.0,24,"The Antara Foundation | 4.4(24) | Foundation · 5th Floor, ABW, Rectangle One Saket, 505 A&B | Open · Closes 6 am Thu · 011 4896 5300",https://www.google.com/maps/place/The+Antara+Foundation/data=!4m7!3m6!1s0x390ce18b15b8ff13:0xc456c7ee4b058c67!8m2!3d28.5266765!4d77.2166536!16s%2Fg%2F11b7hg7v60!19sChIJE_-4FYvhDDkRZ4wFS-7HVsQ?authuser=0&hl=en&g_ep=EgoyMDI2MDkyNy4xIJJjKgBIAVAD&rclk=1,NGO in Saket Delhi
MADE EASY FOR YOU,0.0,114,"MADE EASY FOR YOU | 4.3(114) | Non-profit organization · Hundred Million ,9, Dang Complex, IGNOU Rd, near Saket Metro Station | 011 4512 4643",https://www.google.com/maps/place/MADE+EASY+FOR+YOU/data=!4m7!3m6!1s0x390d1e468f7d9be9:0x89ee459e8a3165c7!8m2!3d28.5089956!4d77.2010449!16s%2Fg%2F11c2lr4zsg!19sChIJ6Zt9j0YeDTkRx2Uxip5F7ok?authuser=0&hl=en&g_ep=EgoyMDI2MDkyNy4xIJJjKgBIAVAD&rclk=1,NGO in Saket Delhi
SKS Hope Foundation,0.0,47,SKS Hope Foundation | 4.8(47) | Non-governmental organization · Shivalik A191 | Open · Closes 8 pm · 098101 85298,https://www.google.com/maps/place/SKS+Hope+Foundation/data=!4m7!3m6!1s0x390ce3563233fda9:0x119d32e0f2770a3b!8m2!3d28.5312518!4d77.2072219!16s%2Fg%2F11ft199mcy!19sChIJqf0zMlbjDDkROwp38uAynRE?authuser=0&hl=en&g_ep=EgoyMDI2MDkyNy4xIJJjKgBIAVAD&rclk=1,NGO in Saket Delhi
Protection of Women & Empowerment Organization,0.0,17,"Protection of Women & Empowerment Organization | 5.0(17) | Non-profit organization · Dang Complex, Plot No.: 8, IGNOU Rd | Open · Closes 7:30 pm · 098100 57182",https://www.google.com/maps/place/Protection+of+Women+%26+Empowerment+Organization/data=!4m7!3m6!1s0x390ce1e7309a4bf1:0x9022475314efd6a4!8m2!3d28.5089847!4d77.2009584!16s%2Fg%2F11h7q5bjdp!19sChIJ8UuaMOfhDDkRpNbvFFNHIpA?authuser=0&hl=en&g_ep=EgoyMDI2MDkyNy4xIJJjKgBIAVAD&rclk=1,NGO in Saket Delhi
Hamari Pahchan NGO | Delhi,0.0,3232,"Hamari Pahchan NGO | Delhi | 4.9(3,232) | Non-profit organization · 1st floor, H.no. 1121, Mahipalpur Bypass, opposite Arjun Camp | Open 24 hours · 099111 73557",https://www.google.com/maps/place/Hamari+Pahchan+NGO+%7C+Delhi/data=!4m7!3m6!1s0x390d1c471da347db:0x2a2d85f7a5cec486!8m2!3d28.5514778!4d77.1331245!16s%2Fg%2F11g70v_99d!19sChIJ20ejHUccDTkRhsTOpfeFLSo?authuser=0&hl=en&g_ep=EgoyMDI2MDkyNy4xIJJjKgBIAVAD&rclk=1,NGO in Saket Delhi
OPCAR FOUNDATION,0.0,17,OPCAR FOUNDATION | 4.8(17) | Charity · D-2 | Closed · Opens 9:30 am Thu · 011 2686 8598,https://www.google.com/maps/place/OPCAR+FOUNDATION/data=!4m7!3m6!1s0x390ce1f9cebea163:0x9128532bef79a1aa!8m2!3d28.5271149!4d77.2050181!16s%2Fg%2F12hm55cvv!19sChIJY6G-zvnhDDkRqqF57ytTKJE?authuser=0&hl=en&g_ep=EgoyMDI2MDkyNy4xIJJjKgBIAVAD&rclk=1,NGO in Saket Delhi
Prashraya Welfare Foundation (Team Aashraya) Delhi,0.0,32,"Prashraya Welfare Foundation (Team Aashraya) Delhi | 4.9(32) | Youth social services organization · Ravish Apartment, 004, 473/A | 062648 03084",https://www.google.com/maps/place/Prashraya+Welfare+Foundation+%28Team+Aashraya%29+Delhi/data=!4m7!3m6!1s0x390ce1c2e0654d25:0x8252a67aee8a3ed0!8m2!3d28.5057196!4d77.2015358!16s%2Fg%2F11w4jwdj8t!19sChIJJU1l4MLhDDkR0D6K7nqmUoI?authuser=0&hl=en&g_ep=EgoyMDI2MDkyNy4xIJJjKgBIAVAD&rclk=1,NGO in Saket Delhi
Aarohan,0.0,125,Aarohan | 4.3(125) | Non-governmental organization · B-127 | Open · Closes 8 pm · 011 4100 7526,https://www.google.com/maps/place/Aarohan/data=!4m7!3m6!1s0x390ce21ed0f7c131:0x68d37c4bdeef683e!8m2!3d28.536565!4d77.214254!16s%2Fg%2F1ptx5fczm!19sChIJMcH30B7iDDkRPmjv3kt802g?authuser=0&hl=en&g_ep=EgoyMDI2MDkyNy4xIJJjKgBIAVAD&rclk=1,NGO in Saket Delhi
Self-Reliant Initiatives through Joint Action (SRIJAN),0.0,62,"Self-Reliant Initiatives through Joint Action (SRIJAN) | 4.1(62) | Association / Organization ·  · #4, Community Shopping Centre, First Floor, Anupam Apartments, Mehrauli - Badarpur Rd | Closed · Opens 9 am Thu · 011 4166 4521",https://www.google.com/maps/place/Self-Reliant+Initiatives+through+Joint+Action+%28SRIJAN%29/data=!4m7!3m6!1s0x390ce1effb1e1935:0xb8a46c6eb536f1b5!8m2!3d28.5187835!4d77.2066823!16s%2Fg%2F1tfsfsqm!19sChIJNRke--_hDDkRtfE2tW5spLg?authuser=0&hl=en&g_ep=EgoyMDI2MDkyNy4xIJJjKgBIAVAD&rclk=1,NGO in Saket Delhi
Nav Srishti,0.0,181,"Nav Srishti | 4.8(181) | Non-profit organization · Nav Srishti, 306/3, near Holychowk | Closed · Opens 10 am Thu · 084486 93484",https://www.google.com/maps/place/Nav+Srishti/data=!4m7!3m6!1s0x390d1e2699410a7d:0x315b199cc4572204!8m2!3d28.5072389!4d77.203493!16s%2Fg%2F11cr_5d0vv!19sChIJfQpBmSYeDTkRBCJXxJwZWzE?authuser=0&hl=en&g_ep=EgoyMDI2MDkyNy4xIJJjKgBIAVAD&rclk=1,NGO in Saket Delhi
Almighty NGO,0.0,1,"Almighty NGO | 5.0(1) | Non-profit organization · 50, Hauz Rani Inner Ln | Closed · Opens 9 am Thu · 096541 32167",https://www.google.com/maps/place/Almighty+NGO/data=!4m7!3m6!1s0x390ce1e9d984e43f:0x718502cf79c8e3b5!8m2!3d28.5282712!4d77.2086761!16s%2Fg%2F11yz7ly_4h!19sChIJP-SE2enhDDkRtePIec8ChXE?authuser=0&hl=en&g_ep=EgoyMDI2MDkyNy4xIJJjKgBIAVAD&rclk=1,NGO in Saket Delhi
Sunshine Project,0.0,27,"Sunshine Project | 4.1(27) | School center ·  · 5, Ground Floor, Kehar Singh Estate, next to Saket Metro Station Saidulajab | Closes soon · 6 pm · Opens 10 am Thu · 098111 38280",https://www.google.com/maps/place/Sunshine+Project/data=!4m7!3m6!1s0x390ce1f0bebb0dc5:0xba1444a14c9bac67!8m2!3d28.5193135!4d77.2009191!16s%2Fg%2F11d_9gryk4!19sChIJxQ27vvDhDDkRZ6ybTKFEFLo?authuser=0&hl=en&g_ep=EgoyMDI2MDkyNy4xIJJjKgBIAVAD&rclk=1,NGO in Saket Delhi
NewLife Shelter Foundation,0.0,128,"NewLife Shelter Foundation | 5.0(128) | Non-governmental organization · Metro Station, near Panchsheel Park | Closed · Opens 10 am Thu · 088104 14121",https://www.google.com/maps/place/NewLife+Shelter+Foundation/data=!4m7!3m6!1s0x390ce1872ec83841:0x69d1374fb62dfd96!8m2!3d28.5402372!4d77.2190383!16s%2Fg%2F11rsfsjdvc!19sChIJQTjILofhDDkRlv0ttk830Wk?authuser=0&hl=en&g_ep=EgoyMDI2MDkyNy4xIJJjKgBIAVAD&rclk=1,NGO in Saket Delhi
THOUSAND THOUGHTS,0.0,25,THOUSAND THOUGHTS | 4.2(25) | Mental health service · N 27A | Closes soon · 6 pm · Opens 10 am Thu,https://www.google.com/maps/place/THOUSAND+THOUGHTS/data=!4m7!3m6!1s0x390ce1f9825b3d57:0xd3ae8551e45b4f3a!8m2!3d28.5250225!4d77.2032742!16s%2Fg%2F11g6xqv5dl!19sChIJVz1bgvnhDDkROk9b5FGFrtM?authuser=0&hl=en&g_ep=EgoyMDI2MDkyNy4xIJJjKgBIAVAD&rclk=1,NGO in Saket Delhi
Dawn Child Foundation (NGO),0.0,11,Dawn Child Foundation (NGO) | 5.0(11) | Non-governmental organization · 206 Second Floor | Closes soon · 6 pm · Opens 9:30 am Thu · 098114 10809,https://www.google.com/maps/place/Dawn+Child+Foundation+%28NGO%29/data=!4m7!3m6!1s0x390ce34923abebbf:0x53a26c94163c813b!8m2!3d28.5313269!4d77.2058107!16s%2Fg%2F11pdy6j5qc!19sChIJv-urI0njDDkRO4E8FpRsolM?authuser=0&hl=en&g_ep=EgoyMDI2MDkyNy4xIJJjKgBIAVAD&rclk=1,NGO in Saket Delhi
United Way of Delhi,0.0,59,United Way of Delhi | 4.3(59) | Non-profit organization · S79. First floor | Closed · Opens 9 am Thu · 011 4050 7970,https://www.google.com/maps/place/United+Way+of+Delhi/data=!4m7!3m6!1s0x390ce21019b41ebf:0x96e0a509f4d34b!8m2!3d28.5410905!4d77.2119676!16s%2Fg%2F11bzwrrt16!19sChIJvx60GRDiDDkRS9P0CaXglgA?authuser=0&hl=en&g_ep=EgoyMDI2MDkyNy4xIJJjKgBIAVAD&rclk=1,NGO in Saket Delhi
Lakshyam NGO Delhi (Head Office),0.0,23,"Lakshyam NGO Delhi (Head Office) | 4.0(23) | Non-governmental organization ·  · B-1/27, Ground Floor | 095407 90002",https://www.google.com/maps/place/Lakshyam+NGO+Delhi+%28Head+Office%29/data=!4m7!3m6!1s0x390d1d8a858ea50d:0x9d526af0965ceffd!8m2!3d28.551222!4d77.2049174!16s%2Fg%2F11fz2mwh46!19sChIJDaWOhYodDTkR_e9clvBqUp0?authuser=0&hl=en&g_ep=EgoyMDI2MDkyNy4xIJJjKgBIAVAD&rclk=1,NGO in Saket Delhi
Saksham Foundation,0.0,46,"Saksham Foundation | 4.5(46) | Corporate office ·  · G1, 15, near pandit madan Mohan hospital, opposite sarvodaya kanya vidhyalya | Open now · 088269 76703",https://www.google.com/maps/place/Saksham+Foundation/data=!4m7!3m6!1s0x390ce21e1c682413:0xa8658e0e00da90ec!8m2!3d28.5334754!4d77.2132967!16s%2Fg%2F11t310q059!19sChIJEyRoHB7iDDkR7JDaAA6OZag?authuser=0&hl=en&g_ep=EgoyMDI2MDkyNy4xIJJjKgBIAVAD&rclk=1,NGO in Saket Delhi
SAATHII - Delhi Office,0.0,28,SAATHII - Delhi Office | 4.5(28) | Non-profit organization · 3 | Open · Closes 7 pm · 011 4100 7035,https://www.google.com/maps/place/SAATHII+-+Delhi+Office/data=!4m7!3m6!1s0x390ce3a77c5bed29:0x37dd227c987f4a8f!8m2!3d28.5514899!4d77.2026034!16s%2Fg%2F11f7dsz84c!19sChIJKe1bfKfjDDkRj0p_mHwi3Tc?authuser=0&hl=en&g_ep=EgoyMDI2MDkyNy4xIJJjKgBIAVAD&rclk=1,NGO in Saket Delhi
Udyogini,0.0,31,"Udyogini | 4.4(31) | Non-profit organization · D-17, Basement | Closes soon · 6 pm · Opens 9:30 am Thu · 093196 20533",https://www.google.com/maps/place/Udyogini/data=!4m7!3m6!1s0x390ce26b9aaaaab3:0xd452d734b718be2b!8m2!3d28.520918!4d77.2051287!16s%2Fg%2F1thkvn3y!19sChIJs6qqmmviDDkRK74YtzTXUtQ?authuser=0&hl=en&g_ep=EgoyMDI2MDkyNy4xIJJjKgBIAVAD&rclk=1,NGO in Saket Delhi
DOCTORS FOR YOU FOUNDATION,0.0,49,DOCTORS FOR YOU FOUNDATION | 4.0(49) | Non-governmental organization ·  · CG 44 | Open 24 hours · 098102 48920,https://www.google.com/maps/place/DOCTORS+FOR+YOU+FOUNDATION/data=!4m7!3m6!1s0x390ce26c147e8a3b:0x9ee6a9075e7d3f1f!8m2!3d28.5594512!4d77.2103379!16s%2Fg%2F11m38xqkgj!19sChIJO4p-FGziDDkRHz99Xgep5p4?authuser=0&hl=en&g_ep=EgoyMDI2MDkyNy4xIJJjKgBIAVAD&rclk=1,NGO in Saket Delhi
GUNJA DEVI CHARITABLE TRUST GDCT,0.0,44,"GUNJA DEVI CHARITABLE TRUST GDCT | 4.8(44) | Non-governmental organization · 365A, near INTERNATIONAL HAPPY SCHOOL | Closes soon · 6 pm · Opens 10 am Thu · 088822 70388",https://www.google.com/maps/place/GUNJA+DEVI+CHARITABLE+TRUST+GDCT/data=!4m7!3m6!1s0x390ce365886cd08d:0x42ba40ecf9577417!8m2!3d28.5365667!4d77.2283829!16s%2Fg%2F11vyv1brvj!19sChIJjdBsiGXjDDkRF3RX-exAukI?authuser=0&hl=en&g_ep=EgoyMDI2MDkyNy4xIJJjKgBIAVAD&rclk=1,NGO in Saket Delhi
Shubh pahal,0.0,61,"Shubh pahal | 4.3(61) | Non-governmental organization · Andheria Mor, opp. Chhattarpur | Open · Closes 7 pm · 070113 13392",https://www.google.com/maps/place/Shubh+pahal/data=!4m7!3m6!1s0x390d1ff587315009:0x6ce1c9e1a9c95a75!8m2!3d28.506783!4d77.1748925!16s%2Fg%2F11qgjnh_vl!19sChIJCVAxh_UfDTkRdVrJqeHJ4Ww?authuser=0&hl=en&g_ep=EgoyMDI2MDkyNy4xIJJjKgBIAVAD&rclk=1,NGO in Saket Delhi
B.S.S NGO,0.0,3,"B.S.S NGO | 5.0(3) | Non-governmental organization · B-85, Flat No. G-3, Ground Floor | Open 24 hours · 098999 19911",https://www.google.com/maps/place/B.S.S+NGO/data=!4m7!3m6!1s0x390ce34219e8d19f:0x3743d200f37449f8!8m2!3d28.5353227!4d77.2231961!16s%2Fg%2F11s34d9g5s!19sChIJn9HoGULjDDkR-El08wDSQzc?authuser=0&hl=en&g_ep=EgoyMDI2MDkyNy4xIJJjKgBIAVAD&rclk=1,NGO in Saket Delhi
Society for the Promotion of Youth and Masses (SPYM),0.0,2840,"Society for the Promotion of Youth and Masses (SPYM) | 4.8(2,840) | Social services organization · SPYM centre, Aruna Asaf Ali Marg, opposite Pocket 4 | Closed · Opens 9:30 am Thu · 011 4100 3872",https://www.google.com/maps/place/Society+for+the+Promotion+of+Youth+and+Masses+%28SPYM%29/data=!4m7!3m6!1s0x390d1e7479933d67:0x4130c3e647eea6d6!8m2!3d28.5214628!4d77.1680215!16s%2Fg%2F1hf3tc590!19sChIJZz2TeXQeDTkR1qbuR-bDMEE?authuser=0&hl=en&g_ep=EgoyMDI2MDkyNy4xIJJjKgBIAVAD&rclk=1,NGO in Saket Delhi
SEEDS India,0.0,71,"SEEDS India | 4.5(71) | Non-profit organization ·  · 2nd Floor, B-40 | Open · Closes 7 pm · 011 2090 4048",https://www.google.com/maps/place/SEEDS+India/data=!4m7!3m6!1s0x390d1d9850095dcb:0x450f4adfc2146d00!8m2!3d28.537353!4d77.1819452!16s%2Fg%2F1tcw6kvw!19sChIJy10JUJgdDTkRAG0Uwt9KD0U?authuser=0&hl=en&g_ep=EgoyMDI2MDkyNy4xIJJjKgBIAVAD&rclk=1,NGO in Saket Delhi
Rohini Ghadiok Foundation,0.0,1,"Rohini Ghadiok Foundation | 5.0(1) | Corporate office · J 6, Mehrauli - Badarpur Rd | Closes soon · 6 pm · Opens 10 am Thu · 011 4602 2399",https://www.google.com/maps/place/Rohini+Ghadiok+Foundation/data=!4m7!3m6!1s0x390ce1f00a51b84f:0xb457d9d6e64525da!8m2!3d28.5185903!4d77.2141621!16s%2Fg%2F11c37l08wg!19sChIJT7hRCvDhDDkR2iVF5tbZV7Q?authuser=0&hl=en&g_ep=EgoyMDI2MDkyNy4xIJJjKgBIAVAD&rclk=1,NGO in Saket Delhi
Vasudha Foundation,0.0,27,Vasudha Foundation | 4.0(27) | Non-profit organization · G6G9+XM3 | Closed · Opens 9:30 am Thu · 080 2671 7186,https://www.google.com/maps/place/Vasudha+Foundation/data=!4m7!3m6!1s0x390ce307fdbc0dbb:0x46bd1eee4b081241!8m2!3d28.5273842!4d77.2191678!16s%2Fg%2F11bc71544r!19sChIJuw28_QfjDDkRQRIIS-4evUY?authuser=0&hl=en&g_ep=EgoyMDI2MDkyNy4xIJJjKgBIAVAD&rclk=1,NGO in Saket Delhi
Muskaan-PAEPID,0.0,222,Muskaan-PAEPID | 4.5(222) | Non-governmental organization ·  · Plot No. 3 | Closed · Opens 9 am Thu · 011 4176 1873,https://www.google.com/maps/place/Muskaan-PAEPID/data=!4m7!3m6!1s0x390d1e77cf79cee9:0x1ea1cdab92ee0ae4!8m2!3d28.5252481!4d77.1621122!16s%2Fg%2F1q64q0x64!19sChIJ6c55z3ceDTkR5ArukqvNoR4?authuser=0&hl=en&g_ep=EgoyMDI2MDkyNy4xIJJjKgBIAVAD&rclk=1,NGO in Saket Delhi
Ujjwal Manthan Bharat Seva Foundation | Ngo,0.0,6,"Ujjwal Manthan Bharat Seva Foundation | Ngo | 5.0(6) | Social welfare center · KH NO ,322, SUNRISE APPARTMENT, H NO .B8 1ST FLOOR, PLOT NO.399 | Closes soon · 6:30 pm · Opens 10 am Thu",https://www.google.com/maps/place/Ujjwal+Manthan+Bharat+Seva+Foundation+%7C+Ngo/data=!4m7!3m6!1s0x390ce160b1d6b135:0xe995ad5a024ba6f!8m2!3d28.5049596!4d77.2088987!16s%2Fg%2F11ys2gyzjy!19sChIJNbHWsWDhDDkRb7okoNVamQ4?authuser=0&hl=en&g_ep=EgoyMDI2MDkyNy4xIJJjKgBIAVAD&rclk=1,NGO in Saket Delhi
Milaan - Be The Change,0.0,27,"Milaan - Be The Change | 4.7(27) | Non-profit organization · Ground Floor, A-329 | Closes soon · 6 pm · Opens 9 am Thu · 011 4160 8955",https://www.google.com/maps/place/Milaan+-+Be+The+Change/data=!4m7!3m6!1s0x390d19e72e5cf04d:0xadfb3f712579cae4!8m2!3d28.5330164!4d77.2064446!16s%2Fg%2F11g0n96f_t!19sChIJTfBcLucZDTkR5Mp5JXE_-60?authuser=0&hl=en&g_ep=EgoyMDI2MDkyNy4xIJJjKgBIAVAD&rclk=1,NGO in Saket Delhi
Jagori Women's Resource Centre,0.0,51,Jagori Women's Resource Centre | 4.3(51) | Women's organization · 114 | Closed · Opens 9:30 am Thu · 011 2669 1219,https://www.google.com/maps/place/Jagori+Women%27s+Resource+Centre/data=!4m7!3m6!1s0x390ce21ca751c5f7:0x313a6c58baffd770!8m2!3d28.5363031!4d77.2070712!16s%2Fg%2F11dfjy6k5x!19sChIJ98VRpxziDDkRcNf_ulhsOjE?authuser=0&hl=en&g_ep=EgoyMDI2MDkyNy4xIJJjKgBIAVAD&rclk=1,NGO in Saket Delhi
Aashalata Victoria Wilkinson Memorial Charitable Trust,0.0,8,"Aashalata Victoria Wilkinson Memorial Charitable Trust | 5.0(8) | Non-profit organization · D, 2nd Floor, L-96 | Open 24 hours · 099101 02002",https://www.google.com/maps/place/Aashalata+Victoria+Wilkinson+Memorial+Charitable+Trust/data=!4m7!3m6!1s0x390ce1f05a4abda3:0xa57ae37174e2b652!8m2!3d28.5244292!4d77.2131926!16s%2Fg%2F11g9q4z2yb!19sChIJo71KWvDhDDkRUrbidHHjeqU?authuser=0&hl=en&g_ep=EgoyMDI2MDkyNy4xIJJjKgBIAVAD&rclk=1,NGO in Saket Delhi
Common Cause,0.0,31,"Common Cause | 4.3(31) | Non-profit organization · 5, Nelson Mandela Marg | 011 2613 1313",https://www.google.com/maps/place/Common+Cause/data=!4m7!3m6!1s0x390d1dd358dfa28d:0x7e4a571bc79bd4c!8m2!3d28.5313399!4d77.1494967!16s%2Fg%2F11b7tvflgt!19sChIJjaLfWNMdDTkRTL15vHGl5Ac?authuser=0&hl=en&g_ep=EgoyMDI2MDkyNy4xIJJjKgBIAVAD&rclk=1,NGO in Saket Delhi
Centre for Health and Social Justice,0.0,14,"Centre for Health and Social Justice | 4.4(14) | Social services organization · Basement of Young Women's Hostel No. 2, Avenue 21, G Block, Saket, near Bank Of India | 011 2651 1425",https://www.google.com/maps/place/Centre+for+Health+and+Social+Justice/data=!4m7!3m6!1s0x390ce1f185852d65:0xee5b74bc5357772b!8m2!3d28.5218924!4d77.2098207!16s%2Fg%2F11cjhys5mf!19sChIJZS2FhfHhDDkRK3dXU7x0W-4?authuser=0&hl=en&g_ep=EgoyMDI2MDkyNy4xIJJjKgBIAVAD&rclk=1,NGO in Saket Delhi
HAQ Centre for Child Rights,0.0,40,"HAQ Centre for Child Rights | 4.6(40) | Social services organization ·  · 128 B, Second Floor, near Purana Shiv Mandir | Closes soon · 6 pm · Opens 10 am Thu · 011 2649 7412",https://www.google.com/maps/place/HAQ+Centre+for+Child+Rights/data=!4m7!3m6!1s0x390ce21f599dc49b:0x39dd159be9c1b27d!8m2!3d28.5486145!4d77.2153405!16s%2Fg%2F11bwkgnvkt!19sChIJm8SdWR_iDDkRfbLB6ZsV3Tk?authuser=0&hl=en&g_ep=EgoyMDI2MDkyNy4xIJJjKgBIAVAD&rclk=1,NGO in Saket Delhi
Ritinjali NGO,0.0,25,Ritinjali NGO | 4.4(25) | Non-profit organization · K2 - 726 | Closes soon · 6 pm · Opens 10 am Thu · 011 4186 1541,https://www.google.com/maps/place/Ritinjali+NGO/data=!4m7!3m6!1s0x390d1dffdb91869d:0x2f3c3bacdc8b9442!8m2!3d28.5404299!4d77.1286583!16s%2Fg%2F11h75jtqp6!19sChIJnYaR2_8dDTkRQpSL3Kw7PC8?authuser=0&hl=en&g_ep=EgoyMDI2MDkyNy4xIJJjKgBIAVAD&rclk=1,NGO in Saket Delhi
Young Women's Association Hostel,0.0,305,"Young Women's Association Hostel | 3.9(305) | Working women's hostel · Avenue 21, G Block | 011 2656 0063",https://www.google.com/maps/place/Young+Women%27s+Association+Hostel/data=!4m7!3m6!1s0x390ce1f1a430c9bd:0x39b401076c097b77!8m2!3d28.522033!4d77.2100147!16s%2Fg%2F1tlgwb8n!19sChIJvckwpPHhDDkRd3sJbAcBtDk?authuser=0&hl=en&g_ep=EgoyMDI2MDkyNy4xIJJjKgBIAVAD&rclk=1,NGO in Saket Delhi
Sadbhavna Foundation,0.0,2,"Sadbhavna Foundation | 5.0(2) | Non-profit organization · Flat No-01, UGF, House No. 566, Village | 096540 91000",https://www.google.com/maps/place/Sadbhavna+Foundation/data=!4m7!3m6!1s0x390ce172f627901f:0x507cb10cb19b5366!8m2!3d28.5191697!4d77.2120665!16s%2Fg%2F11jnnnkrrk!19sChIJH5An9nLhDDkRZlObsQyxfFA?authuser=0&hl=en&g_ep=EgoyMDI2MDkyNy4xIJJjKgBIAVAD&rclk=1,NGO in Saket Delhi
Humana People to People India,0.0,257,"Humana People to People India | 4.4(257) | Non-profit organization · 111/9-Z, Aruna Asaf Ali Marg | Closes soon · 6 pm · Opens 9 am Thu · 011 4746 2222",https://www.google.com/maps/place/Humana+People+to+People+India/data=!4m7!3m6!1s0x390d1e74813bd897:0xab950640a001fc58!8m2!3d28.5211913!4d77.1687915!16s%2Fg%2F11gzlczjq!19sChIJl9g7gXQeDTkRWPwBoEAGlas?authuser=0&hl=en&g_ep=EgoyMDI2MDkyNy4xIJJjKgBIAVAD&rclk=1,NGO in Saket Delhi
Aastha Foundation (NGO),0.0,51,"Aastha Foundation (NGO) | 4.9(51) | Charity · Number 1, House No,173 Block C Gali | Open · Closes 7 pm · 072178 15656",https://www.google.com/maps/place/Aastha+Foundation+%28NGO%29/data=!4m7!3m6!1s0x390d1da925877797:0x9448501e56f6261!8m2!3d28.5329662!4d77.1249659!16s%2Fg%2F11j12h_x64!19sChIJl3eHJakdDTkRYWJv5QGFRAk?authuser=0&hl=en&g_ep=EgoyMDI2MDkyNy4xIJJjKgBIAVAD&rclk=1,NGO in Saket Delhi
Umeed NGO,0.0,16,"Umeed NGO | 4.0(16) | Social services organization · 208-216, DDA Commercial Complex, Sri Aurobindo Marg | 011 4022 4000",https://www.google.com/maps/place/Umeed+NGO/data=!4m7!3m6!1s0x390ce2128764026b:0xe2e9ac738a34af60!8m2!3d28.5506862!4d77.2063609!16s%2Fg%2F1hdzt6z9d!19sChIJawJkhxLiDDkRYK80inOs6eI?authuser=0&hl=en&g_ep=EgoyMDI2MDkyNy4xIJJjKgBIAVAD&rclk=1,NGO in Saket Delhi
Doctors For You ®,0.0,350,"Doctors For You ® | 4.9(350) | Non-governmental organization · Ganga Apartments, 312 G-6 | Closed · Opens 9 am Thu · 082618 90890",https://www.google.com/maps/place/Doctors+For+You+%C2%AE/data=!4m7!3m6!1s0x390d03e4ace55555:0x311fcafa5cbd39cc!8m2!3d28.5246833!4d77.1474539!16s%2Fg%2F11g9jlw2g6!19sChIJVVXlrOQDDTkRzDm9XPrKHzE?authuser=0&hl=en&g_ep=EgoyMDI2MDkyNy4xIJJjKgBIAVAD&rclk=1,NGO in Saket Delhi
Udyam Trust,0.0,28,"Udyam Trust | 4.4(28) | Non-profit organization · Ground, 200, Upper | Closes soon · 6 pm · Opens 10 am Thu · 011 4905 2567",https://www.google.com/maps/place/Udyam+Trust/data=!4m7!3m6!1s0x390ce26954ffcc8b:0x473aef4be3e701fd!8m2!3d28.5599393!4d77.2119423!16s%2Fg%2F11cn3l2cm6!19sChIJi8z_VGniDDkR_QHn40vvOkc?authuser=0&hl=en&g_ep=EgoyMDI2MDkyNy4xIJJjKgBIAVAD&rclk=1,NGO in Saket Delhi
Literacy India Saket,0.0,6,Literacy India Saket | 5.0(6) | Education center · Saiyad ul Ajaib Gali Number 7 | Closes soon · 6 pm · Opens 10 am Thu,https://www.google.com/maps/place/Literacy+India+Saket/data=!4m7!3m6!1s0x390ce1e53df4d51d:0xee04d0993088eda6!8m2!3d28.5167365!4d77.2005843!16s%2Fg%2F11g8lqrk65!19sChIJHdX0PeXhDDkRpu2IMJnQBO4?authuser=0&hl=en&g_ep=EgoyMDI2MDkyNy4xIJJjKgBIAVAD&rclk=1,NGO in Saket Delhi
Multiple Action Research Group (MARG),0.0,17,"Multiple Action Research Group (MARG) | 4.8(17) | Non-profit organization ·  · 2nd floor, 205, 206, Peacock Court, Shahpur Jat New Delhi Delhi IN 110049 | Closed · Opens 10 am Thu · 011 2649 7483",https://www.google.com/maps/place/Multiple+Action+Research+Group+%28MARG%29/data=!4m7!3m6!1s0x390ce216933ad771:0x498ff3c48e752bed!8m2!3d28.547071!4d77.213702!16s%2Fg%2F11bxg069qy!19sChIJcdc6kxbiDDkR7St1jsTzj0k?authuser=0&hl=en&g_ep=EgoyMDI2MDkyNy4xIJJjKgBIAVAD&rclk=1,NGO in Saket Delhi
WhiteHope Foundation,0.0,2,WhiteHope Foundation | 5.0(2) | Non-profit organization | Closed · Opens 9 am Thu,https://www.google.com/maps/place/WhiteHope+Foundation/data=!4m7!3m6!1s0x390ce1f67322542b:0x3ed9c1f5efd1a799!8m2!3d28.528266!4d77.2213978!16s%2Fg%2F11zj2vd_mf!19sChIJK1Qic_bhDDkRmafR7_XB2T4?authuser=0&hl=en&g_ep=EgoyMDI2MDkyNy4xIJJjKgBIAVAD&rclk=1,NGO in Saket Delhi
SAPNA,0.0,8,"SAPNA | 4.3(8) | Social services organization · flat no 8086 pocket, D-8 | Open · Closes 7 pm · 088262 00922",https://www.google.com/maps/place/SAPNA/data=!4m7!3m6!1s0x390d1dd5a7b16df9:0x13f33cd2ce821e4f!8m2!3d28.5272144!4d77.1515832!16s%2Fg%2F1tgpwl15!19sChIJ-W2xp9UdDTkRTx6CztI88xM?authuser=0&hl=en&g_ep=EgoyMDI2MDkyNy4xIJJjKgBIAVAD&rclk=1,NGO in Saket Delhi
Sabiha Trust & NGO,0.0,0,Sabiha Trust & NGO | No reviews | Women's health clinic · G6C6+R3J Sabiha Trust & NGO | Closed · Opens 10:30 pm Thu,https://www.google.com/maps/place/Sabiha+Trust+%26+NGO/data=!4m7!3m6!1s0x390ce1a7aeb95019:0xcd41d6353929dc7b!8m2!3d28.5220971!4d77.2101534!16s%2Fg%2F11njzng__w!19sChIJGVC5rqfhDDkRe9wpOTXWQc0?authuser=0&hl=en&g_ep=EgoyMDI2MDkyNy4xIJJjKgBIAVAD&rclk=1,NGO in Saket Delhi
Population Foundation of India,0.0,24,"Population Foundation of India | 4.3(24) | Non-governmental organization ·  · B, 28, Qutab Institutional Area Rd, opposite to Medeor Hospital | Closed · Opens 9:15 am Thu · 011 4389 4100",https://www.google.com/maps/place/Population+Foundation+of+India/data=!4m7!3m6!1s0x390d1de53e6afbf9:0x2befe2d0b410906f!8m2!3d28.5378055!4d77.1817596!16s%2Fg%2F1tftjlng!19sChIJ-ftqPuUdDTkRb5AQtNDi7ys?authuser=0&hl=en&g_ep=EgoyMDI2MDkyNy4xIJJjKgBIAVAD&rclk=1,NGO in Saket Delhi
Bharat Rural Livelihoods Foundation,0.0,39,"Bharat Rural Livelihoods Foundation | 4.3(39) | Non-profit organization · C-32, Second Floor, Ratna Vilas, Neeti Bagh | Closes soon · 6 pm · Opens 9 am Thu · 011 4606 1935",https://www.google.com/maps/place/Bharat+Rural+Livelihoods+Foundation/data=!4m7!3m6!1s0x390ce26a0fffffff:0x12cb6302622daf2a!8m2!3d28.5585873!4d77.216932!16s%2Fg%2F11dd_ks_6j!19sChIJ____D2riDDkRKq8tYgJjyxI?authuser=0&hl=en&g_ep=EgoyMDI2MDkyNy4xIJJjKgBIAVAD&rclk=1,NGO in Saket Delhi
Umeed Foundation,0.0,12,Umeed Foundation | 4.7(12) | Computer training school · E 3 | ,https://www.google.com/maps/place/Umeed+Foundation/data=!4m7!3m6!1s0x390ce1e86b599ce9:0xe233eba2bfc3d5!8m2!3d28.5092352!4d77.2071758!16s%2Fg%2F11cnd5ch4f!19sChIJ6ZxZa-jhDDkR1cO_ousz4gA?authuser=0&hl=en&g_ep=EgoyMDI2MDkyNy4xIJJjKgBIAVAD&rclk=1,NGO in Saket Delhi
Advocate Rumpa Dhibar & Associates (Women & Child Specialist Lawyer),0.0,239,"Advocate Rumpa Dhibar & Associates (Women & Child Specialist Lawyer) | 4.9(239) | Lawyers association ·  · COMPLEX, SAKET COURT, 388, Lawyers' Chambers | Open 24 hours · 070489 45193",https://www.google.com/maps/place/Advocate+Rumpa+Dhibar+%26+Associates+%28Women+%26+Child+Specialist+Lawyer%29/data=!4m7!3m6!1s0x390ce3c13103da8b:0x49eab864bcdfaeb5!8m2!3d28.5289674!4d77.2225748!16s%2Fg%2F11t3wdl57q!19sChIJi9oDMcHjDDkRta7fvGS46kk?authuser=0&hl=en&g_ep=EgoyMDI2MDkyNy4xIJJjKgBIAVAD&rclk=1,NGO in Saket Delhi
The helping hand trust,0.0,5,"The helping hand trust | 5.0(5) | Non-profit organization · 2nd floor, 20/572 | Open · Closes 7 pm · 083689 62352",https://www.google.com/maps/place/The+helping+hand+trust/data=!4m7!3m6!1s0x390ce14fad72f983:0xb53d50cd3b6b21d4!8m2!3d28.5178897!4d77.2279415!16s%2Fg%2F11t6n81953!19sChIJg_lyrU_hDDkR1CFrO81QPbU?authuser=0&hl=en&g_ep=EgoyMDI2MDkyNy4xIJJjKgBIAVAD&rclk=1,NGO in Saket Delhi
NGO,0.0,1,"NGO | 5.0(1) | Education center · Shri Sankat Mochan Hanuman Mandir, 667/5 | ",https://www.google.com/maps/place/NGO/data=!4m7!3m6!1s0x390d1fe19cbdcd6f:0x18ef26eae2160bb8!8m2!3d28.5221691!4d77.1764899!16s%2Fg%2F11t5nb6q4c!19sChIJb829nOEfDTkRuAsW4uom7xg?authuser=0&hl=en&g_ep=EgoyMDI2MDkyNy4xIJJjKgBIAVAD&rclk=1,NGO in Saket Delhi
Peepul,0.0,31,"Peepul | 4.5(31) | Non-profit organization · First Floor, 10/1 | Closes soon · 6:30 pm · Opens 9:30 am Thu",https://www.google.com/maps/place/Peepul/data=!4m7!3m6!1s0x390ce2698377c47b:0xd8789a5e229a9523!8m2!3d28.540459!4d77.208746!16s%2Fg%2F11c468bt9j!19sChIJe8R3g2niDDkRI5WaIl6aeNg?authuser=0&hl=en&g_ep=EgoyMDI2MDkyNy4xIJJjKgBIAVAD&rclk=1,NGO in Saket Delhi
Expert Solutions 4 Non Profit,0.0,6,"Expert Solutions 4 Non Profit | 5.0(6) | Non-profit organization · Lower Ground Floor, B - 68 | Closes soon · 6 pm · Opens 10 am Thu · 096541 74849",https://www.google.com/maps/place/Expert+Solutions+4+Non+Profit/data=!4m7!3m6!1s0x390ce21c51aae6d9:0x451526d6db92dbb5!8m2!3d28.5358939!4d77.2081297!16s%2Fg%2F11ks11ypv0!19sChIJ2eaqURziDDkRtduS29YmFUU?authuser=0&hl=en&g_ep=EgoyMDI2MDkyNy4xIJJjKgBIAVAD&rclk=1,NGO in Saket Delhi
MaxAtHome,0.0,401,MaxAtHome | 4.3(401) | Home health care service · Press Enclave Marg | Open 24 hours · 092402 99623,https://www.google.com/maps/place/MaxAtHome/data=!4m7!3m6!1s0x390d182f16bfad37:0x345601022fb717ec!8m2!3d28.5276125!4d77.2068097!16s%2Fg%2F11f3f_c74r!19sChIJN62_Fi8YDTkR7Be3LwIBVjQ?authuser=0&hl=en&g_ep=EgoyMDI2MDkyNy4xIJJjKgBIAVAD&rclk=1,NGO in Saket Delhi
Centre For Media Studies (CMS),0.0,13,"Centre For Media Studies (CMS) | 4.8(13) | Media Consultant · CMS Research House, Saket Community Centre | Closes soon · 6 pm · Opens 10 am Thu · 011 2686 4020",https://www.google.com/maps/place/Centre+For+Media+Studies+%28CMS%29/data=!4m7!3m6!1s0x390d1d95eaaaaaab:0xa11beb6498ac35a!8m2!3d28.5232135!4d77.2080453!16s%2Fg%2F1tfkjkc6!19sChIJq6qq6pUdDTkRWsOKSba-EQo?authuser=0&hl=en&g_ep=EgoyMDI2MDkyNy4xIJJjKgBIAVAD&rclk=1,NGO in Saket Delhi
Prayas Saket centre,0.0,7,"Prayas Saket centre | 4.3(7) | Social services organization · G683+V47, Unnamed Road | ",https://www.google.com/maps/place/Prayas+Saket+centre/data=!4m7!3m6!1s0x390ce1e4e0cd010f:0xf6eb8871afe62ca5!8m2!3d28.5171656!4d77.2028003!16s%2Fg%2F11gfb5200f!19sChIJDwHN4OThDDkRpSzmr3GI6_Y?authuser=0&hl=en&g_ep=EgoyMDI2MDkyNy4xIJJjKgBIAVAD&rclk=1,NGO in Saket Delhi
NGO Anahita,0.0,1,"NGO Anahita | 5.0(1) | Non-profit organization · D-3, 3074 | Closes soon · 6 pm · Opens 9:30 am Thu · 011 4158 0034",https://www.google.com/maps/place/NGO+Anahita/data=!4m7!3m6!1s0x390d1dd5a7b16df9:0xd2297d657074a8e7!8m2!3d28.5173369!4d77.1589192!16s%2Fg%2F11g6mdtt3b!19sChIJ-W2xp9UdDTkR56h0cGV9KdI?authuser=0&hl=en&g_ep=EgoyMDI2MDkyNy4xIJJjKgBIAVAD&rclk=1,NGO in Saket Delhi
Restless Development India,0.0,16,"Restless Development India | 4.7(16) | Youth social services organization · B-117, Second Floor, Sarvodaya Enclave, Sri Aurobindo Marg | Closes soon · 6 pm · Opens 10 am Thu · 011 4605 3183",https://www.google.com/maps/place/Restless+Development+India/data=!4m7!3m6!1s0x390ce2142024bb1f:0x58d16dd70d30e0dc!8m2!3d28.536709!4d77.1997084!16s%2Fg%2F11dftpdg1m!19sChIJH7skIBTiDDkR3OAwDddt0Vg?authuser=0&hl=en&g_ep=EgoyMDI2MDkyNy4xIJJjKgBIAVAD&rclk=1,NGO in Saket Delhi
Buddha Charitable Foundation(India),0.0,4,"Buddha Charitable Foundation(India) | 4.5(4) | Non-profit organization · 312 AD Village, near Govt Girls School | Closes soon · 6 pm · Opens 10 am Thu · 099582 96001",https://www.google.com/maps/place/Buddha+Charitable+Foundation%28India%29/data=!4m7!3m6!1s0x390d1d94e1be5ee7:0xe4af2446fc2b3b8b!8m2!3d28.5526458!4d77.1707153!16s%2Fg%2F11c2qklm1v!19sChIJ516-4ZQdDTkRizsr_EYkr-Q?authuser=0&hl=en&g_ep=EgoyMDI2MDkyNy4xIJJjKgBIAVAD&rclk=1,NGO in Saket Delhi
Lakshyam NGO ( Vasant Kunj Center),0.0,8,Lakshyam NGO ( Vasant Kunj Center) | 3.6(8) | Non-governmental organization | 095407 90002,https://www.google.com/maps/place/Lakshyam+NGO+%28+Vasant+Kunj+Center%29/data=!4m7!3m6!1s0x390d1c30fa94f2bb:0xace231e69e54d835!8m2!3d28.539331!4d77.1315724!16s%2Fg%2F11gdgy11sw!19sChIJu_KU-jAcDTkRNdhUnuYx4qw?authuser=0&hl=en&g_ep=EgoyMDI2MDkyNy4xIJJjKgBIAVAD&rclk=1,NGO in Saket Delhi
Dream Future NGO,0.0,12,"Dream Future NGO | 5.0(12) | Non-profit organization · Masjid Compound, First Floor KH, No. 1527, Mahipalpur, near Mahipalpur | Closes soon · 6 pm · Opens 10 am Thu · 095603 49454",https://www.google.com/maps/place/Dream+Future+NGO/data=!4m7!3m6!1s0x390d1d756bf092ff:0x21d3e5531122ea82!8m2!3d28.5385067!4d77.1346882!16s%2Fg%2F11w91wmg7f!19sChIJ_5Lwa3UdDTkRguoiEVPl0yE?authuser=0&hl=en&g_ep=EgoyMDI2MDkyNy4xIJJjKgBIAVAD&rclk=1,NGO in Saket Delhi
Sunaayy Foundation,0.0,7,"Sunaayy Foundation | 4.9(7) | Non-profit organization · Signature House, B1, behind GD Goenka School | Closed · Opens 8 am Thu · 083687 62056",https://www.google.com/maps/place/Sunaayy+Foundation/data=!4m7!3m6!1s0x390d1e7a06ed0ad3:0xe58606dc1e0d2b1d!8m2!3d28.5270694!4d77.1528515!16s%2Fg%2F1ptwzl8gx!19sChIJ0wrtBnoeDTkRHSsNHtwGhuU?authuser=0&hl=en&g_ep=EgoyMDI2MDkyNy4xIJJjKgBIAVAD&rclk=1,NGO in Saket Delhi
Buddh Jyoti Foundation,0.0,7,"Buddh Jyoti Foundation | 5.0(7) | Association / Organization · 4th Floor, Gali No. 13, Plot No. 235, nearby Hanuman mandir Road | Open · Closes 7 pm · 082876 64996",https://www.google.com/maps/place/Buddh+Jyoti+Foundation/data=!4m7!3m6!1s0x390ce3b1cf523535:0x49e7c83c9d28c5aa!8m2!3d28.5269769!4d77.1340054!16s%2Fg%2F11f2y2g126!19sChIJNTVSz7HjDDkRqsUonTzI50k?authuser=0&hl=en&g_ep=EgoyMDI2MDkyNy4xIJJjKgBIAVAD&rclk=1,NGO in Saket Delhi
Helping Hands,0.0,6,"Helping Hands | 4.3(6) | Non-governmental organization · Flat No. A1, DCP South Office Complex, Chaudhary Dilip Singh Marg | 098100 83486",https://www.google.com/maps/place/Helping+Hands/data=!4m7!3m6!1s0x390ce2126fb1d987:0x486cddac9b303a20!8m2!3d28.5498019!4d77.2068761!16s%2Fg%2F11fn8px047!19sChIJh9mxbxLiDDkRIDowm6zdbEg?authuser=0&hl=en&g_ep=EgoyMDI2MDkyNy4xIJJjKgBIAVAD&rclk=1,NGO in Saket Delhi
National Association for the Blind,0.0,200,National Association for the Blind | 4.7(200) | Non-profit organization ·  | Closed · Opens 10 am Thu · 088262 60010,https://www.google.com/maps/place/National+Association+for+the+Blind/data=!4m7!3m6!1s0x390d1d9a1d470e25:0x3f60adde5612c3cf!8m2!3d28.560699!4d77.175038!16s%2Fg%2F1ttdwv6_!19sChIJJQ5HHZodDTkRz8MSVt6tYD8?authuser=0&hl=en&g_ep=EgoyMDI2MDkyNy4xIJJjKgBIAVAD&rclk=1,NGO in Saket Delhi
V-Shesh,0.0,6,"V-Shesh | 4.2(6) | Training center ·  · C-12, Near HelpAge India | Open 24 hours",https://www.google.com/maps/place/V-Shesh/data=!4m7!3m6!1s0x390d1de74f85dc27:0xc389dbe8095d1898!8m2!3d28.537523!4d77.1886749!16s%2Fg%2F11h7cnsy2_!19sChIJJ9yFT-cdDTkRmBhdCejbicM?authuser=0&hl=en&g_ep=EgoyMDI2MDkyNy4xIJJjKgBIAVAD&rclk=1,NGO in Saket Delhi
Gurukul Trust,0.0,4,"Gurukul Trust | 4.8(4) | Association / Organization · Delhi Public School Ghaziabad Society A-Block, 3rd Floor, MGF Metropolitan Mall | Closed · Opens 9 am Thu · 011 4734 2000",https://www.google.com/maps/place/Gurukul+Trust/data=!4m7!3m6!1s0x390ce0358f681d8b:0xbfd359cfd0d1fb3f!8m2!3d28.530258!4d77.2194835!16s%2Fg%2F11c44ppy4l!19sChIJix1ojzXgDDkRP_vR0M9Z078?authuser=0&hl=en&g_ep=EgoyMDI2MDkyNy4xIJJjKgBIAVAD&rclk=1,NGO in Saket Delhi
Welthungerhilfe,0.0,25,"Welthungerhilfe | 4.5(25) | Non-profit organization · S-179, Panchsheel Marg | Closed · Opens 9:30 am Thu · 011 4052 0140",https://www.google.com/maps/place/Welthungerhilfe/data=!4m7!3m6!1s0x390ce2249205dac3:0x46d52778f313ea35!8m2!3d28.541775!4d77.213291!16s%2Fg%2F11c5_h8v_f!19sChIJw9oFkiTiDDkRNeoT83gn1UY?authuser=0&hl=en&g_ep=EgoyMDI2MDkyNy4xIJJjKgBIAVAD&rclk=1,NGO in Saket Delhi
Streebal NGO,0.0,6,"Streebal NGO | 4.2(6) | Non-governmental organization · 135, opp. Block B6/109 | Closed · Opens 9 am Thu",https://www.google.com/maps/place/Streebal+NGO/data=!4m7!3m6!1s0x390d1d89d87b05c3:0x28b70f3779a2deb3!8m2!3d28.559855!4d77.194461!16s%2Fg%2F11c533p24x!19sChIJwwV72IkdDTkRs96ieTcPtyg?authuser=0&hl=en&g_ep=EgoyMDI2MDkyNy4xIJJjKgBIAVAD&rclk=1,NGO in Saket Delhi
NCPEDP India,0.0,18,"NCPEDP India | 4.9(18) | Non-profit organization ·  · No. 828, Suniye Building, Type-1 Quarters First Floor, opposite House | Closes soon · 6 pm · Opens 10 am Thu · 073039 44839",https://www.google.com/maps/place/NCPEDP+India/data=!4m7!3m6!1s0x390ce2726fd4001b:0x80c70c92b0874b28!8m2!3d28.5585577!4d77.1852722!16s%2Fg%2F11b7xsh1j9!19sChIJGwDUb3LiDDkRKEuHsJIMx4A?authuser=0&hl=en&g_ep=EgoyMDI2MDkyNy4xIJJjKgBIAVAD&rclk=1,NGO in Saket Delhi
WEN - Women Entrepreneur Network,0.0,35,"WEN - Women Entrepreneur Network | 4.9(35) | Corporate office · 301 A, ABW Rectangle One | 098182 89398",https://www.google.com/maps/place/WEN+-+Women+Entrepreneur+Network/data=!4m7!3m6!1s0x390ce1e68018170d:0x86edc35fdff2950a!8m2!3d28.5271527!4d77.2166121!16s%2Fg%2F11h8b3brcx!19sChIJDRcYgObhDDkRCpXy31_D7YY?authuser=0&hl=en&g_ep=EgoyMDI2MDkyNy4xIJJjKgBIAVAD&rclk=1,NGO in Saket Delhi
Community Foundation for Children and Aging,0.0,4,"Community Foundation for Children and Aging | 4.3(4) | Corporate office · 145/1 D, 2nd floor, Shah purjat, Near khelgaon village | ",https://www.google.com/maps/place/Community+Foundation+for+Children+and+Aging/data=!4m7!3m6!1s0x390ce2153ddc0957:0x4862f64f68b84916!8m2!3d28.5475034!4d77.2158735!16s%2Fg%2F11c809870k!19sChIJVwncPRXiDDkRFkm4aE_2Ykg?authuser=0&hl=en&g_ep=EgoyMDI2MDkyNy4xIJJjKgBIAVAD&rclk=1,NGO in Saket Delhi
Bal Vikas Dhara(BVD),0.0,31,"Bal Vikas Dhara(BVD) | 4.2(31) | Social services organization · Khasra no 832, Ramdhan Colony, near mata chowk, near Bombay logistics | Closes soon · 6 pm · Opens 10 am Thu · 011 7152 3641",https://www.google.com/maps/place/Bal+Vikas+Dhara%28BVD%29/data=!4m7!3m6!1s0x390d1c3e0a6c52ad:0x4be18a339e1cd210!8m2!3d28.5416208!4d77.1293845!16s%2Fg%2F11f15k5xc0!19sChIJrVJsCj4cDTkRENIcnjOK4Us?authuser=0&hl=en&g_ep=EgoyMDI2MDkyNy4xIJJjKgBIAVAD&rclk=1,NGO in Saket Delhi
FHI 360 India,0.0,32,"FHI 360 India | 4.4(32) | Non-governmental organization · H-5, Ground Floor | Closed · Opens 9 am Thu · 011 4048 7777",https://www.google.com/maps/place/FHI+360+India/data=!4m7!3m6!1s0x390ce2726fd40007:0x1b7bae91b5d8f103!8m2!3d28.559954!4d77.2053903!16s%2Fg%2F11dxm65pmd!19sChIJBwDUb3LiDDkRA_HYtZGuexs?authuser=0&hl=en&g_ep=EgoyMDI2MDkyNy4xIJJjKgBIAVAD&rclk=1,NGO in Saket Delhi
Federation of Indian Women Entrepreneurs,0.0,47,"Federation of Indian Women Entrepreneurs | 4.1(47) | Social services organization · F-321A, Old M B Road | Open · Closes 7 pm · 011 4102 0656",https://www.google.com/maps/place/Federation+of+Indian+Women+Entrepreneurs/data=!4m7!3m6!1s0x390ce20b87af929b:0x7367f576451a8601!8m2!3d28.5238002!4d77.1938737!16s%2Fg%2F11c59_6x5b!19sChIJm5KvhwviDDkRAYYaRXb1Z3M?authuser=0&hl=en&g_ep=EgoyMDI2MDkyNy4xIJJjKgBIAVAD&rclk=1,NGO in Saket Delhi
The Community Library Project - Khirki Extension,0.0,91,"The Community Library Project - Khirki Extension | 4.2(91) | Library · R, 52A | Open · Closes 8 pm · 097736 17307",https://www.google.com/maps/place/The+Community+Library+Project+-+Khirki+Extension/data=!4m7!3m6!1s0x390ce220d873c253:0x6f0205448b83764b!8m2!3d28.5322186!4d77.218356!16s%2Fg%2F11g027jt23!19sChIJU8Jz2CDiDDkRS3aDi0QFAm8?authuser=0&hl=en&g_ep=EgoyMDI2MDkyNy4xIJJjKgBIAVAD&rclk=1,NGO in Saket Delhi
SILF,0.0,32,SILF | 4.7(32) | Foundation · Gulmohar Commercial Complex | Closed · Opens 9:30 am Thu · 011 2460 3439,https://www.google.com/maps/place/SILF/data=!4m7!3m6!1s0x390ce1f4f6d5447b:0x1e5cc321acee8fa5!8m2!3d28.5578246!4d77.2081351!16s%2Fg%2F12hm55cvt!19sChIJe0TV9vThDDkRpY_urCHDXB4?authuser=0&hl=en&g_ep=EgoyMDI2MDkyNy4xIJJjKgBIAVAD&rclk=1,NGO in Saket Delhi
Minal Yuva Sangthan,0.0,11,"Minal Yuva Sangthan | 3.6(11) | Youth organization · House number N120 flate no-LG N- Block Hargovind enclave, near Zara Farm | Open · Closes 8 pm · 088390 16148",https://www.google.com/maps/place/Minal+Yuva+Sangthan/data=!4m7!3m6!1s0x390d1fd28a9952d3:0x6837f13dbca03e64!8m2!3d28.4902677!4d77.1902122!16s%2Fg%2F11pzfc99_h!19sChIJ01KZitIfDTkRZD6gvD3xN2g?authuser=0&hl=en&g_ep=EgoyMDI2MDkyNy4xIJJjKgBIAVAD&rclk=1,NGO in Saket Delhi
Haqdarshak Empowerment Solutions (Delhi Office),0.0,6,"Haqdarshak Empowerment Solutions (Delhi Office) | 4.8(6) | Social welfare center · 4th Floor, B, 32 | Closes soon · 6:30 pm · Opens 9:30 am Thu · 096507 18667",https://www.google.com/maps/place/Haqdarshak+Empowerment+Solutions+%28Delhi+Office%29/data=!4m7!3m6!1s0x390ce1e9df7bf607:0x2ddd55ba4cc1bfd1!8m2!3d28.5377866!4d77.1807817!16s%2Fg%2F11ny04js_b!19sChIJB_Z73-nhDDkR0b_BTLpV3S0?authuser=0&hl=en&g_ep=EgoyMDI2MDkyNy4xIJJjKgBIAVAD&rclk=1,NGO in Saket Delhi
Room to Read India Trust,0.0,13,"Room to Read India Trust | 4.7(13) | Corporate office ·  · Ç, 21, Qutab Institutional Area Rd | Closes soon · 6 pm · Opens 10 am Thu · 011 4666 4999",https://www.google.com/maps/place/Room+to+Read+India+Trust/data=!4m7!3m6!1s0x390d1b88e542d385:0x49cc05b20ba734d0!8m2!3d28.53725!4d77.1881421!16s%2Fg%2F11gj19ws2q!19sChIJhdNC5YgbDTkR0DSnC7IFzEk?authuser=0&hl=en&g_ep=EgoyMDI2MDkyNy4xIJJjKgBIAVAD&rclk=1,NGO in Saket Delhi
Savram Foundation,0.0,4,"Savram Foundation | 5.0(4) | Corporate office · A16/9, Poorvi Marg | 098100 77370",https://www.google.com/maps/place/Savram+Foundation/data=!4m7!3m6!1s0x390d1dbcc5f1cf63:0x977008244086e197!8m2!3d28.5603437!4d77.1673445!16s%2Fg%2F11h9zb4ldg!19sChIJY8_xxbwdDTkRl-GGQCQIcJc?authuser=0&hl=en&g_ep=EgoyMDI2MDkyNy4xIJJjKgBIAVAD&rclk=1,NGO in Saket Delhi
The Rakshin Project,0.0,1,The Rakshin Project | 5.0(1) | Non-profit organization · 665-666/2 | Closes soon · 6 pm · Opens 10 am Thu,https://www.google.com/maps/place/The+Rakshin+Project/data=!4m7!3m6!1s0x390d1f7b4002672f:0x944879ef600d2935!8m2!3d28.4979396!4d77.14391!16s%2Fg%2F11rt8ym9lq!19sChIJL2cCQHsfDTkRNSkNYO95SJQ?authuser=0&hl=en&g_ep=EgoyMDI2MDkyNy4xIJJjKgBIAVAD&rclk=1,NGO in Saket Delhi
Friedrich-Ebert-Stiftung,0.0,11,"Friedrich-Ebert-Stiftung | 4.2(11) | Non-profit organization · K-70B, Hauz Khas Enclave | Closed · Opens 8:30 am Thu",https://www.google.com/maps/place/Friedrich-Ebert-Stiftung/data=!4m7!3m6!1s0x390ce20c14000001:0xcca4703b915e6e11!8m2!3d28.5488217!4d77.2003917!16s%2Fg%2F1wd3tf3j!19sChIJAQAAFAziDDkREW5ekTtwpMw?authuser=0&hl=en&g_ep=EgoyMDI2MDkyNy4xIJJjKgBIAVAD&rclk=1,NGO in Saket Delhi
Little Umbrella Foundation | Not for Profit | Children's NGO,0.0,70,Little Umbrella Foundation | Not for Profit | Children's NGO | 4.9(70) | Non-governmental organization | Closed · Opens 9 am Thu · 092115 07277,https://www.google.com/maps/place/Little+Umbrella+Foundation+%7C+Not+for+Profit+%7C+Children%27s+NGO/data=!4m7!3m6!1s0x390ce199ab4d002f:0x72c588e76f1591af!8m2!3d21.0680074!4d82.7525294!16s%2Fg%2F11fr61bzfl!19sChIJLwBNq5nhDDkRr5EVb-eIxXI?authuser=0&hl=en&g_ep=EgoyMDI2MDkyNy4xIJJjKgBIAVAD&rclk=1,NGO in Saket Delhi
Smilynation Foundation,0.0,17,"Smilynation Foundation | 5.0(17) | Social services organization · G673+22X, IGNOU Rd | Temporarily closed · 078272 28111",https://www.google.com/maps/place/Smilynation+Foundation/data=!4m7!3m6!1s0x390ce1e5e96ffff9:0xb27eec856a9fc637!8m2!3d28.5126167!4d77.2026194!16s%2Fg%2F11gdc_d4sj!19sChIJ-f9v6eXhDDkRN8afaoXsfrI?authuser=0&hl=en&g_ep=EgoyMDI2MDkyNy4xIJJjKgBIAVAD&rclk=1,NGO in Saket Delhi
Vastradan,0.0,1,Vastradan | 5.0(1) | Charity · H-55A | Temporarily closed · 011 4105 4000,https://www.google.com/maps/place/Vastradan/data=!4m7!3m6!1s0x390ce1edf6290365:0x6ad436faeb43e40!8m2!3d28.5195345!4d77.2121628!16s%2Fg%2F11pcklt6df!19sChIJZQMp9u3hDDkRQD60rm9DrQY?authuser=0&hl=en&g_ep=EgoyMDI2MDkyNy4xIJJjKgBIAVAD&rclk=1,NGO in Saket Delhi
Vardaan Senior Citizen Center - Dementia and Paralytic Care,0.0,78,Vardaan Senior Citizen Center - Dementia and Paralytic Care | 4.8(78) | Senior citizen center ·  · B-100 | Temporarily closed · 011 4601 8202,https://www.google.com/maps/place/Vardaan+Senior+Citizen+Center+-+Dementia+and+Paralytic+Care/data=!4m7!3m6!1s0x390ce218d4633ee5:0xcd51a927a0e04ded!8m2!3d28.5348256!4d77.2089284!16s%2Fg%2F11cnzb0rmb!19sChIJ5T5j1BjiDDkR7U3goCepUc0?authuser=0&hl=en&g_ep=EgoyMDI2MDkyNy4xIJJjKgBIAVAD&rclk=1,NGO in Saket Delhi
EkamSikh Trust,0.0,2,"EkamSikh Trust | 5.0(2) | Non-profit organization · 8398, Sector C, Pocket 8, Vasant Kunj | Temporarily closed · 099100 91717",https://www.google.com/maps/place/EkamSikh+Trust/data=!4m7!3m6!1s0x390d1c31baaaaaab:0x6e4941d86c9a416a!8m2!3d28.5378812!4d77.1406069!16s%2Fg%2F11g01_ds58!19sChIJq6qqujEcDTkRakGabNhBSW4?authuser=0&hl=en&g_ep=EgoyMDI2MDkyNy4xIJJjKgBIAVAD&rclk=1,NGO in Saket Delhi
Bal Umang Drishya Sanstha,0.0,135,Bal Umang Drishya Sanstha | 4.9(135) | Non-profit organization · E-10 | Open · Closes 5:30 am Thu · 011 4166 1237,https://www.google.com/maps/place/Bal+Umang+Drishya+Sanstha/data=!4m7!3m6!1s0x390ce273e129d8f3:0xabb9041b52a3fd16!8m2!3d28.5570197!4d77.2042738!16s%2Fg%2F11fn4nkq0k!19sChIJ89gp4XPiDDkRFv2jUhsEuas?authuser=0&hl=en&g_ep=EgoyMDI2MDkyNy4xIJJjKgBIAVAD&rclk=1,NGO in Hauz Khas Delhi
Centre For Holistic Development-CHD,0.0,139,"Centre For Holistic Development-CHD | 4.9(139) | Non-profit organization · 253, First Floor, Ch. Ishwar Singh Complex, Gora St | Open 24 hours · 098113 27037",https://www.google.com/maps/place/Centre+For+Holistic+Development-CHD/data=!4m7!3m6!1s0x390ce213f8230c21:0x8759cb9ec820f04b!8m2!3d28.5487115!4d77.2115188!16s%2Fg%2F11b6wlw8_d!19sChIJIQwj-BPiDDkRS_AgyJ7LWYc?authuser=0&hl=en&g_ep=EgoyMDI2MDkyNy4xIJJjKgBIAVAD&rclk=1,NGO in Hauz Khas Delhi
SRUTI,0.0,4,"SRUTI | 4.5(4) | Environmental Protection Organization · second floor, 303/4 | Closed · Opens 9:30 am Thu · 011 2656 9023",https://www.google.com/maps/place/SRUTI/data=!4m7!3m6!1s0x390ce30eb0dfe421:0xd37bbb867f8987a8!8m2!3d28.5501329!4d77.2047888!16s%2Fg%2F11fs9n0y1s!19sChIJIeTfsA7jDDkRqIeJf4a7e9M?authuser=0&hl=en&g_ep=EgoyMDI2MDkyNy4xIJJjKgBIAVAD&rclk=1,NGO in Hauz Khas Delhi
HelpAge India,0.0,166,"HelpAge India | 4.6(166) | Non-profit organization ·  · C-14, C14 | Closed · Opens 9:15 am Thu · 1800 180 1253",https://www.google.com/maps/place/HelpAge+India/data=!4m7!3m6!1s0x390d1dfa3e2411b5:0xccd66038465a9252!8m2!3d28.5370597!4d77.1885851!16s%2Fg%2F1w97ssn9!19sChIJtREkPvodDTkRUpJaRjhg1sw?authuser=0&hl=en&g_ep=EgoyMDI2MDkyNy4xIJJjKgBIAVAD&rclk=1,NGO in Hauz Khas Delhi
Family Health and Education,0.0,6,"Family Health and Education | 4.8(6) | Non-governmental organization · Ground Floor, A/72 | Closed · Opens 10 am Thu · 011 2652 7672",https://www.google.com/maps/place/Family+Health+and+Education/data=!4m7!3m6!1s0x390ce2134e22ab1d:0x47269583ef1de60b!8m2!3d28.5536984!4d77.2110826!16s%2Fg%2F1pp2tzj66!19sChIJHasiThPiDDkRC-Yd74OVJkc?authuser=0&hl=en&g_ep=EgoyMDI2MDkyNy4xIJJjKgBIAVAD&rclk=1,NGO in Hauz Khas Delhi
Delhi Citizen Forum for Civil Rights,0.0,3,Delhi Citizen Forum for Civil Rights | 5.0(3) | Volunteer organization | Open · Closes 7 pm · 098111 80788,https://www.google.com/maps/place/Delhi+Citizen+Forum+for+Civil+Rights/data=!4m7!3m6!1s0x390ce1f3003c52e1:0x557e2ec587c1e6ee!8m2!3d28.5495484!4d77.2017407!16s%2Fg%2F11f1p94v03!19sChIJ4VI8APPhDDkR7ubBh8UuflU?authuser=0&hl=en&g_ep=EgoyMDI2MDkyNy4xIJJjKgBIAVAD&rclk=1,NGO in Hauz Khas Delhi
Uday Foundation,0.0,1451,"Uday Foundation | 4.8(1,451) | Non-governmental organization · D-233 (LGF | Closes soon · 6 pm · Opens 9:30 am Thu · 011 4109 8444",https://www.google.com/maps/place/Uday+Foundation/data=!4m7!3m6!1s0x390ce2065ffcf913:0x8600ff7c78407224!8m2!3d28.5385734!4d77.2035696!16s%2Fg%2F1tgtcwbr!19sChIJE_n8XwbiDDkRJHJAeHz_AIY?authuser=0&hl=en&g_ep=EgoyMDI2MDkyNy4xIJJjKgBIAVAD&rclk=1,NGO in Hauz Khas Delhi
Bhavya Building Contractor,0.0,71,"Bhavya Building Contractor | 4.6(71) | Tanning salon ·  · Near, Chor Minar Rd | Closes soon · 6 pm · Opens 10 am Thu · 011 4165 6266",https://www.google.com/maps/place/Bhavya+Building+Contractor/data=!4m7!3m6!1s0x390ce2128e9a99af:0x2c47a0a974e2c404!8m2!3d28.5474139!4d77.2048129!16s%2Fg%2F11cnz7_k05!19sChIJr5majhLiDDkRBMTidKmgRyw?authuser=0&hl=en&g_ep=EgoyMDI2MDkyNy4xIJJjKgBIAVAD&rclk=1,NGO in Hauz Khas Delhi
Digital Empowerment Foundation,0.0,92,"Digital Empowerment Foundation | 4.5(92) | Non-profit organization · House No# 44, 2nd & 3rd Floor, Kalu Sarai, near Naraina IIT Academy | Open · Closes 8:30 pm · 011 2653 2786",https://www.google.com/maps/place/Digital+Empowerment+Foundation/data=!4m7!3m6!1s0x390ce2057edc1c21:0x11b7944a22c81a7e!8m2!3d28.5414734!4d77.2031282!16s%2Fg%2F11b6b39m6j!19sChIJIRzcfgXiDDkRfhrIIkqUtxE?authuser=0&hl=en&g_ep=EgoyMDI2MDkyNy4xIJJjKgBIAVAD&rclk=1,NGO in Hauz Khas Delhi
The VIDYA Foundation,0.0,39,The VIDYA Foundation | 4.6(39) | Foundation ·  · Dr. Ambedkar Basti | Open · Closes 5:30 am Thu · 085870 65677,https://www.google.com/maps/place/The+VIDYA+Foundation/data=!4m7!3m6!1s0x390d1d09c662473f:0xf11c3804b550804e!8m2!3d28.5685692!4d77.179151!16s%2Fg%2F11cs3w2vlk!19sChIJP0dixgkdDTkRToBQtQQ4HPE?authuser=0&hl=en&g_ep=EgoyMDI2MDkyNy4xIJJjKgBIAVAD&rclk=1,NGO in Hauz Khas Delhi
Centre for Civil Society,0.0,81,"Centre for Civil Society | 4.6(81) | Association / Organization · Ground Floor, Block A, A-69 | Closes soon · 6:30 pm · Opens 10 am Thu · 011 2653 7456",https://www.google.com/maps/place/Centre+for+Civil+Society/data=!4m7!3m6!1s0x390ce2134f81ff19:0x6053802de1118894!8m2!3d28.553299!4d77.2109793!16s%2Fg%2F1td6dvtx!19sChIJGf-BTxPiDDkRlIgR4S2AU2A?authuser=0&hl=en&g_ep=EgoyMDI2MDkyNy4xIJJjKgBIAVAD&rclk=1,NGO in Hauz Khas Delhi
Swasti - The Health Catalyst,0.0,6,"Swasti - The Health Catalyst | 4.3(6) | Non-profit organization · Ground floor, Usha Niketan, C-23 | Open · Closes 12 am · 080 2341 9616",https://www.google.com/maps/place/Swasti+-+The+Health+Catalyst/data=!4m7!3m6!1s0x390ce26b61b47127:0xa84cfdb1410c8f1a!8m2!3d28.5508299!4d77.1993721!16s%2Fg%2F12hlf7pvp!19sChIJJ3G0YWviDDkRGo8MQbH9TKg?authuser=0&hl=en&g_ep=EgoyMDI2MDkyNy4xIJJjKgBIAVAD&rclk=1,NGO in Hauz Khas Delhi
Chintan Environmental Research and Action Group,0.0,62,"Chintan Environmental Research and Action Group | 4.0(62) | Non-profit organization ·  · C-14, Second Floor | Closes soon · 6 pm · Opens 10 am Thu · 011 4657 4171",https://www.google.com/maps/place/Chintan+Environmental+Research+and+Action+Group/data=!4m7!3m6!1s0x390ce24d649855bd:0x2d0dbe02f2d778b2!8m2!3d28.567625!4d77.23846!16s%2Fg%2F11b77fyx0s!19sChIJvVWYZE3iDDkRsnjX8gK-DS0?authuser=0&hl=en&g_ep=EgoyMDI2MDkyNy4xIJJjKgBIAVAD&rclk=1,NGO in Hauz Khas Delhi
Draupadi Dream Trust,0.0,1,"Draupadi Dream Trust | 5.0(1) | Association / Organization · Mayfair Apartments, 71 | Closes soon · 6 pm · Opens 9 am Thu · 098110 32388",https://www.google.com/maps/place/Draupadi+Dream+Trust/data=!4m7!3m6!1s0x390ce213fdf40631:0x94428a501cabc06b!8m2!3d28.5468489!4d77.2086306!16s%2Fg%2F1ptx3xkf4!19sChIJMQb0_RPiDDkRa8CrHFCKQpQ?authuser=0&hl=en&g_ep=EgoyMDI2MDkyNy4xIJJjKgBIAVAD&rclk=1,NGO in Hauz Khas Delhi
The Humsafar Trust - Delhi,0.0,28,"The Humsafar Trust - Delhi | 4.5(28) | Non-profit organization ·  · 1st Floor, Sant Nagar, # 75 Back Side Land mark, next to MCD Primary School | Closes soon · 6 pm · Opens 10 am Thu · 022 2665 0547",https://www.google.com/maps/place/The+Humsafar+Trust+-+Delhi/data=!4m7!3m6!1s0x390ce3c4ff73a00b:0xe8fbe92feac3090d!8m2!3d28.5536972!4d77.2488954!16s%2Fg%2F11nlc1gb3x!19sChIJC6Bz_8TjDDkRDQnD6i_p--g?authuser=0&hl=en&g_ep=EgoyMDI2MDkyNy4xIJJjKgBIAVAD&rclk=1,NGO in Hauz Khas Delhi
Access,0.0,32,"Access | 4.4(32) | Association / Organization ·  · Ground Floor, 22 | Closed · Opens 9 am Thu · 011 4878 7500",https://www.google.com/maps/place/Access/data=!4m7!3m6!1s0x390ce2756208396b:0x5776f79f9621b2dd!8m2!3d28.5549282!4d77.1942956!16s%2Fg%2F1q660m1pj!19sChIJazkIYnXiDDkR3bIhlp_3dlc?authuser=0&hl=en&g_ep=EgoyMDI2MDkyNy4xIJJjKgBIAVAD&rclk=1,NGO in Hauz Khas Delhi
sumaitri,0.0,10,"sumaitri | 4.2(10) | Volunteer organization ·  · Ground Floor, 86/3 | Closed · Opens 12:30 pm Thu · 011 4601 8404",https://www.google.com/maps/place/sumaitri/data=!4m7!3m6!1s0x390cfd2cb29fc7b5:0x1e2f0644ab6f2b6!8m2!3d28.5525202!4d77.1940639!16s%2Fg%2F11fpl1pqbs!19sChIJtcefsiz9DDkRtvK2SmTw4gE?authuser=0&hl=en&g_ep=EgoyMDI2MDkyNy4xIJJjKgBIAVAD&rclk=1,NGO in Hauz Khas Delhi
NAB India Centre for Blind Women & Disability Studies,0.0,43,"NAB India Centre for Blind Women & Disability Studies | 4.8(43) | Non-profit organization ·  · L, 25, near Chor Minar Road | Closes soon · 6 pm · Opens 10 am Thu · 011 4165 6266",https://www.google.com/maps/place/NAB+India+Centre+for+Blind+Women+%26+Disability+Studies/data=!4m7!3m6!1s0x390ce34e11c3a4a5:0xfe0e547d6a0a0a01!8m2!3d28.547569!4d77.2052273!16s%2Fg%2F11rd5vqmqf!19sChIJpaTDEU7jDDkRAQoKan1UDv4?authuser=0&hl=en&g_ep=EgoyMDI2MDkyNy4xIJJjKgBIAVAD&rclk=1,NGO in Hauz Khas Delhi
National Institute of Public Cooperation and Child Development.,0.0,371,"National Institute of Public Cooperation and Child Development. | 4.3(371) | Association / Organization ·  · 5, August Kranti Marg, Opposite to Police Station | Closed · Opens 9 am Thu · 011 2651 5579",https://www.google.com/maps/place/National+Institute+of+Public+Cooperation+and+Child+Development./data=!4m7!3m6!1s0x390ce213ba50e92b:0xdabb5eaa4b351de6!8m2!3d28.5499442!4d77.2096098!16s%2Fg%2F1td2f8p5!19sChIJK-lQuhPiDDkR5h01S6peu9o?authuser=0&hl=en&g_ep=EgoyMDI2MDkyNy4xIJJjKgBIAVAD&rclk=1,NGO in Hauz Khas Delhi
Navdanya Head Office,0.0,13,"Navdanya Head Office | 4.3(13) | Non-governmental organization · A-60, Hauz Khas | Closed · Opens 10 am Thu · 011 2696 8077",https://www.google.com/maps/place/Navdanya+Head+Office/data=!4m7!3m6!1s0x390d1d8baaaaaaab:0x6ff19f9541bbe55f!8m2!3d28.5524264!4d77.2103936!16s%2Fg%2F1tdgssdk!19sChIJq6qqqosdDTkRX-W7QZWf8W8?authuser=0&hl=en&g_ep=EgoyMDI2MDkyNy4xIJJjKgBIAVAD&rclk=1,NGO in Hauz Khas Delhi
Blind to visionaries trust (For blinds only),0.0,1,Blind to visionaries trust (For blinds only) | 5.0(1) | Education center · 1/4 sarava priya vihar near hauz khas metro gate number 1 | Closes soon · 6 pm · Opens 10 am Thu · 070429 53275,https://www.google.com/maps/place/Blind+to+visionaries+trust+%28For+blinds+only%29/data=!4m7!3m6!1s0x390ce3a275827417:0x5c8efac2a7a75107!8m2!3d28.5439522!4d77.2062138!16s%2Fg%2F11skgzj7rq!19sChIJF3SCdaLjDDkRB1Gnp8L6jlw?authuser=0&hl=en&g_ep=EgoyMDI2MDkyNy4xIJJjKgBIAVAD&rclk=1,NGO in Hauz Khas Delhi
End AIDS India Campaign,0.0,104,"End AIDS India Campaign | 4.1(104) | Non-profit organization · 6, Community Center, Kailash Colony | Open · Closes 9 pm · 011 4536 7700",https://www.google.com/maps/place/End+AIDS+India+Campaign/data=!4m7!3m6!1s0x390ce2359e880a8d:0xa032d5d9619d4d80!8m2!3d28.5558807!4d77.2382973!16s%2Fg%2F1q628pqx0!19sChIJjQqInjXiDDkRgE2dYdnVMqA?authuser=0&hl=en&g_ep=EgoyMDI2MDkyNy4xIJJjKgBIAVAD&rclk=1,NGO in Hauz Khas Delhi
CARE PROMISE WELFARE SOCIETY,0.0,10,"CARE PROMISE WELFARE SOCIETY | 4.1(10) | Social welfare center · Office 331, First Floor, National Office Registered | Closes soon · 6 pm · Opens 9 am Thu · 099908 98404",https://www.google.com/maps/place/CARE+PROMISE+WELFARE+SOCIETY/data=!4m7!3m6!1s0x390ce3c8609e7da9:0xea21faaf456826f9!8m2!3d28.5541775!4d77.2512917!16s%2Fg%2F1pp2tvrmn!19sChIJqX2eYMjjDDkR-SZoRa_6Ieo?authuser=0&hl=en&g_ep=EgoyMDI2MDkyNy4xIJJjKgBIAVAD&rclk=1,NGO in Hauz Khas Delhi
NLR INDIA FOUNDATION,0.0,15,NLR INDIA FOUNDATION | 4.7(15) | Non-profit organization · C4/139 First Floor | Closed · Opens 9:30 am Thu · 011 2661 1216,https://www.google.com/maps/place/NLR+INDIA+FOUNDATION/data=!4m7!3m6!1s0x390ce39d343d47b5:0xc418ef75f06b236d!8m2!3d28.5503775!4d77.1983935!16s%2Fg%2F11h2b7dryx!19sChIJtUc9NJ3jDDkRbSNr8HXvGMQ?authuser=0&hl=en&g_ep=EgoyMDI2MDkyNy4xIJJjKgBIAVAD&rclk=1,NGO in Hauz Khas Delhi
Red Paws Rescue Head Office,0.0,177,"Red Paws Rescue Head Office | 3.7(177) | Non-profit organization · 29A, 1st Floor, Hauz Khas Village | Open now",https://www.google.com/maps/place/Red+Paws+Rescue+Head+Office/data=!4m7!3m6!1s0x390d1d8aa6aaaaab:0xae5baddd75593f56!8m2!3d28.5540994!4d77.1945255!16s%2Fg%2F11c1_w5h9y!19sChIJq6qqpoodDTkRVj9Zdd2tW64?authuser=0&hl=en&g_ep=EgoyMDI2MDkyNy4xIJJjKgBIAVAD&rclk=1,NGO in Hauz Khas Delhi
ANGANA,0.0,19,ANGANA | 4.9(19) | Manufacturer · Shop No. 5 Plot No. 30 | Open · Closes 8:30 pm · 011 4156 3335,https://www.google.com/maps/place/ANGANA/data=!4m7!3m6!1s0x390ce3f05e089d8b:0x1188c33dc9dd630c!8m2!3d28.5527927!4d77.1948367!16s%2Fg%2F11tspvqvhm!19sChIJi50IXvDjDDkRDGPdyT3DiBE?authuser=0&hl=en&g_ep=EgoyMDI2MDkyNy4xIJJjKgBIAVAD&rclk=1,NGO in Hauz Khas Delhi
Foundation for Reproductive Health Services India,0.0,21,"Foundation for Reproductive Health Services India | 4.4(21) | Non-profit organization · First Floor, R-9 | Closes soon · 6:30 pm · Opens 9 am Thu · 011 4984 0000",https://www.google.com/maps/place/Foundation+for+Reproductive+Health+Services+India/data=!4m7!3m6!1s0x390ce26bb5197dff:0x22d52addad1d5eb6!8m2!3d28.5497832!4d77.2058798!16s%2Fg%2F11d_77hf_f!19sChIJ_30ZtWviDDkRtl4drd0q1SI?authuser=0&hl=en&g_ep=EgoyMDI2MDkyNy4xIJJjKgBIAVAD&rclk=1,NGO in Hauz Khas Delhi
WRI India,0.0,75,"WRI India | 4.6(75) | Non-profit organization · LGF AADI 2, Balbir Saxena Marg | Closes soon · 6 pm · Opens 10 am Thu · 011 2090 4223",https://www.google.com/maps/place/WRI+India/data=!4m7!3m6!1s0x390d1e419f4d2a0f:0x18d30ce90230905b!8m2!3d28.5566093!4d77.2092629!16s%2Fg%2F12ht0prp_!19sChIJDypNn0EeDTkRW5AwAukM0xg?authuser=0&hl=en&g_ep=EgoyMDI2MDkyNy4xIJJjKgBIAVAD&rclk=1,NGO in Hauz Khas Delhi
Humanity Foundation,0.0,356,"Humanity Foundation | 4.9(356) | Non-profit organization · Ground Floor, 11-A, A | Open · Closes 9 pm · 078276 63622",https://www.google.com/maps/place/Humanity+Foundation/data=!4m7!3m6!1s0x390ce2778455eea3:0x2baa36061b45898d!8m2!3d28.559283!4d77.2516211!16s%2Fg%2F11xbg6wfd!19sChIJo-5VhHfiDDkRjYlFGwY2qis?authuser=0&hl=en&g_ep=EgoyMDI2MDkyNy4xIJJjKgBIAVAD&rclk=1,NGO in Lajpat Nagar Delhi
Miracle Foundation India,0.0,37,"Miracle Foundation India | 4.0(37) | Non-profit organization · Upper Ground Floor, G29, behind Fab India | Closes soon · 6 pm · Opens 10 am Thu · 011 4950 6375",https://www.google.com/maps/place/Miracle+Foundation+India/data=!4m7!3m6!1s0x390ce15c652d76b1:0x75373ece2a25f1ec!8m2!3d28.5664528!4d77.2379811!16s%2Fg%2F11fd4q_lp8!19sChIJsXYtZVzhDDkR7PElKs4-N3U?authuser=0&hl=en&g_ep=EgoyMDI2MDkyNy4xIJJjKgBIAVAD&rclk=1,NGO in Lajpat Nagar Delhi
Indus Action,0.0,36,"Indus Action | 4.5(36) | Non-governmental organization ·  · G-7, 2nd Floor | Closes soon · 6 pm · Opens 9:30 am Thu · 011 4172 9407",https://www.google.com/maps/place/Indus+Action/data=!4m7!3m6!1s0x390ce28cbbebe04b:0x6b902b9e9145366e!8m2!3d28.5659345!4d77.2396897!16s%2Fg%2F11b6ggxqw3!19sChIJS-Dru4ziDDkRbjZFkZ4rkGs?authuser=0&hl=en&g_ep=EgoyMDI2MDkyNy4xIJJjKgBIAVAD&rclk=1,NGO in Lajpat Nagar Delhi
Maitrayana Charity Foundation,0.0,5,Maitrayana Charity Foundation | 4.4(5) | Non-profit organization · E-257 | Closed · Opens 9 am Thu · 079063 77749,https://www.google.com/maps/place/Maitrayana+Charity+Foundation/data=!4m7!3m6!1s0x390ce3909735d1e3:0xc6b6327716051de7!8m2!3d28.559579!4d77.241449!16s%2Fg%2F11tctm4r3v!19sChIJ49E1l5DjDDkR5x0FFncytsY?authuser=0&hl=en&g_ep=EgoyMDI2MDkyNy4xIJJjKgBIAVAD&rclk=1,NGO in Lajpat Nagar Delhi
Servants of People Society,0.0,50,"Servants of People Society | 4.4(50) | Foundation ·  · Lajpat Bhawan, National Park | Open · Closes 7 pm · 011 2628 6894",https://www.google.com/maps/place/Servants+of+People+Society/data=!4m7!3m6!1s0x390ce24c1c4ed6ed:0x6096dc30bc4a341f!8m2!3d28.562228!4d77.2348728!16s%2Fg%2F1tdkklsm!19sChIJ7dZOHEziDDkRHzRKvDDclmA?authuser=0&hl=en&g_ep=EgoyMDI2MDkyNy4xIJJjKgBIAVAD&rclk=1,NGO in Lajpat Nagar Delhi
Sai Prerna social welfare society,0.0,14,"Sai Prerna social welfare society | 5.0(14) | Non-profit organization · basement, E 80 | Open · Closes 6 am Thu · 011 2462 8295",https://www.google.com/maps/place/Sai+Prerna+social+welfare+society/data=!4m7!3m6!1s0x390ce3eca5c7da59:0xa0f56810f446c157!8m2!3d28.5617318!4d77.242679!16s%2Fg%2F11x7n0_s91!19sChIJWdrHpezjDDkRV8FG9BBo9aA?authuser=0&hl=en&g_ep=EgoyMDI2MDkyNy4xIJJjKgBIAVAD&rclk=1,NGO in Lajpat Nagar Delhi
INNOVATIVE EDUCATIONAL and WELFARE SOCIETY,0.0,3,INNOVATIVE EDUCATIONAL and WELFARE SOCIETY | 5.0(3) | Social welfare center · L-25 | Open 24 hours · 099990 01832,https://www.google.com/maps/place/INNOVATIVE+EDUCATIONAL+and+WELFARE+SOCIETY/data=!4m7!3m6!1s0x390ce3b2069331d1:0xa74804d8bc6c3eb6!8m2!3d28.5684431!4d77.2457831!16s%2Fg%2F11f1wl8g3q!19sChIJ0TGTBrLjDDkRtj5svNgESKc?authuser=0&hl=en&g_ep=EgoyMDI2MDkyNy4xIJJjKgBIAVAD&rclk=1,NGO in Lajpat Nagar Delhi
"BAL RAKSHA BHARAT, NGO in Delhi",0.0,218,"BAL RAKSHA BHARAT, NGO in Delhi | 4.5(218) | Non-governmental organization · D-61, Near, Sapna Cinema Rd | Closes soon · 6 pm · Opens 9 am Thu · 011 4053 8140","https://www.google.com/maps/place/BAL+RAKSHA+BHARAT,+NGO+in+Delhi/data=!4m7!3m6!1s0x390ce3592b243503:0xbdd31c072ed5d3d7!8m2!3d28.5580462!4d77.2482561!16s%2Fg%2F11h7fk3sms!19sChIJAzUkK1njDDkR19PVLgcc070?authuser=0&hl=en&g_ep=EgoyMDI2MDkyNy4xIJJjKgBIAVAD&rclk=1",NGO in Lajpat Nagar Delhi
Indian Brave Hearts (NGO),0.0,0,Indian Brave Hearts (NGO) | No reviews | Social services organization · 156 | Open 24 hours,https://www.google.com/maps/place/Indian+Brave+Hearts+%28NGO%29/data=!4m7!3m6!1s0x390ce32328baf875:0xcd5ca287d02c8d4a!8m2!3d28.5673115!4d77.2491628!16s%2Fg%2F11t8dffbzb!19sChIJdfi6KCPjDDkRSo0s0IeiXM0?authuser=0&hl=en&g_ep=EgoyMDI2MDkyNy4xIJJjKgBIAVAD&rclk=1,NGO in Lajpat Nagar Delhi
NGOs India Consultancy,0.0,34,NGOs India Consultancy | 4.5(34) | Consultant · 23 | Open · Closes 8 pm · 093113 30044,https://www.google.com/maps/place/NGOs+India+Consultancy/data=!4m7!3m6!1s0x390ce3b200cc7ae9:0xdcad218639d0a4a2!8m2!3d28.5686123!4d77.2459172!16s%2Fg%2F11lv_m46mb!19sChIJ6XrMALLjDDkRoqTQOYYhrdw?authuser=0&hl=en&g_ep=EgoyMDI2MDkyNy4xIJJjKgBIAVAD&rclk=1,NGO in Lajpat Nagar Delhi
Lords Education and Health Society (LEHS),0.0,29,"Lords Education and Health Society (LEHS) | 4.5(29) | Foundation ·  · 70, Ring Rd | Open · Closes 7 pm",https://www.google.com/maps/place/Lords+Education+and+Health+Society+%28LEHS%29/data=!4m7!3m6!1s0x390ce31711b56db7:0xd8f3382e5c735aa8!8m2!3d28.5655146!4d77.2436994!16s%2Fg%2F11gmwzq136!19sChIJt221ERfjDDkRqFpzXC4489g?authuser=0&hl=en&g_ep=EgoyMDI2MDkyNy4xIJJjKgBIAVAD&rclk=1,NGO in Lajpat Nagar Delhi
SAMARTHANAM TRUST FOR THE DISABLED,0.0,78,"SAMARTHANAM TRUST FOR THE DISABLED | 4.5(78) | Non-profit organization ·  · B-89, Amar Colony, near Ragunath Temple | Closes soon · 6 pm · Opens 9:30 am Thu · 011 4904 9515",https://www.google.com/maps/place/SAMARTHANAM+TRUST+FOR+THE+DISABLED/data=!4m7!3m6!1s0x390ce3a63c4146a5:0xe7d23f0257cfd56e!8m2!3d28.5623054!4d77.2435581!16s%2Fg%2F11q1vqcvxp!19sChIJpUZBPKbjDDkRbtXPVwI_0uc?authuser=0&hl=en&g_ep=EgoyMDI2MDkyNy4xIJJjKgBIAVAD&rclk=1,NGO in Lajpat Nagar Delhi
Binary Foundation,0.0,4,Binary Foundation | 5.0(4) | Non-profit organization · 17 | 092893 12244,https://www.google.com/maps/place/Binary+Foundation/data=!4m7!3m6!1s0x390ce386f3e3ff47:0x877fced664821d73!8m2!3d28.5626895!4d77.2371025!16s%2Fg%2F11vz94yn_9!19sChIJR__j84bjDDkRcx2CZNbOf4c?authuser=0&hl=en&g_ep=EgoyMDI2MDkyNy4xIJJjKgBIAVAD&rclk=1,NGO in Lajpat Nagar Delhi
Concern India Foundation,0.0,3,"Concern India Foundation | 3.7(3) | Non-profit organization · A-38, 1st Floor, Lajpat Nagar IV | 011 4656 2485",https://www.google.com/maps/place/Concern+India+Foundation/data=!4m7!3m6!1s0x390ce34c30147ef9:0x1618c9f851aba8a9!8m2!3d28.5624709!4d77.2411149!16s%2Fg%2F11gjzmdcqh!19sChIJ-X4UMEzjDDkRqairUfjJGBY?authuser=0&hl=en&g_ep=EgoyMDI2MDkyNy4xIJJjKgBIAVAD&rclk=1,NGO in Lajpat Nagar Delhi
Mental Health Foundation,0.0,33,Mental Health Foundation | 4.5(33) | Non-profit organization ·  · Mohammadpur Main Road Mohammadpur Rama Krishna Puram | Closed · Opens 10 am Thu · 098910 09523,https://www.google.com/maps/place/Mental+Health+Foundation/data=!4m7!3m6!1s0x390ce3ab03b8fcaf:0xc9c01774db41d6a1!8m2!3d28.5767773!4d77.2428307!16s%2Fg%2F11g8_5jr59!19sChIJr_y4A6vjDDkRodZB23QXwMk?authuser=0&hl=en&g_ep=EgoyMDI2MDkyNy4xIJJjKgBIAVAD&rclk=1,NGO in Lajpat Nagar Delhi
Breakthrough Trust,0.0,71,"Breakthrough Trust | 4.4(71) | Charity · Plot-3, DDA Community Centre, Zamrudpur | Open · Closes 7 pm · 0651 655 4442",https://www.google.com/maps/place/Breakthrough+Trust/data=!4m7!3m6!1s0x390ce3cb0faa4309:0xd2860a3125fc4a3a!8m2!3d28.5556893!4d77.2386541!16s%2Fg%2F11b90bwb72!19sChIJCUOqD8vjDDkROkr8JTEKhtI?authuser=0&hl=en&g_ep=EgoyMDI2MDkyNy4xIJJjKgBIAVAD&rclk=1,NGO in Lajpat Nagar Delhi
Socio-Legal Information Centre - Human Rights Law Network,0.0,231,"Socio-Legal Information Centre - Human Rights Law Network | 4.3(231) | Non-profit organization ·  · 576, Masjid Rd | Closes soon · 6 pm · Opens 9:30 am Thu · 011 2437 4501",https://www.google.com/maps/place/Socio-Legal+Information+Centre+-+Human+Rights+Law+Network/data=!4m7!3m6!1s0x390ce255695f1bb3:0x9b97268949b782dc!8m2!3d28.5810347!4d77.2484684!16s%2Fg%2F1tlc6fst!19sChIJsxtfaVXiDDkR3IK3SYkml5s?authuser=0&hl=en&g_ep=EgoyMDI2MDkyNy4xIJJjKgBIAVAD&rclk=1,NGO in Lajpat Nagar Delhi
MC Mehta Environmental Foundation,0.0,14,MC Mehta Environmental Foundation | 4.7(14) | Association / Organization · A3 | Closes soon · 6 pm · Opens 10 am Thu · 011 4175 6519,https://www.google.com/maps/place/MC+Mehta+Environmental+Foundation/data=!4m7!3m6!1s0x390ce24e81922dc5:0xcce35e314da06a53!8m2!3d28.5644837!4d77.2346575!16s%2Fg%2F11cn7wbnh5!19sChIJxS2SgU7iDDkRU2qgTTFe48w?authuser=0&hl=en&g_ep=EgoyMDI2MDkyNy4xIJJjKgBIAVAD&rclk=1,NGO in Lajpat Nagar Delhi
iVolunteer Delhi,0.0,47,"iVolunteer Delhi | 4.6(47) | Non-profit organization · First Floor, D-134 | Closes soon · 6 pm · Opens 10 am Thu · 011 6567 2160",https://www.google.com/maps/place/iVolunteer+Delhi/data=!4m7!3m6!1s0x390ce3c9fc1fbb03:0x36775a80e38c9e82!8m2!3d28.557059!4d77.2466245!16s%2Fg%2F12cnrb6z6!19sChIJA7sf_MnjDDkRgp6M44BadzY?authuser=0&hl=en&g_ep=EgoyMDI2MDkyNy4xIJJjKgBIAVAD&rclk=1,NGO in Lajpat Nagar Delhi
Anukulan NGO,0.0,1,Anukulan NGO | 4.0(1) | Social services organization · A 284 | Open 24 hours · 098115 29966,https://www.google.com/maps/place/Anukulan+NGO/data=!4m7!3m6!1s0x390ce356c65be6e1:0x4bb96c7ee7c37ce9!8m2!3d28.5725653!4d77.2351491!16s%2Fg%2F11rpt7mtb2!19sChIJ4eZbxlbjDDkR6XzD535suUs?authuser=0&hl=en&g_ep=EgoyMDI2MDkyNy4xIJJjKgBIAVAD&rclk=1,NGO in Lajpat Nagar Delhi
Parivar Seva Sanstha,0.0,78,"Parivar Seva Sanstha | 4.3(78) | Non-profit organization · C-374, Chetna Marg | Open · Closes 7:30 pm · 011 2433 7712",https://www.google.com/maps/place/Parivar+Seva+Sanstha/data=!4m7!3m6!1s0x390ce251d2b8c6c5:0x85dfb5f2496eba8b!8m2!3d28.5680328!4d77.2319568!16s%2Fg%2F11bwn7djrl!19sChIJxca40lHiDDkRi7puSfK134U?authuser=0&hl=en&g_ep=EgoyMDI2MDkyNy4xIJJjKgBIAVAD&rclk=1,NGO in Lajpat Nagar Delhi
Charitable Medical Clinic in Delhi - SOPS | NGO in India,0.0,4,Charitable Medical Clinic in Delhi - SOPS | NGO in India | 4.0(4) | Free clinic · H66Q+9JP | Open 24 hours · 011 2628 6894,https://www.google.com/maps/place/Charitable+Medical+Clinic+in+Delhi+-+SOPS+%7C+NGO+in+India/data=!4m7!3m6!1s0x390ce355f588291d:0xa2b0284056c0a962!8m2!3d28.5609689!4d77.2390677!16s%2Fg%2F11g0g6k69m!19sChIJHSmI9VXjDDkRYqnAVkAosKI?authuser=0&hl=en&g_ep=EgoyMDI2MDkyNy4xIJJjKgBIAVAD&rclk=1,NGO in Lajpat Nagar Delhi
People to People Health Foundation (PPHF),0.0,6,People to People Health Foundation (PPHF) | 4.7(6) | Foundation · 45 | Closed · Opens 9:30 am Thu · 011 4352 3008,https://www.google.com/maps/place/People+to+People+Health+Foundation+%28PPHF%29/data=!4m7!3m6!1s0x390d1d916aaaaaab:0xce7e6ecac6c3a751!8m2!3d28.567449!4d77.237881!16s%2Fg%2F11j302fhlb!19sChIJq6qqapEdDTkRUafDxspufs4?authuser=0&hl=en&g_ep=EgoyMDI2MDkyNy4xIJJjKgBIAVAD&rclk=1,NGO in Lajpat Nagar Delhi
Sahyog Charitable Trust,0.0,13,"Sahyog Charitable Trust | 4.2(13) | Non-profit organization · 187, LOWER Ground | 070428 84603",https://www.google.com/maps/place/Sahyog+Charitable+Trust/data=!4m7!3m6!1s0x390ce3a446aaaaab:0x3e4408a9150d457f!8m2!3d28.5736253!4d77.2559612!16s%2Fg%2F11c1x5vn8v!19sChIJq6qqRqTjDDkRf0UNFakIRD4?authuser=0&hl=en&g_ep=EgoyMDI2MDkyNy4xIJJjKgBIAVAD&rclk=1,NGO in Lajpat Nagar Delhi
India Cares (Clinic) New Delhi,0.0,172,"India Cares (Clinic) New Delhi | 4.4(172) | HIV testing center ·  · B-22, Lajpat Nagar Bridge | Open · Closes 10 pm · 011 4686 6801",https://www.google.com/maps/place/India+Cares+%28Clinic%29+New+Delhi/data=!4m7!3m6!1s0x390ce222c42865b7:0xc37a2150ffcc4e17!8m2!3d28.5729223!4d77.2379623!16s%2Fg%2F1tdp3f14!19sChIJt2UoxCLiDDkRF07M_1AhesM?authuser=0&hl=en&g_ep=EgoyMDI2MDkyNy4xIJJjKgBIAVAD&rclk=1,NGO in Lajpat Nagar Delhi
Sajag Sarthak Foundation,0.0,9,Sajag Sarthak Foundation | 4.6(9) | Non-profit organization · A-19/22 GF | Open · Closes 8 pm,https://www.google.com/maps/place/Sajag+Sarthak+Foundation/data=!4m7!3m6!1s0x390ce3bf3ae67349:0x311547b1451e5956!8m2!3d28.5596144!4d77.2269008!16s%2Fg%2F11txhsvsqv!19sChIJSXPmOr_jDDkRVlkeRbFHFTE?authuser=0&hl=en&g_ep=EgoyMDI2MDkyNy4xIJJjKgBIAVAD&rclk=1,NGO in Lajpat Nagar Delhi
Dulari Devi Foundation,0.0,26,"Dulari Devi Foundation | 4.4(26) | Foundation · Ground Floor, 2/46, near Kashmiri Park Road | Open 24 hours · 095826 31192",https://www.google.com/maps/place/Dulari+Devi+Foundation/data=!4m7!3m6!1s0x390ce2598b6c3809:0x39a0e844e7cf3728!8m2!3d28.5810612!4d77.2480146!16s%2Fg%2F11h8j5vtwc!19sChIJCThsi1niDDkRKDfP50TooDk?authuser=0&hl=en&g_ep=EgoyMDI2MDkyNy4xIJJjKgBIAVAD&rclk=1,NGO in Lajpat Nagar Delhi
An Initiative Touch Your Soul (AITYS),0.0,6,"An Initiative Touch Your Soul (AITYS) | 5.0(6) | Non-profit organization · 97, Mount Kailash | Open · Closes 7 pm · 088020 23316",https://www.google.com/maps/place/An+Initiative+Touch+Your+Soul+%28AITYS%29/data=!4m7!3m6!1s0x390ce3c9626aaaab:0x2aa89d2cf8ebf894!8m2!3d28.552864!4d77.2468368!16s%2Fg%2F11t8yjp2d_!19sChIJq6pqYsnjDDkRlPjr-CydqCo?authuser=0&hl=en&g_ep=EgoyMDI2MDkyNy4xIJJjKgBIAVAD&rclk=1,NGO in Lajpat Nagar Delhi
Railway Children India,0.0,102,"Railway Children India | 4.8(102) | Non-governmental organization · community centre, 7 | Closes soon · 6 pm · Opens 9 am Thu · 088002 16194",https://www.google.com/maps/place/Railway+Children+India/data=!4m7!3m6!1s0x390d1d5d685f541f:0xc85597f513f6b150!8m2!3d28.558397!4d77.2462306!16s%2Fg%2F11c2q3l70m!19sChIJH1RfaF0dDTkRULH2E_WXVcg?authuser=0&hl=en&g_ep=EgoyMDI2MDkyNy4xIJJjKgBIAVAD&rclk=1,NGO in Lajpat Nagar Delhi
"Child Welfare Committee' office, Lajpat Nagar",0.0,7,"Child Welfare Committee' office, Lajpat Nagar | 5.0(7) | Government office ·  · H6CV+QV2 | Closed · Opens 10 am Thu","https://www.google.com/maps/place/Child+Welfare+Committee%27+office,+Lajpat+Nagar/data=!4m7!3m6!1s0x390ce3ac499d27b9:0x9d369f246d2340bc!8m2!3d28.5718823!4d77.2446313!16s%2Fg%2F11f_zzv8pb!19sChIJuSedSazjDDkRvEAjbSSfNp0?authuser=0&hl=en&g_ep=EgoyMDI2MDkyNy4xIJJjKgBIAVAD&rclk=1",NGO in Lajpat Nagar Delhi
Youth For Seva,0.0,5,Youth For Seva | 5.0(5) | Social services organization · A-90 | ,https://www.google.com/maps/place/Youth+For+Seva/data=!4m7!3m6!1s0x390ce3005db30f65:0x5aa32ea4aa986f7!8m2!3d28.5706388!4d77.2395747!16s%2Fg%2F11wfk92bys!19sChIJZQ-zXQDjDDkR94apSuoyqgU?authuser=0&hl=en&g_ep=EgoyMDI2MDkyNy4xIJJjKgBIAVAD&rclk=1,NGO in Lajpat Nagar Delhi
Wagging Tales Foundation,0.0,9,"Wagging Tales Foundation | 3.7(9) | Non-profit organization · 3rd Floor, Market, C7 | Open · Closes 10 pm",https://www.google.com/maps/place/Wagging+Tales+Foundation/data=!4m7!3m6!1s0x390ce30dae5cc107:0x4cb1cb0d8e533b37!8m2!3d28.5617317!4d77.2428463!16s%2Fg%2F11qyfqj73r!19sChIJB8Fcrg3jDDkRNztTjg3LsUw?authuser=0&hl=en&g_ep=EgoyMDI2MDkyNy4xIJJjKgBIAVAD&rclk=1,NGO in Lajpat Nagar Delhi
PAIGAM (People's Association in Grassroot Action and Movement),0.0,4,PAIGAM (People's Association in Grassroot Action and Movement) | 4.5(4) | Non-profit organization · E 55 | 090192 62718,https://www.google.com/maps/place/PAIGAM+%28People%27s+Association+in+Grassroot+Action+and+Movement%29/data=!4m7!3m6!1s0x390ce38674fa1a19:0xfbc92c8df4604b70!8m2!3d28.56124!4d77.243471!16s%2Fg%2F11j8pqzk1y!19sChIJGRr6dIbjDDkRcEtg9I0syfs?authuser=0&hl=en&g_ep=EgoyMDI2MDkyNy4xIJJjKgBIAVAD&rclk=1,NGO in Lajpat Nagar Delhi
BloodConnect,0.0,37,"BloodConnect | 4.3(37) | Non-governmental organization · H-19, Vaishno Devi Marg | ",https://www.google.com/maps/place/BloodConnect/data=!4m7!3m6!1s0x390d1df3a994515b:0x791142ca7dea6bad!8m2!3d28.5727228!4d77.2455846!16s%2Fg%2F1tgc7xr7!19sChIJW1GUqfMdDTkRrWvqfcpCEXk?authuser=0&hl=en&g_ep=EgoyMDI2MDkyNy4xIJJjKgBIAVAD&rclk=1,NGO in Lajpat Nagar Delhi
Samadhan Abhiyan,0.0,16,"Samadhan Abhiyan | 4.8(16) | Association / Organization · N-107., Greater Kailash, Part-1 | Open now · 0212 695 1962",https://www.google.com/maps/place/Samadhan+Abhiyan/data=!4m7!3m6!1s0x390ce249d276a58b:0xa9956c2afae2a068!8m2!3d28.5571696!4d77.2350588!16s%2Fg%2F11gdkpmc8g!19sChIJi6V20kniDDkRaKDi-ipslak?authuser=0&hl=en&g_ep=EgoyMDI2MDkyNy4xIJJjKgBIAVAD&rclk=1,NGO in Lajpat Nagar Delhi
Feminist Approach to Technology,0.0,13,"Feminist Approach to Technology | 4.8(13) | Non-governmental organization · #134, 3rd Floor | 011 4100 4951",https://www.google.com/maps/place/Feminist+Approach+to+Technology/data=!4m7!3m6!1s0x390ce3b1ca9a1933:0x417e39785d8e0d58!8m2!3d28.5676278!4d77.2490228!16s%2Fg%2F11b_2s67y3!19sChIJMxmayrHjDDkRWA2OXXg5fkE?authuser=0&hl=en&g_ep=EgoyMDI2MDkyNy4xIJJjKgBIAVAD&rclk=1,NGO in Lajpat Nagar Delhi
Satya jeevan leprosy society,0.0,8,Satya jeevan leprosy society | 4.6(8) | Hindu temple · H772+F7V | Open · Closes 10:30 pm · 088009 04327,https://www.google.com/maps/place/Satya+jeevan+leprosy+society/data=!4m7!3m6!1s0x390ce35cf476bd93:0x455e7fd0f45cb53d!8m2!3d28.5637417!4d77.2506613!16s%2Fg%2F11rr8b6h6l!19sChIJk7129FzjDDkRPbVc9NB_XkU?authuser=0&hl=en&g_ep=EgoyMDI2MDkyNy4xIJJjKgBIAVAD&rclk=1,NGO in Lajpat Nagar Delhi
Kaysan HR global Education Association,0.0,35,"Kaysan HR global Education Association | 4.3(35) | Education center · Branch Block, A 144 | Open 24 hours · 093122 86548",https://www.google.com/maps/place/Kaysan+HR+global+Education+Association/data=!4m7!3m6!1s0x390ce3ecb459138f:0xd030bdc742d0b0e5!8m2!3d28.562634!4d77.2491166!16s%2Fg%2F11hdvvqmh5!19sChIJjxNZtOzjDDkR5bDQQse9MNA?authuser=0&hl=en&g_ep=EgoyMDI2MDkyNy4xIJJjKgBIAVAD&rclk=1,NGO in Lajpat Nagar Delhi
COHAS Community Centre,0.0,4,COHAS Community Centre | 4.0(4) | Non-profit organization · H792+73W | Closed · Opens 11 am Thu · 079827 07948,https://www.google.com/maps/place/COHAS+Community+Centre/data=!4m7!3m6!1s0x390ce30073e8f057:0x3e7cf4ab28a914e1!8m2!3d28.5683038!4d77.2502251!16s%2Fg%2F11wqw5nwp3!19sChIJV_DocwDjDDkR4RSpKKv0fD4?authuser=0&hl=en&g_ep=EgoyMDI2MDkyNy4xIJJjKgBIAVAD&rclk=1,NGO in Lajpat Nagar Delhi
Kashmiri Samiti Delhi,0.0,59,Kashmiri Samiti Delhi | 3.8(59) | Association / Organization ·  · near kasmiri bhawan | Closed · Opens 9 am Thu · 011 2646 5280,https://www.google.com/maps/place/Kashmiri+Samiti+Delhi/data=!4m7!3m6!1s0x390ce3b46e9db565:0x61bb90c1673d44dd!8m2!3d28.5619055!4d77.2445681!16s%2Fg%2F12hqd5x3h!19sChIJZbWdbrTjDDkR3UQ9Z8GQu2E?authuser=0&hl=en&g_ep=EgoyMDI2MDkyNy4xIJJjKgBIAVAD&rclk=1,NGO in Lajpat Nagar Delhi
Navjivan Foundation,0.0,6,"Navjivan Foundation | 3.7(6) | Social services organization · 2nd Floor, Nazar Singh Place, 252, Plot No.-S-11 | 093137 48678",https://www.google.com/maps/place/Navjivan+Foundation/data=!4m7!3m6!1s0x390ce38e10394d49:0xa1919bccdb3f826b!8m2!3d28.5534037!4d77.2504917!16s%2Fg%2F11f6g1q2hc!19sChIJSU05EI7jDDkRa4I_28ybkaE?authuser=0&hl=en&g_ep=EgoyMDI2MDkyNy4xIJJjKgBIAVAD&rclk=1,NGO in Lajpat Nagar Delhi
BLISS FOUNDATION,0.0,1,"BLISS FOUNDATION | 5.0(1) | Corporate office · Ground Floor, Amar Colony Market, C-3 | 098738 99946",https://www.google.com/maps/place/BLISS+FOUNDATION/data=!4m7!3m6!1s0x390ce3b471162c57:0xee692564f4a2123a!8m2!3d28.5624555!4d77.2443067!16s%2Fg%2F11fzd0qsp0!19sChIJVywWcbTjDDkROhKi9GQlae4?authuser=0&hl=en&g_ep=EgoyMDI2MDkyNy4xIJJjKgBIAVAD&rclk=1,NGO in Lajpat Nagar Delhi
Karma Points,0.0,43,"Karma Points | 4.7(43) | Charity · F9, Tower 15, NBCC Apts Rd | Closes soon · 6:30 pm · Opens 10 am Thu · 099587 46143",https://www.google.com/maps/place/Karma+Points/data=!4m7!3m6!1s0x390ce3f155e6148d:0xfa92ea882ea443ba!8m2!3d28.5720567!4d77.2139022!16s%2Fg%2F11sx__cq7v!19sChIJjRTmVfHjDDkRukOkLojqkvo?authuser=0&hl=en&g_ep=EgoyMDI2MDkyNy4xIJJjKgBIAVAD&rclk=1,NGO in Lajpat Nagar Delhi
Friendicoes SECA,0.0,4338,"Friendicoes SECA | 3.9(4,338) | Veterinary care · No 271 & 273 | Open · Closes 9 pm · 011 3571 2939",https://www.google.com/maps/place/Friendicoes+SECA/data=!4m7!3m6!1s0x390ce25749c96d99:0x7f405001168814de!8m2!3d28.5807428!4d77.2390621!16s%2Fg%2F1thvf9my!19sChIJmW3JSVfiDDkR3hSIFgFQQH8?authuser=0&hl=en&g_ep=EgoyMDI2MDkyNy4xIJJjKgBIAVAD&rclk=1,NGO in Lajpat Nagar Delhi
I Can Hear Foundation,0.0,0,"I Can Hear Foundation | No reviews | Non-profit organization · G32 (LGF), Lajpat Nagar III New Delhi 110024 INDIA | Closes soon · 6 pm · Opens 10 am Thu · 011 4608 5245",https://www.google.com/maps/place/I+Can+Hear+Foundation/data=!4m7!3m6!1s0x390ce24d72f073a1:0xc27cdedebb34aec8!8m2!3d28.5667014!4d77.2382304!16s%2Fg%2F11g020b097!19sChIJoXPwck3iDDkRyK40u97efMI?authuser=0&hl=en&g_ep=EgoyMDI2MDkyNy4xIJJjKgBIAVAD&rclk=1,NGO in Lajpat Nagar Delhi
Transparency International India,0.0,10,"Transparency International India | 4.5(10) | Non-governmental organization · Moolchand metro station, 4, Lajpat Bhawan (GateNo 2 | Closed · Opens 10:15 am Thu · 011 2623 2323",https://www.google.com/maps/place/Transparency+International+India/data=!4m7!3m6!1s0x390ce24c0813ffff:0xf218206ebb66e7c!8m2!3d28.5642859!4d77.2369229!16s%2Fg%2F11c5ns30j6!19sChIJ__8TCEziDDkRfG626waCIQ8?authuser=0&hl=en&g_ep=EgoyMDI2MDkyNy4xIJJjKgBIAVAD&rclk=1,NGO in Lajpat Nagar Delhi
GeoHazards Society,0.0,7,"GeoHazards Society | 5.0(7) | Non-profit organization · 71- Basement, GeoHazards Society | Closed · Opens 9 am Thu · 011 4650 9848",https://www.google.com/maps/place/GeoHazards+Society/data=!4m7!3m6!1s0x390ce3b1b4d5bdb3:0x2af99e3534072015!8m2!3d28.566872!4d77.249543!16s%2Fg%2F1td1hc81!19sChIJs73VtLHjDDkRFSAHNDWe-So?authuser=0&hl=en&g_ep=EgoyMDI2MDkyNy4xIJJjKgBIAVAD&rclk=1,NGO in Lajpat Nagar Delhi
Alliance for an Energy Efficient Economy,0.0,28,"Alliance for an Energy Efficient Economy | 4.5(28) | Non-profit organization · Ground Floor, 37, Link Road, Block A, Lajpat Nagar III, 37, Link Rd | Closes soon · 6 pm · Opens 9 am Thu · 011 4056 7344",https://www.google.com/maps/place/Alliance+for+an+Energy+Efficient+Economy/data=!4m7!3m6!1s0x390ce26dc61a74ab:0xafc11c96a04a2ba6!8m2!3d28.5686591!4d77.2357566!16s%2Fg%2F11c58ncr34!19sChIJq3Qaxm3iDDkRpitKoJYcwa8?authuser=0&hl=en&g_ep=EgoyMDI2MDkyNy4xIJJjKgBIAVAD&rclk=1,NGO in Lajpat Nagar Delhi
India HIV/AIDS Alliance (Alliance India),0.0,54,"India HIV/AIDS Alliance (Alliance India) | 4.6(54) | Non-profit organization · Zuari House, 6 | Closed · Opens 9 am Thu · 011 4536 7700",https://www.google.com/maps/place/India+HIV%2FAIDS+Alliance+%28Alliance+India%29/data=!4m7!3m6!1s0x390ce334321cdb31:0xfad769662a066e8!8m2!3d28.5556143!4d77.2385844!16s%2Fg%2F11f00s1tds!19sChIJMdscMjTjDDkR6GagYpZ2rQ8?authuser=0&hl=en&g_ep=EgoyMDI2MDkyNy4xIJJjKgBIAVAD&rclk=1,NGO in Lajpat Nagar Delhi
Lajpat Bhawan Auditorium,0.0,855,Lajpat Bhawan Auditorium | 4.2(855) | Auditorium ·  · H67M+6X3 | 011 4621 9944,https://www.google.com/maps/place/Lajpat+Bhawan+Auditorium/data=!4m7!3m6!1s0x390ce24c1d256273:0x4b600560ac11e1f9!8m2!3d28.5630206!4d77.234929!16s%2Fg%2F11g66sdcyn!19sChIJc2IlHUziDDkR-eERrGAFYEs?authuser=0&hl=en&g_ep=EgoyMDI2MDkyNy4xIJJjKgBIAVAD&rclk=1,NGO in Lajpat Nagar Delhi
IPE Global Limited,0.0,243,IPE Global Limited | 4.1(243) | Corporate office ·  · B-84 | Closes soon · 6 pm · Opens 9 am Thu · 011 4075 5900,https://www.google.com/maps/place/IPE+Global+Limited/data=!4m7!3m6!1s0x390ce25b18e7fa87:0x8810dd186178a9da!8m2!3d28.568591!4d77.2260595!16s%2Fg%2F11b5phmst9!19sChIJh_rnGFviDDkR2ql4YRjdEIg?authuser=0&hl=en&g_ep=EgoyMDI2MDkyNy4xIJJjKgBIAVAD&rclk=1,NGO in Lajpat Nagar Delhi
Shri Shani Dham Navgrah Mandir,0.0,21,Shri Shani Dham Navgrah Mandir | 4.4(21) | Hindu temple · H6GR+CXH | Open · Closes 9 pm · 081785 30575,https://www.google.com/maps/place/Shri+Shani+Dham+Navgrah+Mandir/data=!4m7!3m6!1s0x390ce3ab176f9cc3:0x41a9ab1e96512a9e!8m2!3d28.576067!4d77.2424692!16s%2Fg%2F1pp2tz2zf!19sChIJw5xvF6vjDDkRnipRlh6rqUE?authuser=0&hl=en&g_ep=EgoyMDI2MDkyNy4xIJJjKgBIAVAD&rclk=1,NGO in Lajpat Nagar Delhi
AAP International,0.0,1,AAP International | 4.0(1) | Non-profit organization · 29 | 098110 34812,https://www.google.com/maps/place/AAP+International/data=!4m7!3m6!1s0x390ce3c9021fbde1:0xdb82095bfdd8ef20!8m2!3d28.5547671!4d77.2484718!16s%2Fg%2F11g6rmcn_b!19sChIJ4b0fAsnjDDkRIO_Y_VsJgts?authuser=0&hl=en&g_ep=EgoyMDI2MDkyNy4xIJJjKgBIAVAD&rclk=1,NGO in Lajpat Nagar Delhi
FIAPO (Federation of Indian Animal Protection Organisations),0.0,22,"FIAPO (Federation of Indian Animal Protection Organisations) | 4.7(22) | Corporate office · A, 86 | Closes soon · 6:30 pm · Opens 10 am Thu · 011 4107 2945",https://www.google.com/maps/place/FIAPO+%28Federation+of+Indian+Animal+Protection+Organisations%29/data=!4m7!3m6!1s0x390ce3b55bef77f5:0x7796fff8850d3261!8m2!3d28.5572945!4d77.2497497!16s%2Fg%2F11f3x7pz5m!19sChIJ9XfvW7XjDDkRYTINhfj_lnc?authuser=0&hl=en&g_ep=EgoyMDI2MDkyNy4xIJJjKgBIAVAD&rclk=1,NGO in Lajpat Nagar Delhi
UNICEF,0.0,474,"UNICEF | 4.5(474) | Non-profit organization ·  · Near, Lodhi Rd, Near 73 | Closed · Opens 8:30 am Thu · 011 2469 0401",https://www.google.com/maps/place/UNICEF/data=!4m7!3m6!1s0x390cfd309eebed77:0x5a24156b4c014fbf!8m2!3d28.5917999!4d77.2231143!16s%2Fg%2F1td7rkz5!19sChIJd-3rnjD9DDkRv08BTGsVJFo?authuser=0&hl=en&g_ep=EgoyMDI2MDkyNy4xIJJjKgBIAVAD&rclk=1,NGO in Lajpat Nagar Delhi
Indian Handloom,0.0,10,"Indian Handloom | 4.6(10) | Bridal shop · A-10, Firoz Gandhi Marg | Open · Closes 9 pm · 098182 77762",https://www.google.com/maps/place/Indian+Handloom/data=!4m7!3m6!1s0x390ce3ad0fffffff:0xfc22faee2b92876a!8m2!3d28.5698703!4d77.2385111!16s%2Fg%2F1v62g0pf!19sChIJ____D63jDDkRaoeSK-76Ivw?authuser=0&hl=en&g_ep=EgoyMDI2MDkyNy4xIJJjKgBIAVAD&rclk=1,NGO in Lajpat Nagar Delhi
SpHear - Speech & Hearing Clinic Delhi,0.0,444,"SpHear - Speech & Hearing Clinic Delhi | 4.8(444) | Speech & Hearing Specialist ·  · G32, (Basement), Lajpat Nagar III | Closes soon · 6 pm · Opens 10 am Thu · 098718 00222",https://www.google.com/maps/place/SpHear+-+Speech+%26+Hearing+Clinic+Delhi/data=!4m7!3m6!1s0x390ce3ad0fffffff:0x39208356a9dd738!8m2!3d28.5666711!4d77.2381825!16s%2Fg%2F1tcy2p40!19sChIJ____D63jDDkRONedajUIkgM?authuser=0&hl=en&g_ep=EgoyMDI2MDkyNy4xIJJjKgBIAVAD&rclk=1,NGO in Lajpat Nagar Delhi
HSTP - Health Systems Transformation Platform,0.0,9,"HSTP - Health Systems Transformation Platform | 4.7(9) | Non-profit organization · All india sikh federation hall, Kalka Devi Marg | Closed · Opens 9:30 am Thu · 011 6132 6500",https://www.google.com/maps/place/HSTP+-+Health+Systems+Transformation+Platform/data=!4m7!3m6!1s0x390d1d840bf73cf9:0xe3e003f8b822585e!8m2!3d28.5591214!4d77.2403094!16s%2Fg%2F11lgksbtlz!19sChIJ-Tz3C4QdDTkRXlgiuPgD4OM?authuser=0&hl=en&g_ep=EgoyMDI2MDkyNy4xIJJjKgBIAVAD&rclk=1,NGO in Lajpat Nagar Delhi
Angaja Foundation,0.0,0,"Angaja Foundation | No reviews | Foundation · D 298, Chandan Vithi Rd | 24692612",https://www.google.com/maps/place/Angaja+Foundation/data=!4m7!3m6!1s0x390ce2512fb43589:0xb3cad5043e4aaabe!8m2!3d28.5726334!4d77.2325101!16s%2Fg%2F11f1k04kpl!19sChIJiTW0L1HiDDkRvqpKPgTVyrM?authuser=0&hl=en&g_ep=EgoyMDI2MDkyNy4xIJJjKgBIAVAD&rclk=1,NGO in Lajpat Nagar Delhi
Unnati Consultancy Services Private Limited,0.0,23,"Unnati Consultancy Services Private Limited | 3.6(23) | Legal services · First Floor, II-A/91-B | Closes soon · 6:30 pm · Opens 9 am Thu · 097164 30937",https://www.google.com/maps/place/Unnati+Consultancy+Services+Private+Limited/data=!4m7!3m6!1s0x390cfcad1f3fffdf:0xd72d62544d935ec0!8m2!3d28.570345!4d77.2397832!16s%2Fg%2F11bvqh6qg_!19sChIJ3_8_H638DDkRwF6TTVRiLdc?authuser=0&hl=en&g_ep=EgoyMDI2MDkyNy4xIJJjKgBIAVAD&rclk=1,NGO in Lajpat Nagar Delhi
(CRS New Delhi)Catholic Relief Services,0.0,51,"(CRS New Delhi)Catholic Relief Services | 3.9(51) | Non-profit organization · 2nd Floor, 40, Zuari House | Closed · Opens 9 am Thu",https://www.google.com/maps/place/%28CRS+New+Delhi%29Catholic+Relief+Services/data=!4m7!3m6!1s0x390ce3002ba4772b:0xc2178ff77a75b10a!8m2!3d28.5556143!4d77.2385844!16s%2Fg%2F11vqdhgmc4!19sChIJK3ekKwDjDDkRCrF1evePF8I?authuser=0&hl=en&g_ep=EgoyMDI2MDkyNy4xIJJjKgBIAVAD&rclk=1,NGO in Lajpat Nagar Delhi
BIPS Systems Limited,0.0,22,BIPS Systems Limited | 4.0(22) | Computer support and services · E-261 | Closed · Opens 9 am Thu · 011 2648 3817,https://www.google.com/maps/place/BIPS+Systems+Limited/data=!4m7!3m6!1s0x390ce3b173910a89:0xf3b16171a0b07b16!8m2!3d28.5592865!4d77.2413647!16s%2Fg%2F1tdytrbv!19sChIJiQqRc7HjDDkRFnuwoHFhsfM?authuser=0&hl=en&g_ep=EgoyMDI2MDkyNy4xIJJjKgBIAVAD&rclk=1,NGO in Lajpat Nagar Delhi
Nayee Seher NGO,0.0,2,Nayee Seher NGO | 5.0(2) | Non-profit organization | Open 24 hours · 078389 95809,https://www.google.com/maps/place/Nayee+Seher+NGO/data=!4m7!3m6!1s0xa33bebfe5e268079:0x18e54c3297c34b80!8m2!3d28.6440837!4d77.0932314!16s%2Fg%2F11m5cq9lhs!19sChIJeYAmXv7rO6MRgEvDlzJM5Rg?authuser=0&hl=en&g_ep=EgoyMDI2MDkyNy4xIJJjKgBIAVAD&rclk=1,NGO in Lajpat Nagar Delhi
CURE India,0.0,83,CURE India | 5.0(83) | Non-profit organization ·  · A-30 | Closed · Opens 9 am Thu · 088000 20500,https://www.google.com/maps/place/CURE+India/data=!4m7!3m6!1s0x390ce3b6652a7e77:0x7132d5cfbcc810a2!8m2!3d28.5550254!4d77.2119834!16s%2Fg%2F11p775jng3!19sChIJd34qZbbjDDkRohDIvM_VMnE?authuser=0&hl=en&g_ep=EgoyMDI2MDkyNy4xIJJjKgBIAVAD&rclk=1,NGO in Lajpat Nagar Delhi
Sangath,0.0,7,Sangath | 4.1(7) | Non-governmental organization · J18 | Permanently closed,https://www.google.com/maps/place/Sangath/data=!4m7!3m6!1s0x390ce3b2c15fd4a3:0x387d4b10164ee4a3!8m2!3d28.5665421!4d77.2416815!16s%2Fg%2F11c48nt_4f!19sChIJo9RfwbLjDDkRo-ROFhBLfTg?authuser=0&hl=en&g_ep=EgoyMDI2MDkyNy4xIJJjKgBIAVAD&rclk=1,NGO in Lajpat Nagar Delhi
Score Foundation,0.0,15,"Score Foundation | 4.5(15) | Foundation · 17/107, Lower Ground Floor, Lajpat Nagar 4 | Temporarily closed · 011 4160 0330",https://www.google.com/maps/place/Score+Foundation/data=!4m7!3m6!1s0x390ce21430000001:0x25da3d1b6d8922cc!8m2!3d28.563567!4d77.2376629!16s%2Fg%2F1td03f6q!19sChIJAQAAMBTiDDkRzCKJbRs92iU?authuser=0&hl=en&g_ep=EgoyMDI2MDkyNy4xIJJjKgBIAVAD&rclk=1,NGO in Lajpat Nagar Delhi
Laxmi Foundation,0.0,22,Laxmi Foundation | 4.5(22) | Research foundation · B-75 | Temporarily closed · 075030 30433,https://www.google.com/maps/place/Laxmi+Foundation/data=!4m7!3m6!1s0x390ce2530c22cba5:0x62dfc41d7741ebfa!8m2!3d28.571971!4d77.238097!16s%2Fg%2F11b5qg_6jn!19sChIJpcsiDFPiDDkR-utBdx3E32I?authuser=0&hl=en&g_ep=EgoyMDI2MDkyNy4xIJJjKgBIAVAD&rclk=1,NGO in Lajpat Nagar Delhi
Motherland International Foundation,0.0,1,Motherland International Foundation | 5.0(1) | Charity · B-167 | Temporarily closed · 070423 38918,https://www.google.com/maps/place/Motherland+International+Foundation/data=!4m7!3m6!1s0x390ce3ad5f45af7b:0x3878df86f78e308c!8m2!3d28.5683786!4d77.2416464!16s%2Fg%2F11kfb576r_!19sChIJe69FX63jDDkRjDCO94bfeDg?authuser=0&hl=en&g_ep=EgoyMDI2MDkyNy4xIJJjKgBIAVAD&rclk=1,NGO in Lajpat Nagar Delhi
Going to School,0.0,21,Going to School | 4.5(21) | Non-governmental organization · E-18A Second Floor | Temporarily closed · 011 4021 4754,https://www.google.com/maps/place/Going+to+School/data=!4m7!3m6!1s0x390ce2352ae0b779:0xd373c71b7a5b949e!8m2!3d28.5572202!4d77.2414432!16s%2Fg%2F11bw_6g68y!19sChIJebfgKjXiDDkRnpRbehvHc9M?authuser=0&hl=en&g_ep=EgoyMDI2MDkyNy4xIJJjKgBIAVAD&rclk=1,NGO in Lajpat Nagar Delhi
BOSCO Refugee Assistance Programme A BOSCO UNHCR Initiative,0.0,42,"BOSCO Refugee Assistance Programme A BOSCO UNHCR Initiative | 4.0(42) | Social services organization ·  · 1, 1/6A, Temple Rd | Temporarily closed · 011 2437 7911",https://www.google.com/maps/place/BOSCO+Refugee+Assistance+Programme+A+BOSCO+UNHCR+Initiative/data=!4m7!3m6!1s0x390ce307ef64263d:0x2345e1126787a0d7!8m2!3d28.5816167!4d77.2511774!16s%2Fg%2F11c32fhpqb!19sChIJPSZk7wfjDDkR16CHZxLhRSM?authuser=0&hl=en&g_ep=EgoyMDI2MDkyNy4xIJJjKgBIAVAD&rclk=1,NGO in Lajpat Nagar Delhi
GlobalPathFields,0.0,0,"GlobalPathFields | No reviews | Non-profit organization · a 75, 1, Block A Lajpat Nagar 1 Rd | Temporarily closed",https://www.google.com/maps/place/GlobalPathFields/data=!4m7!3m6!1s0x390ce24c4fffffff:0xaeb886b73c08f307!8m2!3d28.57419!4d77.2391439!16s%2Fg%2F11j2_ff7r2!19sChIJ____T0ziDDkRB_MIPLeGuK4?authuser=0&hl=en&g_ep=EgoyMDI2MDkyNy4xIJJjKgBIAVAD&rclk=1,NGO in Lajpat Nagar Delhi
Sai Milan Mandir,0.0,33,"Sai Milan Mandir | 4.0(33) | Hindu temple · Jal Vihar Road, near Himnani Public School | Temporarily closed · 098918 88176",https://www.google.com/maps/place/Sai+Milan+Mandir/data=!4m7!3m6!1s0x390ce3abe4f8bb29:0x7f1fff5b209d8f14!8m2!3d28.5753382!4d77.2456729!16s%2Fg%2F11cjgjpsm5!19sChIJKbv45KvjDDkRFI-dIFv_H38?authuser=0&hl=en&g_ep=EgoyMDI2MDkyNy4xIJJjKgBIAVAD&rclk=1,NGO in Lajpat Nagar Delhi
Pratham Education,0.0,0,"Pratham Education | No reviews | Educational consultant · IInd floor, C-26, Main Market | Temporarily closed · 088002 28494",https://www.google.com/maps/place/Pratham+Education/data=!4m7!3m6!1s0x390ce24c4fffffff:0x9d7f1fbdb1d3f84e!8m2!3d28.5642859!4d77.2369229!16s%2Fg%2F11csczyf46!19sChIJ____T0ziDDkRTvjTsb0ff50?authuser=0&hl=en&g_ep=EgoyMDI2MDkyNy4xIJJjKgBIAVAD&rclk=1,NGO in Lajpat Nagar Delhi
Bal Sahyog,0.0,234,"Bal Sahyog | 4.4(234) | Social services organization ·  · Market, L Block | Closed · Opens 9 am Thu · 011 2341 1273",https://www.google.com/maps/place/Bal+Sahyog/data=!4m7!3m6!1s0x390cfd36fe208685:0x377013c174377087!8m2!3d28.6348677!4d77.2221763!16s%2Fg%2F1vzqqn49!19sChIJhYYg_jb9DDkRh3A3dMETcDc?authuser=0&hl=en&g_ep=EgoyMDI2MDkyNy4xIJJjKgBIAVAD&rclk=1,NGO in Connaught Place Delhi
SHUDDHI NGO,0.0,226,"SHUDDHI NGO | 4.5(226) | Non-profit organization · 5th Floor, Indra Prakash Building, SHUDDHI NGO, 512A, 21, Barakhamba Rd | 096548 15105",https://www.google.com/maps/place/SHUDDHI+NGO/data=!4m7!3m6!1s0x390d03c3667c880f:0x6d34aee6bd9da69e!8m2!3d28.6293969!4d77.2242669!16s%2Fg%2F11f357g0x2!19sChIJD4h8ZsMDDTkRnqadveauNG0?authuser=0&hl=en&g_ep=EgoyMDI2MDkyNy4xIJJjKgBIAVAD&rclk=1,NGO in Connaught Place Delhi
NourishFuture — An initiative of Helping All (Charitable Trust| NGO),0.0,1,"NourishFuture — An initiative of Helping All (Charitable Trust| NGO) | 5.0(1) | Non-governmental organization · 1213, New delhi House, Barakhamba Rd | Closed · Opens 11 am Thu · 011 4165 0025",https://www.google.com/maps/place/NourishFuture+%E2%80%94+An+initiative+of+Helping+All+%28Charitable+Trust%7C+NGO%29/data=!4m7!3m6!1s0x390cfdb7556b1125:0x855666fda9a3054!8m2!3d28.6299599!4d77.2229146!16s%2Fg%2F11rgx1gc26!19sChIJJRFrVbf9DDkRVDCa2m9mVQg?authuser=0&hl=en&g_ep=EgoyMDI2MDkyNy4xIJJjKgBIAVAD&rclk=1,NGO in Connaught Place Delhi
Social Umbrella Foundation,0.0,4,"Social Umbrella Foundation | 4.3(4) | Association / Organization · 102, Connaught Cir, above Candy Computers, Stationary Shop | Closes soon · 6 pm · Opens 10 am Thu · 088005 23952",https://www.google.com/maps/place/Social+Umbrella+Foundation/data=!4m7!3m6!1s0x390cfd3ca910f80d:0xd01f1bd121f703c8!8m2!3d28.6346284!4d77.2222597!16s%2Fg%2F11tmstsrkv!19sChIJDfgQqTz9DDkRyAP3IdEbH9A?authuser=0&hl=en&g_ep=EgoyMDI2MDkyNy4xIJJjKgBIAVAD&rclk=1,NGO in Connaught Place Delhi
Ramdas Athawale Foundation,0.0,31,Ramdas Athawale Foundation | 4.6(31) | Non-governmental organization ·  · SURYA KIRAN BUILDING | Closes soon · 6 pm · Opens 10 am Thu · 011 2084 5076,https://www.google.com/maps/place/Ramdas+Athawale+Foundation/data=!4m7!3m6!1s0x390ce305e54bf25b:0x435b974c5062c2e!8m2!3d28.6274899!4d77.2221033!16s%2Fg%2F11nxt7kw4w!19sChIJW_JL5QXjDDkRLiwGxXS5NQQ?authuser=0&hl=en&g_ep=EgoyMDI2MDkyNy4xIJJjKgBIAVAD&rclk=1,NGO in Connaught Place Delhi
Chetanalaya,0.0,87,"Chetanalaya | 4.3(87) | Corporate office ·  · Building 9-10 Bhai Vir Singh Marg, opposite Columbus School, (Nearest Landmark: Gole Market/Bangla Sahib Gurudwara) | Closed · Opens 9 am Thu · 011 2374 4308",https://www.google.com/maps/place/Chetanalaya/data=!4m7!3m6!1s0x390cfd51d1dc5ea3:0x1f456b9d1900ab78!8m2!3d28.629946!4d77.204885!16s%2Fg%2F1tt1fm05!19sChIJo17c0VH9DDkReKsAGZ1rRR8?authuser=0&hl=en&g_ep=EgoyMDI2MDkyNy4xIJJjKgBIAVAD&rclk=1,NGO in Connaught Place Delhi
Sewa Bharti (Delhi),0.0,245,"Sewa Bharti (Delhi) | 4.6(245) | Non-governmental organization ·  · Sewa kunj, 13, Bhai Vir Singh Marg | Closed · Opens 9 am Thu · 011 2334 5014",https://www.google.com/maps/place/Sewa+Bharti+%28Delhi%29/data=!4m7!3m6!1s0x390cfd51cf49423b:0x5e804d4e1b94bb75!8m2!3d28.6303817!4d77.2049508!16s%2Fg%2F1q6j8vywf!19sChIJO0JJz1H9DDkRdbuUG05NgF4?authuser=0&hl=en&g_ep=EgoyMDI2MDkyNy4xIJJjKgBIAVAD&rclk=1,NGO in Connaught Place Delhi
Abhyanga Foundation,0.0,2,"Abhyanga Foundation | 3.5(2) | Corporate office · First Floor 19, SURYA KIRAN BUILDING, 112/A, KG Marg | 011 4019 5993",https://www.google.com/maps/place/Abhyanga+Foundation/data=!4m7!3m6!1s0x390cfd3468c00001:0xfb76d0463a1b640a!8m2!3d28.6274899!4d77.2221033!16s%2Fg%2F11vcvd62wp!19sChIJAQDAaDT9DDkRCmQbOkbQdvs?authuser=0&hl=en&g_ep=EgoyMDI2MDkyNy4xIJJjKgBIAVAD&rclk=1,NGO in Connaught Place Delhi
Travoinspire Foundation,0.0,16,"Travoinspire Foundation | 4.6(16) | Non-profit organization · 2nd Floor, M-132 | Closes soon · 6 pm · Opens 9:30 am Thu · 092891 11980",https://www.google.com/maps/place/Travoinspire+Foundation/data=!4m7!3m6!1s0x390cfd1f16c1c625:0xc78f4ae8d069b729!8m2!3d28.6326245!4d77.2223699!16s%2Fg%2F11z2vsy5by!19sChIJJcbBFh_9DDkRKbdp0OhKj8c?authuser=0&hl=en&g_ep=EgoyMDI2MDkyNy4xIJJjKgBIAVAD&rclk=1,NGO in Connaught Place Delhi
MILESTONE (NGO OFFICE),0.0,140,"MILESTONE (NGO OFFICE) | 4.9(140) | Non-profit organization · MILESTONE NGO Office, Kali Bari Marg | Closed · Opens 10 am Thu · 098181 19879",https://www.google.com/maps/place/MILESTONE+%28NGO+OFFICE%29/data=!4m7!3m6!1s0xe5247ffc63f5f7b:0x2ba3461613912845!8m2!3d28.6303013!4d77.2020968!16s%2Fg%2F11y459jgh9!19sChIJe18_xv9HUg4RRSiRExZGoys?authuser=0&hl=en&g_ep=EgoyMDI2MDkyNy4xIJJjKgBIAVAD&rclk=1,NGO in Connaught Place Delhi
Let's Do It India,0.0,45,"Let's Do It India | 4.7(45) | Non-profit organization · 6th floor, Hotel, Commercial Tower, Le Meridien, Windsor Pl | Open 24 hours · 099685 48808",https://www.google.com/maps/place/Let%27s+Do+It+India/data=!4m7!3m6!1s0x390cfddd602dd235:0xc025ec6da8bceb84!8m2!3d28.6188884!4d77.2181268!16s%2Fg%2F11j980qj84!19sChIJNdItYN39DDkRhOu8qG3sJcA?authuser=0&hl=en&g_ep=EgoyMDI2MDkyNy4xIJJjKgBIAVAD&rclk=1,NGO in Connaught Place Delhi
Salaam Baalak Trust open shelter- Delhi,0.0,165,"Salaam Baalak Trust open shelter- Delhi | 4.4(165) | Non-profit organization · 2nd Floor, DDA Community Centre, Chandi Wali Gali | Open 24 hours · 083739 23266",https://www.google.com/maps/place/Salaam+Baalak+Trust+open+shelter-+Delhi/data=!4m7!3m6!1s0x390cfd4120629737:0xae2fdffd7af7e141!8m2!3d28.6417!4d77.2152468!16s%2Fg%2F1td0ld51!19sChIJN5diIEH9DDkRQeH3ev3fL64?authuser=0&hl=en&g_ep=EgoyMDI2MDkyNy4xIJJjKgBIAVAD&rclk=1,NGO in Connaught Place Delhi
Mobile Creches,0.0,86,"Mobile Creches | 4.5(86) | Non-governmental organization ·  · DIZ Area, Raja Bazaar, Jain Mandir Marg | Closed · Opens 9 am Thu · 011 2334 7635",https://www.google.com/maps/place/Mobile+Creches/data=!4m7!3m6!1s0x390cfd4f34a44933:0x6bf7dc916160cf8b!8m2!3d28.6322902!4d77.2116488!16s%2Fg%2F1tgfbrh3!19sChIJM0mkNE_9DDkRi89gYZHc92s?authuser=0&hl=en&g_ep=EgoyMDI2MDkyNy4xIJJjKgBIAVAD&rclk=1,NGO in Connaught Place Delhi
Help India Foundation Trust,0.0,39,"Help India Foundation Trust | 4.8(39) | Social services organization · 1649, OBC BUILDING OFFICE NO-3 3rd Floor, Main Bazar Rd | Closed · Opens 10 am Thu · 099530 73183",https://www.google.com/maps/place/Help+India+Foundation+Trust/data=!4m7!3m6!1s0x390cfd4139aae853:0x6643d1ccb59ae1c6!8m2!3d28.6410628!4d77.2132817!16s%2Fg%2F11j8swmvlw!19sChIJU-iqOUH9DDkRxuGatczRQ2Y?authuser=0&hl=en&g_ep=EgoyMDI2MDkyNy4xIJJjKgBIAVAD&rclk=1,NGO in Connaught Place Delhi
CSR Research Foundation,0.0,4,"CSR Research Foundation | 4.8(4) | Non-profit organization · 1st floor, 40 Hanuman Lane, Baba Kharak Singh Rd, near Pracheen Hanuman Mandir, Connaught Place | Open · Closes 8 pm · 082877 80500",https://www.google.com/maps/place/CSR+Research+Foundation/data=!4m7!3m6!1s0x390cfdb767839fa3:0xec04281f44901c67!8m2!3d28.6277632!4d77.2085267!16s%2Fg%2F11hdj_ckk7!19sChIJo5-DZ7f9DDkRZxyQRB8oBOw?authuser=0&hl=en&g_ep=EgoyMDI2MDkyNy4xIJJjKgBIAVAD&rclk=1,NGO in Connaught Place Delhi
Yug Sanskriti Nyas,0.0,16,"Yug Sanskriti Nyas | 4.4(16) | Non-profit organization ·  · Vijaya Building, 801, Barakhamba Rd | Open · Closes 7:30 pm · 011 2335 1123",https://www.google.com/maps/place/Yug+Sanskriti+Nyas/data=!4m7!3m6!1s0x390cfd0eb1dfaf51:0xc7e91f96c63504cf!8m2!3d28.6288346!4d77.2252772!16s%2Fg%2F11jrg7hn8v!19sChIJUa_fsQ79DDkRzwQ1xpYf6cc?authuser=0&hl=en&g_ep=EgoyMDI2MDkyNy4xIJJjKgBIAVAD&rclk=1,NGO in Connaught Place Delhi
"League Organization (NGO), Delhi",0.0,11,"League Organization (NGO), Delhi | 4.9(11) | Non-governmental organization · 5159, Street, Bal Krishan, Basant Rd | Closed · Opens 9 am Thu · 080108 32733","https://www.google.com/maps/place/League+Organization+%28NGO%29,+Delhi/data=!4m7!3m6!1s0x390cfd1965dce5ab:0x47196f88bfdec26d!8m2!3d28.6392443!4d77.216519!16s%2Fg%2F11y5bx7bqp!19sChIJq-XcZRn9DDkRbcLev4hvGUc?authuser=0&hl=en&g_ep=EgoyMDI2MDkyNy4xIJJjKgBIAVAD&rclk=1",NGO in Connaught Place Delhi
International Human Rights Protection Council,0.0,12,"International Human Rights Protection Council | 4.4(12) | Non-profit organization · 10 Halley road, 7th Floor, flat no-25 Dakshineshwar apartment | 098910 19623",https://www.google.com/maps/place/International+Human+Rights+Protection+Council/data=!4m7!3m6!1s0x390cfd37b03665eb:0x8eec5c8091da91a4!8m2!3d28.6327426!4d77.2195969!16s%2Fg%2F11dxl9qd8x!19sChIJ62U2sDf9DDkRpJHakYBc7I4?authuser=0&hl=en&g_ep=EgoyMDI2MDkyNy4xIJJjKgBIAVAD&rclk=1,NGO in Connaught Place Delhi
HAIYA ALLAL FALAH CHARITABLE TRUST,0.0,5,"HAIYA ALLAL FALAH CHARITABLE TRUST | 4.8(5) | Charity · D C M Building, 4th FLOOR, Barakhamba Rd | Open · Closes 9 pm · 098917 74099",https://www.google.com/maps/place/HAIYA+ALLAL+FALAH+CHARITABLE+TRUST/data=!4m7!3m6!1s0x390cfd33e9fde35b:0x326d15989ef1387a!8m2!3d28.6286321!4d77.2269889!16s%2Fg%2F11f_zx4p6c!19sChIJW-P96TP9DDkRejjxnpgVbTI?authuser=0&hl=en&g_ep=EgoyMDI2MDkyNy4xIJJjKgBIAVAD&rclk=1,NGO in Connaught Place Delhi
NINEISMINE,0.0,45,"NINEISMINE | 4.8(45) | Non-governmental organization · NINE IS MINE , FIELD OFFICE ,EDMUND RICE HALL1, near Gol Dak Khana Roundabout | Closed · Opens 9:30 am Thu · 099909 99640",https://www.google.com/maps/place/NINEISMINE/data=!4m7!3m6!1s0x390cfd4e243b57fb:0x425e9eeb5306901a!8m2!3d28.629959!4d77.206431!16s%2Fg%2F11cnc23m74!19sChIJ-1c7JE79DDkRGpAGU-ueXkI?authuser=0&hl=en&g_ep=EgoyMDI2MDkyNy4xIJJjKgBIAVAD&rclk=1,NGO in Connaught Place Delhi
Savitri Foundation,0.0,2,"Savitri Foundation | 5.0(2) | Non-profit organization · 1st floor, Odeon Building, D Block, Connaught Palace | 099881 08108",https://www.google.com/maps/place/Savitri+Foundation/data=!4m7!3m6!1s0x390cfd3771c0b7e7:0x59c2c10102215b9f!8m2!3d28.634217!4d77.2210309!16s%2Fg%2F11h9rs_v3d!19sChIJ57fAcTf9DDkRn1shAgHBwlk?authuser=0&hl=en&g_ep=EgoyMDI2MDkyNy4xIJJjKgBIAVAD&rclk=1,NGO in Connaught Place Delhi
Chanakya NGO Consultancy,0.0,70,"Chanakya NGO Consultancy | 4.7(70) | Non-governmental organization · Tax Bar Association Building, 210, Second Floor, Lawyers Chambers, 30, Rouse Avenue | Open · Closes 8 pm · 077009 95533",https://www.google.com/maps/place/Chanakya+NGO+Consultancy/data=!4m7!3m6!1s0x390ce3b20698b68b:0x884959199b8c6eb5!8m2!3d28.632667!4d77.2336448!16s%2Fg%2F11bztfhn72!19sChIJi7aYBrLjDDkRtW6MmxlZSYg?authuser=0&hl=en&g_ep=EgoyMDI2MDkyNy4xIJJjKgBIAVAD&rclk=1,NGO in Connaught Place Delhi
Bharat Seva Trust,0.0,5,"Bharat Seva Trust | 4.2(5) | Charity · 12 A, Connaught Ln | ",https://www.google.com/maps/place/Bharat+Seva+Trust/data=!4m7!3m6!1s0x390cfd3675df2153:0x10538a1b34dbe87c!8m2!3d28.6293919!4d77.2193088!16s%2Fg%2F11hyn8p8g7!19sChIJUyHfdTb9DDkRfOjbNBuKUxA?authuser=0&hl=en&g_ep=EgoyMDI2MDkyNy4xIJJjKgBIAVAD&rclk=1,NGO in Connaught Place Delhi
Chote Sai Charitable Trust,0.0,3,"Chote Sai Charitable Trust | 4.7(3) | Non-governmental organization · Hanuman Mandir, 36 B | Open 24 hours · 080768 36563",https://www.google.com/maps/place/Chote+Sai+Charitable+Trust/data=!4m7!3m6!1s0x390cfdd90f9ccd53:0x222f28ea0c4ce6e9!8m2!3d28.629895!4d77.2149605!16s%2Fg%2F11xnmlm80j!19sChIJU82cD9n9DDkR6eZMDOooLyI?authuser=0&hl=en&g_ep=EgoyMDI2MDkyNy4xIJJjKgBIAVAD&rclk=1,NGO in Connaught Place Delhi
Peoples Welfare Foundation,0.0,23,"Peoples Welfare Foundation | 4.8(23) | Non-profit organization · NEAR, H.NO-D/4 PRINCESS PARK HOSTEL, Copernicus Marg | Closed · Opens 9 am Thu · 087003 38163",https://www.google.com/maps/place/Peoples+Welfare+Foundation/data=!4m7!3m6!1s0x390ce37d6dd2fbc1:0x553dc2c8b86fa729!8m2!3d28.6165904!4d77.2335079!16s%2Fg%2F11qg5h35bn!19sChIJwfvSbX3jDDkRKadvuMjCPVU?authuser=0&hl=en&g_ep=EgoyMDI2MDkyNy4xIJJjKgBIAVAD&rclk=1,NGO in Connaught Place Delhi
Maulana Azad education foundation,0.0,164,"Maulana Azad education foundation | 4.2(164) | Government office · 23, Basant Rd | Open · Closes 12 am",https://www.google.com/maps/place/Maulana+Azad+education+foundation/data=!4m7!3m6!1s0x390cfd003a7277f3:0x58f3d6eb19cc533f!8m2!3d28.6408857!4d77.2179222!16s%2Fg%2F11xtn1g_8d!19sChIJ83dyOgD9DDkRP1PMGevW81g?authuser=0&hl=en&g_ep=EgoyMDI2MDkyNy4xIJJjKgBIAVAD&rclk=1,NGO in Connaught Place Delhi
OneStage,0.0,5,"OneStage | 5.0(5) | Non-profit organization · OneStage, 418, 4th Floor, World Trade Centre | Closes soon · 6 pm · Opens 9:30 am Thu · 011 4007 2566",https://www.google.com/maps/place/OneStage/data=!4m7!3m6!1s0x390d1de5308fed39:0x618e0a651e560e7!8m2!3d28.6318032!4d77.2273384!16s%2Fg%2F11vz5jsm2m!19sChIJOe2PMOUdDTkR52DlUabgGAY?authuser=0&hl=en&g_ep=EgoyMDI2MDkyNy4xIJJjKgBIAVAD&rclk=1,NGO in Connaught Place Delhi
Vasundhara Blessing Foundation,0.0,0,Vasundhara Blessing Foundation | No reviews | Social services organization | Closes soon · 6:30 pm · Opens 9 am Thu · 094683 27679,https://www.google.com/maps/place/Vasundhara+Blessing+Foundation/data=!4m7!3m6!1s0x390cfdb617acaecf:0x629c16c67b181aef!8m2!3d28.6308509!4d77.2180431!16s%2Fg%2F11td27h_fb!19sChIJz66sF7b9DDkR7xoYe8YWnGI?authuser=0&hl=en&g_ep=EgoyMDI2MDkyNy4xIJJjKgBIAVAD&rclk=1,NGO in Connaught Place Delhi
TRAX - Road Safety NGO,0.0,17,"TRAX - Road Safety NGO | 4.2(17) | Non-governmental organization · R G City Centre, A 303-309, Desh Bandhu Gupta Rd | Closes soon · 6 pm · Opens 10 am Thu · 098102 74741",https://www.google.com/maps/place/TRAX+-+Road+Safety+NGO/data=!4m7!3m6!1s0x390cfd6840ab3253:0x8c16ea5945d31dd5!8m2!3d28.6466466!4d77.2077268!16s%2Fg%2F11cspw3q4b!19sChIJUzKrQGj9DDkR1R3TRVnqFow?authuser=0&hl=en&g_ep=EgoyMDI2MDkyNy4xIJJjKgBIAVAD&rclk=1,NGO in Connaught Place Delhi
Gandhi Peace Foundation,0.0,781,"Gandhi Peace Foundation | 4.2(781) | Foundation ·  · ITO Metro Station, 221-223, Pandit Deendayal Upadhyay Marg, next to Andhra School | Open · Closes 12 am · 011 2323 7491",https://www.google.com/maps/place/Gandhi+Peace+Foundation/data=!4m7!3m6!1s0x390cfd2bb29987ff:0x52b8570e31c62a1c!8m2!3d28.6296739!4d77.2368443!16s%2Fg%2F1tf7w2sg!19sChIJ_4eZsiv9DDkRHCrGMQ5XuFI?authuser=0&hl=en&g_ep=EgoyMDI2MDkyNy4xIJJjKgBIAVAD&rclk=1,NGO in Connaught Place Delhi
NGO DARPAN,0.0,34,"NGO DARPAN | 3.0(34) | Non-governmental organization · 316, Sansad Marg | Closed · Opens 12 am Thu · 011 2304 2324",https://www.google.com/maps/place/NGO+DARPAN/data=!4m7!3m6!1s0x390ce2b4bac07a87:0xb719da0022510e3!8m2!3d28.6220985!4d77.2125732!16s%2Fg%2F11gbr8d_x0!19sChIJh3rAurTiDDkR4xAlAqCdcQs?authuser=0&hl=en&g_ep=EgoyMDI2MDkyNy4xIJJjKgBIAVAD&rclk=1,NGO in Connaught Place Delhi
Aga Khan Foundation,0.0,812,"Aga Khan Foundation | 4.0(812) | Foundation ·  · Sarojini House, 6 2nd Floor, Bhagwan Das Rd | Open now · 011 4739 9700",https://www.google.com/maps/place/Aga+Khan+Foundation/data=!4m7!3m6!1s0x390ce2d442eb9d53:0x4c2c566344c29646!8m2!3d28.6224906!4d77.2359255!16s%2Fg%2F1ptw5vn61!19sChIJU53rQtTiDDkRRpbCRGNWLEw?authuser=0&hl=en&g_ep=EgoyMDI2MDkyNy4xIJJjKgBIAVAD&rclk=1,NGO in Connaught Place Delhi
Keshav Suri Foundation,0.0,8,"Keshav Suri Foundation | 4.5(8) | Non-profit organization · World Trade Center, Barakhamba Avenue | 011 4444 7727",https://www.google.com/maps/place/Keshav+Suri+Foundation/data=!4m7!3m6!1s0x390cfd22a4eb2b5f:0x7436de8003590b32!8m2!3d28.6304907!4d77.2263553!16s%2Fg%2F11ff53rxrf!19sChIJXyvrpCL9DDkRMgtZA4DeNnQ?authuser=0&hl=en&g_ep=EgoyMDI2MDkyNy4xIJJjKgBIAVAD&rclk=1,NGO in Connaught Place Delhi
Hamara Sankalp,0.0,1,"Hamara Sankalp | 5.0(1) | Non-governmental organization · 2nd Floor, 16/1, Dr Lane , Gole Market | Open · Closes 9 pm · 097174 11123",https://www.google.com/maps/place/Hamara+Sankalp/data=!4m7!3m6!1s0x390cfd7042e61b71:0xc57964810c4772fc!8m2!3d28.6346048!4d77.2083303!16s%2Fg%2F11ppwf88_2!19sChIJcRvmQnD9DDkR_HJHDIFkecU?authuser=0&hl=en&g_ep=EgoyMDI2MDkyNy4xIJJjKgBIAVAD&rclk=1,NGO in Connaught Place Delhi
Association for Social Health in India,0.0,25,"Association for Social Health in India | 3.7(25) | Educational institution · ASHI Building, The Secretary General Association for Social Health in India (ASHI) 19 Rouse Avenue Institutional Area PH: 91-11-23233428 23232209 FAX: 91-11-23232209 E-MAIL: ashidelhi@hotmail.com | Closed · Opens 10 am Thu",https://www.google.com/maps/place/Association+for+Social+Health+in+India/data=!4m7!3m6!1s0x390cfd2bcd1d0c73:0x76a28419caa6e045!8m2!3d28.6308817!4d77.2375292!16s%2Fg%2F11g6r1nyb4!19sChIJcwwdzSv9DDkRReCmyhmEonY?authuser=0&hl=en&g_ep=EgoyMDI2MDkyNy4xIJJjKgBIAVAD&rclk=1,NGO in Connaught Place Delhi
Ahvaan,0.0,6,"Ahvaan | 4.3(6) | Educational institution · E45 B 4th Floor, Himalaya House, Kasturba Gandhi Marg | 011 4306 5221",https://www.google.com/maps/place/Ahvaan/data=!4m7!3m6!1s0x390cfd343f6f8351:0xd0e20da4ca9effcb!8m2!3d28.6281165!4d77.2215993!16s%2Fg%2F11g9mzdnv6!19sChIJUYNvPzT9DDkRy_-eyqQN4tA?authuser=0&hl=en&g_ep=EgoyMDI2MDkyNy4xIJJjKgBIAVAD&rclk=1,NGO in Connaught Place Delhi
National AIDS Control Organisation Mohfw,0.0,54,"National AIDS Control Organisation Mohfw | 4.2(54) | Social services organization ·  · 88, Janpath Rd | Closed · Opens 9 am Thu · 011 4350 9999",https://www.google.com/maps/place/National+AIDS+Control+Organisation+Mohfw/data=!4m7!3m6!1s0x390cfd3525d93351:0xdc3266912d277e42!8m2!3d28.6244332!4d77.2200368!16s%2Fg%2F11dybcmnbr!19sChIJUTPZJTX9DDkRQn4nLZFmMtw?authuser=0&hl=en&g_ep=EgoyMDI2MDkyNy4xIJJjKgBIAVAD&rclk=1,NGO in Connaught Place Delhi
Promising Indian Society,0.0,6,"Promising Indian Society | 5.0(6) | Association / Organization · LGF-114, Babar Rd | Closes soon · 6 pm · Opens 10 am Thu · 099993 64702",https://www.google.com/maps/place/Promising+Indian+Society/data=!4m7!3m6!1s0x390cfd3771c0b7e7:0xebcdb42f93a9c9a!8m2!3d28.6306084!4d77.2270883!16s%2Fg%2F11gchlfnk0!19sChIJ57fAcTf9DDkRmpw6-ULbvA4?authuser=0&hl=en&g_ep=EgoyMDI2MDkyNy4xIJJjKgBIAVAD&rclk=1,NGO in Connaught Place Delhi
Delhi Foundation of Deaf Women,0.0,31,"Delhi Foundation of Deaf Women | 4.1(31) | Non-profit organization · First Floor, DDA Community Hall, Chandi Wali Gali | Closed · Opens 10 am Thu · 096672 69300",https://www.google.com/maps/place/Delhi+Foundation+of+Deaf+Women/data=!4m7!3m6!1s0x390cfd41237bcab3:0xc7f2e42deb3b3772!8m2!3d28.6420328!4d77.2151421!16s%2Fg%2F1tfrkqnc!19sChIJs8p7I0H9DDkRcjc76y3k8sc?authuser=0&hl=en&g_ep=EgoyMDI2MDkyNy4xIJJjKgBIAVAD&rclk=1,NGO in Connaught Place Delhi
Indian Red Cross Society National Headquarter,0.0,1011,"Indian Red Cross Society National Headquarter | 4.4(1,011) | Volunteer organization ·  · Sansad Marg, 1, Red Cross Rd | Open 24 hours · 011 2371 6441",https://www.google.com/maps/place/Indian+Red+Cross+Society+National+Headquarter/data=!4m7!3m6!1s0x390d0f2ba33f4dcb:0x3799dbde183e6287!8m2!3d28.6185752!4d77.2109052!16s%2Fg%2F1tmqk4rl!19sChIJy00_oysPDTkRh2I-GN7bmTc?authuser=0&hl=en&g_ep=EgoyMDI2MDkyNy4xIJJjKgBIAVAD&rclk=1,NGO in Connaught Place Delhi
PATH,0.0,17,"PATH | 4.5(17) | Corporate office ·  · 15th Floor, New Barakhamba Rd, Gopal Das Building | Closes soon · 6 pm · Opens 9 am Thu · 011 4064 0000",https://www.google.com/maps/place/PATH/data=!4m7!3m6!1s0x390cfd3147d99473:0xc696e300567541dc!8m2!3d28.6313861!4d77.2233265!16s%2Fg%2F11d_8m6p5f!19sChIJc5TZRzH9DDkR3EF1VgDjlsY?authuser=0&hl=en&g_ep=EgoyMDI2MDkyNy4xIJJjKgBIAVAD&rclk=1,NGO in Connaught Place Delhi
CHILD UMEED Trust,0.0,3,"CHILD UMEED Trust | 4.3(3) | Charity · 21/1 2nd floor, Bhai Vir Singh Marg | Closed · Opens 10 pm Fri · 097181 78259",https://www.google.com/maps/place/CHILD+UMEED+Trust/data=!4m7!3m6!1s0x390cfd51d2b2de77:0x658a3e524fb48edc!8m2!3d28.6308146!4d77.2053602!16s%2Fg%2F11sgv577b5!19sChIJd96y0lH9DDkR3I60T1I-imU?authuser=0&hl=en&g_ep=EgoyMDI2MDkyNy4xIJJjKgBIAVAD&rclk=1,NGO in Connaught Place Delhi
YES WE CAN,0.0,7,"YES WE CAN | 4.4(7) | Non-governmental organization · BASEMENT, 2638, Asaf Ali Rd, near MOTHER DAIRY, opp. HANUMAN VATIKA | 099900 22447",https://www.google.com/maps/place/YES+WE+CAN/data=!4m7!3m6!1s0x390cfdfa14c248f3:0x273c6235911c2f33!8m2!3d28.6431636!4d77.2298305!16s%2Fg%2F11fspgbq1f!19sChIJ80jCFPr9DDkRMy8ckTViPCc?authuser=0&hl=en&g_ep=EgoyMDI2MDkyNy4xIJJjKgBIAVAD&rclk=1,NGO in Connaught Place Delhi
SATHI Organisation,0.0,3,"SATHI Organisation | 5.0(3) | Social worker · 3443, Dariba Pan Rd | Open 24 hours · 095406 18618",https://www.google.com/maps/place/SATHI+Organisation/data=!4m7!3m6!1s0x390cfcd9375f17ed:0xb0fa29006c0e98b7!8m2!3d28.6441929!4d77.2156344!16s%2Fg%2F11d_7tp0q7!19sChIJ7RdfN9n8DDkRt5gObAAp-rA?authuser=0&hl=en&g_ep=EgoyMDI2MDkyNy4xIJJjKgBIAVAD&rclk=1,NGO in Connaught Place Delhi
Aadhya Durga Foundation Trust (Regd.),0.0,1,"Aadhya Durga Foundation Trust (Regd.) | 5.0(1) | Non-profit organization · Hamadard Wellness, DDA FLATS KALI MASJID, Asaf Ali Rd, near Ravidass Mandir | Open · Closes 8:30 pm · 093107 44792",https://www.google.com/maps/place/Aadhya+Durga+Foundation+Trust+%28Regd.%29/data=!4m7!3m6!1s0x390cfd6452db5315:0x906268c1b93a899c!8m2!3d28.6437148!4d77.2272296!16s%2Fg%2F11n4xlgbrs!19sChIJFVPbUmT9DDkRnIk6ucFoYpA?authuser=0&hl=en&g_ep=EgoyMDI2MDkyNy4xIJJjKgBIAVAD&rclk=1,NGO in Connaught Place Delhi
Abhivyakti Foundation,0.0,9,"Abhivyakti Foundation | 4.8(9) | Charity · Dreamland Building, 403, 1/18-B, Asaf Ali Rd | Closed · Opens 10 am Thu · 011 2323 2102",https://www.google.com/maps/place/Abhivyakti+Foundation/data=!4m7!3m6!1s0x390cfd3d1c8126b7:0x660a8be275c3a955!8m2!3d28.6447254!4d77.227025!16s%2Fg%2F1tcyvt8g!19sChIJtyaBHD39DDkRVanDdeKLCmY?authuser=0&hl=en&g_ep=EgoyMDI2MDkyNy4xIJJjKgBIAVAD&rclk=1,NGO in Connaught Place Delhi
Mission 100 Crore Tree,0.0,22,Mission 100 Crore Tree | 4.9(22) | Environmental organization · Himachal Bhawan | Open 24 hours · 099119 09174,https://www.google.com/maps/place/Mission+100+Crore+Tree/data=!4m7!3m6!1s0x390cfd82527392af:0xb597c7b05000d8b8!8m2!3d28.6261299!4d77.2320143!16s%2Fg%2F11sxwzyvnd!19sChIJr5JzUoL9DDkRuNgAULDHl7U?authuser=0&hl=en&g_ep=EgoyMDI2MDkyNy4xIJJjKgBIAVAD&rclk=1,NGO in Connaught Place Delhi
Pakhi Social Services Organization,0.0,2,"Pakhi Social Services Organization | 5.0(2) | Corporate office · House 501, Pawan, Top Floor, G-39, Middle Cir | 011 4154 0001",https://www.google.com/maps/place/Pakhi+Social+Services+Organization/data=!4m7!3m6!1s0x390cfd377283f6a9:0xfdec342686b563bf!8m2!3d28.6319455!4d77.2171652!16s%2Fg%2F11dyx82hbd!19sChIJqfaDcjf9DDkRv2O1hiY07P0?authuser=0&hl=en&g_ep=EgoyMDI2MDkyNy4xIJJjKgBIAVAD&rclk=1,NGO in Connaught Place Delhi
Public Voice NGO,0.0,0,"Public Voice NGO | No reviews | Youth social services organization · 5216 G.F, Basant Rd | Open · Closes 8 pm · 098113 42456",https://www.google.com/maps/place/Public+Voice+NGO/data=!4m7!3m6!1s0x390cfdcc32840de1:0xb5c2fb6aa3fac54a!8m2!3d28.6389365!4d77.2156971!16s%2Fg%2F11kq9cs1pv!19sChIJ4Q2EMsz9DDkRSsX6o2r7wrU?authuser=0&hl=en&g_ep=EgoyMDI2MDkyNy4xIJJjKgBIAVAD&rclk=1,NGO in Connaught Place Delhi
Nagrik Foundation,0.0,0,"Nagrik Foundation | No reviews | Social services organization · 8B, Vandana Building, 11 Tolstoy Marg | 011 4350 2031",https://www.google.com/maps/place/Nagrik+Foundation/data=!4m7!3m6!1s0x390cfd34f5909d6f:0x3ed177b3086b40d2!8m2!3d28.626577!4d77.221609!16s%2Fg%2F11c2qk_h63!19sChIJb52Q9TT9DDkR0kBrCLN30T4?authuser=0&hl=en&g_ep=EgoyMDI2MDkyNy4xIJJjKgBIAVAD&rclk=1,NGO in Connaught Place Delhi
Caritas India,0.0,81,"Caritas India | 4.8(81) | Non-governmental organization ·  · CBCI Centre, 1, Gol Dak Khana Roundabout | Temporarily closed · 011 2336 3390",https://www.google.com/maps/place/Caritas+India/data=!4m7!3m6!1s0x390cfd4dffce1a87:0xcc69c33d619fb12a!8m2!3d28.6279486!4d77.2059609!16s%2Fg%2F11b7kk1n3v!19sChIJhxrO_039DDkRKrGfYT3Dacw?authuser=0&hl=en&g_ep=EgoyMDI2MDkyNy4xIJJjKgBIAVAD&rclk=1,NGO in Connaught Place Delhi
Habitat for Humanity India,0.0,5,"Habitat for Humanity India | 4.4(5) | Non-profit organization · 1st Floor, Police Station, 38, Hanuman Rd, behind Connaught Place | Temporarily closed",https://www.google.com/maps/place/Habitat+for+Humanity+India/data=!4m7!3m6!1s0x390ce2b2bb70647d:0xb6b1653fe0a0681!8m2!3d28.6291097!4d77.2151411!16s%2Fg%2F11c5swd4q2!19sChIJfWRwu7LiDDkRgQYK_lMWaws?authuser=0&hl=en&g_ep=EgoyMDI2MDkyNy4xIJJjKgBIAVAD&rclk=1,NGO in Connaught Place Delhi
PRATYeK,0.0,24,"PRATYeK | 4.5(24) | Foundation · PRATYeK, Top Floor, Sector 4, 1, Bhai Vir Singh Marg | Temporarily closed · 011 2374 3095",https://www.google.com/maps/place/PRATYeK/data=!4m7!3m6!1s0x390cfd51ce72cd2d:0x7af166b39c701f0e!8m2!3d28.6287938!4d77.2048279!16s%2Fg%2F11c20svhd6!19sChIJLc1yzlH9DDkRDh9wnLNm8Xo?authuser=0&hl=en&g_ep=EgoyMDI2MDkyNy4xIJJjKgBIAVAD&rclk=1,NGO in Connaught Place Delhi
Helping Hand,0.0,13,Helping Hand | 4.8(13) | Non-governmental organization · 5303 | Temporarily closed · 011 6462 8600,https://www.google.com/maps/place/Helping+Hand/data=!4m7!3m6!1s0x390cfd40ccc2ff69:0x73ed885f215cea77!8m2!3d28.640478!4d77.215602!16s%2Fg%2F12hk5z_0h!19sChIJaf_CzED9DDkRd-pcIV-I7XM?authuser=0&hl=en&g_ep=EgoyMDI2MDkyNy4xIJJjKgBIAVAD&rclk=1,NGO in Connaught Place Delhi
help donors,0.0,4,"help donors | 4.8(4) | Blood donation center · J6HC+66R, Tolstoy Ln | Temporarily closed",https://www.google.com/maps/place/help+donors/data=!4m7!3m6!1s0x390cfd343500dd35:0xcbf627a149e17164!8m2!3d28.6281081!4d77.2205194!16s%2Fg%2F11t_qnvf2s!19sChIJNd0ANTT9DDkRZHHhSaEn9ss?authuser=0&hl=en&g_ep=EgoyMDI2MDkyNy4xIJJjKgBIAVAD&rclk=1,NGO in Connaught Place Delhi
UPAY (Karol Bagh Center),0.0,24,UPAY (Karol Bagh Center) | 4.9(24) | Non-governmental organization · 3776/19 | Closed · Opens 3 pm Thu · 084472 84956,https://www.google.com/maps/place/UPAY+%28Karol+Bagh+Center%29/data=!4m7!3m6!1s0x390d029b89dc5ed1:0x3c149e4d8c4b55d2!8m2!3d28.6511059!4d77.1884357!16s%2Fg%2F11gcyr6m3w!19sChIJ0V7ciZsCDTkR0lVLjE2eFDw?authuser=0&hl=en&g_ep=EgoyMDI2MDkyNy4xIJJjKgBIAVAD&rclk=1,NGO in Karol Bagh Delhi
Jai kavita foundation,0.0,72,"Jai kavita foundation | 5.0(72) | Non-profit organization · Office 315, 4th floor, Dhaka Chambers, 2068/38-39 | Open · Closes 7 pm · 088820 44289",https://www.google.com/maps/place/Jai+kavita+foundation/data=!4m7!3m6!1s0x390cfdea7d955599:0x721f9262ea91ef62!8m2!3d28.6461729!4d77.1965686!16s%2Fg%2F11v0y8t6ss!19sChIJmVWVfer9DDkRYu-R6mKSH3I?authuser=0&hl=en&g_ep=EgoyMDI2MDkyNy4xIJJjKgBIAVAD&rclk=1,NGO in Karol Bagh Delhi
Beti ek Lakshya Foundation,0.0,55,"Beti ek Lakshya Foundation | 5.0(55) | Non-governmental organization · 15A, 2 | Closes soon · 6 pm · Opens 11 am Thu · 096253 08001",https://www.google.com/maps/place/Beti+ek+Lakshya+Foundation/data=!4m7!3m6!1s0x390cfdf4c134cc4f:0xbdaea911576094f!8m2!3d28.6456553!4d77.1874056!16s%2Fg%2F11l1d9ybbn!19sChIJT8w0wfT9DDkRTwl2FZHq2gs?authuser=0&hl=en&g_ep=EgoyMDI2MDkyNy4xIJJjKgBIAVAD&rclk=1,NGO in Karol Bagh Delhi
Shiksha Bank,0.0,126,"Shiksha Bank | 4.7(126) | Non-governmental organization · 11255, opp. Sawli Murti Mandir | Closed · Opens 12 pm Thu · 088609 30930",https://www.google.com/maps/place/Shiksha+Bank/data=!4m7!3m6!1s0x390cfd82be0a70b1:0x78b8b5183e90d2c4!8m2!3d28.6569122!4d77.1989791!16s%2Fg%2F11nsvdn17n!19sChIJsXAKvoL9DDkRxNKQPhi1uHg?authuser=0&hl=en&g_ep=EgoyMDI2MDkyNy4xIJJjKgBIAVAD&rclk=1,NGO in Karol Bagh Delhi
BANDHU INDIA,0.0,2,"BANDHU INDIA | 5.0(2) | Non-governmental organization · Plot No, 871, E Park Rd | Open 24 hours · 098186 14464",https://www.google.com/maps/place/BANDHU+INDIA/data=!4m7!3m6!1s0x390cfdc944d46547:0xb2ecb4b0cdc8b11e!8m2!3d28.6540112!4d77.1996196!16s%2Fg%2F11h3jhv41y!19sChIJR2XURMn9DDkRHrHIzbC07LI?authuser=0&hl=en&g_ep=EgoyMDI2MDkyNy4xIJJjKgBIAVAD&rclk=1,NGO in Karol Bagh Delhi
Apna Parivar,0.0,4,"Apna Parivar | 5.0(4) | Social services organization · Durga Chamber, B-8/1334, Desh Bandhu Gupta Rd | Open · Closes 7 pm · 098712 41668",https://www.google.com/maps/place/Apna+Parivar/data=!4m7!3m6!1s0x390cfd3831dfb593:0xa1fdd869c58fc214!8m2!3d28.6504919!4d77.1962991!16s%2Fg%2F11f7gpsw6f!19sChIJk7XfMTj9DDkRFMKPxWnY_aE?authuser=0&hl=en&g_ep=EgoyMDI2MDkyNy4xIJJjKgBIAVAD&rclk=1,NGO in Karol Bagh Delhi
Jugnu - Let's make everyone shine,0.0,4,"Jugnu - Let's make everyone shine | 4.5(4) | Social services organization · 16/459, Military Rd | Closes soon · 6 pm · Opens 10 am Thu · 096549 67749",https://www.google.com/maps/place/Jugnu+-+Let%27s+make+everyone+shine/data=!4m7!3m6!1s0x390d0125f8963805:0x760f9eac965c3e5f!8m2!3d28.65694!4d77.181457!16s%2Fg%2F11f3x6t22j!19sChIJBTiW-CUBDTkRXz5clqyeD3Y?authuser=0&hl=en&g_ep=EgoyMDI2MDkyNy4xIJJjKgBIAVAD&rclk=1,NGO in Karol Bagh Delhi
Keep Hope Alive Trust ( KHAT ),0.0,15,"Keep Hope Alive Trust ( KHAT ) | 5.0(15) | Non-governmental organization · 4th Floor, Flat No. 402 | Closed · Opens 10 am Thu · 099110 69995",https://www.google.com/maps/place/Keep+Hope+Alive+Trust+%28+KHAT+%29/data=!4m7!3m6!1s0x390d035d4e05c627:0x53a97232f03a8482!8m2!3d28.6458129!4d77.1782757!16s%2Fg%2F11z735hx7b!19sChIJJ8YFTl0DDTkRgoQ68DJyqVM?authuser=0&hl=en&g_ep=EgoyMDI2MDkyNy4xIJJjKgBIAVAD&rclk=1,NGO in Karol Bagh Delhi
Gautam Gambhir Foundation,0.0,40,"Gautam Gambhir Foundation | 4.8(40) | Non-profit organization · Number - 22, Pusa Rd | Open · Closes 9 pm · 089202 64346",https://www.google.com/maps/place/Gautam+Gambhir+Foundation/data=!4m7!3m6!1s0x390d0297de4cf675:0xde147c622694307!8m2!3d28.6430593!4d77.1814673!16s%2Fg%2F11fnw180fq!19sChIJdfZM3pcCDTkRB0NpIsZH4Q0?authuser=0&hl=en&g_ep=EgoyMDI2MDkyNy4xIJJjKgBIAVAD&rclk=1,NGO in Karol Bagh Delhi
Those In Need,0.0,23,"Those In Need | 4.9(23) | Youth social services organization · 3rd Floor, 3391 | Open 24 hours · 097111 58343",https://www.google.com/maps/place/Those+In+Need/data=!4m7!3m6!1s0x390d03d08ab6e6ab:0xd4605928b026330e!8m2!3d28.6707032!4d77.2051656!16s%2Fg%2F11c5h3qwc_!19sChIJq-a2itADDTkRDjMmsChZYNQ?authuser=0&hl=en&g_ep=EgoyMDI2MDkyNy4xIJJjKgBIAVAD&rclk=1,NGO in Karol Bagh Delhi
Gurudikshaam (NGO),0.0,229,"Gurudikshaam (NGO) | 4.9(229) | Education center · metro station gate, WZ-9, near Ashok Park | Closes soon · 6 pm · Opens 11 am Thu · 098110 27566",https://www.google.com/maps/place/Gurudikshaam+%28NGO%29/data=!4m7!3m6!1s0x390d03f7ed36a2a9:0x3f250f0f87403e17!8m2!3d28.6712657!4d77.1557162!16s%2Fg%2F11f8hsvyst!19sChIJqaI27fcDDTkRFz5Ahw8PJT8?authuser=0&hl=en&g_ep=EgoyMDI2MDkyNy4xIJJjKgBIAVAD&rclk=1,NGO in Karol Bagh Delhi
SAFE NATION FOUNDATION ( NGO ),0.0,100,SAFE NATION FOUNDATION ( NGO ) | 4.9(100) | Non-governmental organization | Closed · Opens 9 am Thu · 095822 97372,https://www.google.com/maps/place/SAFE+NATION+FOUNDATION+%28+NGO+%29/data=!4m7!3m6!1s0x390cffb58ff05881:0xd632de4c1302b5fe!8m2!3d28.667302!4d77.183722!16s%2Fg%2F11gjj27rmq!19sChIJgVjwj7X_DDkR_rUCE0zeMtY?authuser=0&hl=en&g_ep=EgoyMDI2MDkyNy4xIJJjKgBIAVAD&rclk=1,NGO in Karol Bagh Delhi
Rashtriya Sewa Bharati,0.0,121,"Rashtriya Sewa Bharati | 4.6(121) | Non-governmental organization ·  · Basement, BD-37, Gali Number 14, Faiz Rd | Closes soon · 6 pm · Opens 10 am Thu · 098682 45005",https://www.google.com/maps/place/Rashtriya+Sewa+Bharati/data=!4m7!3m6!1s0x390cfd6403c2dea3:0xcca58f72f6db8da3!8m2!3d28.6507874!4d77.2006468!16s%2Fg%2F11f403jgfs!19sChIJo97CA2T9DDkRo43b9nKPpcw?authuser=0&hl=en&g_ep=EgoyMDI2MDkyNy4xIJJjKgBIAVAD&rclk=1,NGO in Karol Bagh Delhi
Nayi Soch Foundation,0.0,16,"Nayi Soch Foundation | 5.0(16) | Foundation · E16, 1291 92, Padam Singh Rd | Open · Closes 8 pm · 092134 37070",https://www.google.com/maps/place/Nayi+Soch+Foundation/data=!4m7!3m6!1s0x390d029eecfc54ad:0x31971ebb300c4ee1!8m2!3d28.6528089!4d77.1818858!16s%2Fg%2F11k45_6y20!19sChIJrVT87J4CDTkR4U4MMLselzE?authuser=0&hl=en&g_ep=EgoyMDI2MDkyNy4xIJJjKgBIAVAD&rclk=1,NGO in Karol Bagh Delhi
Hamara Book Bank - Non Profit Organisation,0.0,277,"Hamara Book Bank - Non Profit Organisation | 4.7(277) | Non-governmental organization ·  · T-2321, Basement, Ft Hanuman Mandir, Link Road Circle, in-front of Rajkiya Pratibha Vikas Vidyalaya, opposite 108 | Closed · Opens 11 am Thu · 088600 41466",https://www.google.com/maps/place/Hamara+Book+Bank+-+Non+Profit+Organisation/data=!4m7!3m6!1s0x390cfd4026f700e1:0x3385e9bf64f80bf4!8m2!3d28.6461302!4d77.1977256!16s%2Fg%2F11cm4c6gns!19sChIJ4QD3JkD9DDkR9Av4ZL_phTM?authuser=0&hl=en&g_ep=EgoyMDI2MDkyNy4xIJJjKgBIAVAD&rclk=1,NGO in Karol Bagh Delhi
Karam Bhumi Foundation NGO Delhi India,0.0,5,Karam Bhumi Foundation NGO Delhi India | 4.8(5) | Non-governmental organization | Closes soon · 6 pm · Opens 9 am Thu · 098991 45516,https://www.google.com/maps/place/Karam+Bhumi+Foundation+NGO+Delhi+India/data=!4m7!3m6!1s0x390d02f756760eaf:0x4f44dcd4bc4724b6!8m2!3d28.5273522!4d77.2089851!16s%2Fg%2F11bw1zf4rn!19sChIJrw52VvcCDTkRtiRHvNTcRE8?authuser=0&hl=en&g_ep=EgoyMDI2MDkyNy4xIJJjKgBIAVAD&rclk=1,NGO in Karol Bagh Delhi
Sewa International,0.0,51,"Sewa International | 4.7(51) | Non-profit organization · Site 11, Sewa International, First Floor, Plot 8, near SD Public School | Closes soon · 6 pm · Opens 10 am Thu · 011 4300 7650",https://www.google.com/maps/place/Sewa+International/data=!4m7!3m6!1s0x390d029367fc41e5:0x5184036111befdc6!8m2!3d28.6480009!4d77.169047!16s%2Fg%2F11clhqfb34!19sChIJ5UH8Z5MCDTkRxv2-EWEDhFE?authuser=0&hl=en&g_ep=EgoyMDI2MDkyNy4xIJJjKgBIAVAD&rclk=1,NGO in Karol Bagh Delhi
vidya vijay foundation,0.0,31,"vidya vijay foundation | 4.9(31) | Non-governmental organization · upper ground floor, 26/66 | Open · Closes 8 pm · 099991 30332",https://www.google.com/maps/place/vidya+vijay+foundation/data=!4m7!3m6!1s0x390d03f59e2682cf:0x598d6fab9f56a33b!8m2!3d28.651827!4d77.164467!16s%2Fg%2F11lf1p359p!19sChIJz4ImnvUDDTkRO6NWn6tvjVk?authuser=0&hl=en&g_ep=EgoyMDI2MDkyNy4xIJJjKgBIAVAD&rclk=1,NGO in Karol Bagh Delhi
Father's house NGO,0.0,68,"Father's house NGO | 4.9(68) | Education center · F - 50 Block F PUNJABI BASTI, near RAMJUS GROUND | Closed · Opens 9 am Thu · 099998 96495",https://www.google.com/maps/place/Father%27s+house+NGO/data=!4m7!3m6!1s0x390d03c6ca8a9e6f:0xa592c9fad2f2838b!8m2!3d28.6602677!4d77.1680169!16s%2Fg%2F11kk7p2s8l!19sChIJb56KysYDDTkRi4Py0vrJkqU?authuser=0&hl=en&g_ep=EgoyMDI2MDkyNy4xIJJjKgBIAVAD&rclk=1,NGO in Karol Bagh Delhi
Ek Ehsaas Foundation (EEF) NGO,0.0,501,"Ek Ehsaas Foundation (EEF) NGO | 5.0(501) | Foundation · ground, R-77 (upper, Krishna Mandir Gali | Closed · Opens 10:30 am Thu · 098181 04084",https://www.google.com/maps/place/Ek+Ehsaas+Foundation+%28EEF%29+NGO/data=!4m7!3m6!1s0x390d01b6c4795ff9:0xbb7c6cd205d593f8!8m2!3d28.7126929!4d77.1858352!16s%2Fg%2F11my98_dpm!19sChIJ-V95xLYBDTkR-JPVBdJsfLs?authuser=0&hl=en&g_ep=EgoyMDI2MDkyNy4xIJJjKgBIAVAD&rclk=1,NGO in Karol Bagh Delhi
NSSS FOUNDATION N.G.O,0.0,649,"NSSS FOUNDATION N.G.O | 5.0(649) | Non-governmental organization · D3, 51-52 | Closed · Opens 9 am Thu · 096544 20600",https://www.google.com/maps/place/NSSS+FOUNDATION+N.G.O/data=!4m7!3m6!1s0x390d01c457e317f1:0x46157a42023dc8f1!8m2!3d28.7307119!4d77.110549!16s%2Fg%2F11tws6fcp9!19sChIJ8RfjV8QBDTkR8cg9AkJ6FUY?authuser=0&hl=en&g_ep=EgoyMDI2MDkyNy4xIJJjKgBIAVAD&rclk=1,NGO in Karol Bagh Delhi
Karuna The Compassion,0.0,2377,"Karuna The Compassion | 4.9(2,377) | Non-profit organization ·  · G 521,Land mark, near Kushal Hall | Open now · 081781 63708",https://www.google.com/maps/place/Karuna+The+Compassion/data=!4m7!3m6!1s0x390d01ec8cd0fc41:0x24b991a7f8aa81f8!8m2!3d28.725872!4d77.1740821!16s%2Fg%2F12qflc648!19sChIJQfzQjOwBDTkR-IGq-KeRuSQ?authuser=0&hl=en&g_ep=EgoyMDI2MDkyNy4xIJJjKgBIAVAD&rclk=1,NGO in Karol Bagh Delhi
PANKH NGO,0.0,45,"PANKH NGO | 4.9(45) | Social welfare center ·  · N 77°06, B-6/177 Sector 3, Rohini 28°42'00.1, 35.6""E | Open · Closes 8 pm · 098999 26293",https://www.google.com/maps/place/PANKH+NGO/data=!4m7!3m6!1s0x390d01d03d0e2cfd:0xf39a89290c10b655!8m2!3d28.6996564!4d77.1098366!16s%2Fg%2F11vdkcsst2!19sChIJ_SwOPdABDTkRVbYQDCmJmvM?authuser=0&hl=en&g_ep=EgoyMDI2MDkyNy4xIJJjKgBIAVAD&rclk=1,NGO in Karol Bagh Delhi
EHSAS NGO,0.0,81,"EHSAS NGO | 4.8(81) | Non-governmental organization · Aradhana Bhawan, 304-305 | Open · Closes 7 pm · 098113 11405",https://www.google.com/maps/place/EHSAS+NGO/data=!4m7!3m6!1s0x390d037dbd316047:0x3b14f919b13e4e91!8m2!3d28.7100122!4d77.1785498!16s%2Fg%2F11nn3qc3cm!19sChIJR2AxvX0DDTkRkU4-sRn5FDs?authuser=0&hl=en&g_ep=EgoyMDI2MDkyNy4xIJJjKgBIAVAD&rclk=1,NGO in Karol Bagh Delhi
24x7 Care Foundation | NGO for Senior Citizens,0.0,123,"24x7 Care Foundation | NGO for Senior Citizens | 4.9(123) | Non-profit organization ·  · D-Mall, Unit No. - 423 4th floor, 110085 | Open · Closes 7 pm · 070652 06000",https://www.google.com/maps/place/24x7+Care+Foundation+%7C+NGO+for+Senior+Citizens/data=!4m7!3m6!1s0x390d03fdbe93b151:0x3bd57324956d1153!8m2!3d28.7164347!4d77.1140208!16s%2Fg%2F11f54n4fp4!19sChIJUbGTvv0DDTkRUxFtlSRz1Ts?authuser=0&hl=en&g_ep=EgoyMDI2MDkyNy4xIJJjKgBIAVAD&rclk=1,NGO in Karol Bagh Delhi
Nitya Foundation,0.0,23,"Nitya Foundation | 5.0(23) | Non-governmental organization ·  · H-28, Om Complex, 1st Floor | Closes soon · 6 pm · Opens 9:30 am Thu · 098188 85691",https://www.google.com/maps/place/Nitya+Foundation/data=!4m7!3m6!1s0x390ce35318555555:0x11525841db62748d!8m2!3d28.632469!4d77.2790363!16s%2Fg%2F11hbsj021h!19sChIJVVVVGFPjDDkRjXRi20FYUhE?authuser=0&hl=en&g_ep=EgoyMDI2MDkyNy4xIJJjKgBIAVAD&rclk=1,NGO in Karol Bagh Delhi
Whitevision OPC Private Limited,0.0,76,"Whitevision OPC Private Limited | 4.9(76) | Business to business service · 8840/14 Shidi Pura Raja lane, New Rohtak Rd | Closes soon · 6:30 pm · Opens 10 am Thu · 089296 96227",https://www.google.com/maps/place/Whitevision+OPC+Private+Limited/data=!4m7!3m6!1s0x390d03097a246bb9:0x8d17412deae2a749!8m2!3d28.655195!4d77.2014048!16s%2Fg%2F11q1r26hdz!19sChIJuWskegkDDTkRSafi6i1BF40?authuser=0&hl=en&g_ep=EgoyMDI2MDkyNy4xIJJjKgBIAVAD&rclk=1,NGO in Karol Bagh Delhi
Office Samriddhi Ki Aur NGO,0.0,2,"Office Samriddhi Ki Aur NGO | 4.0(2) | Social worker · EG109, Main Rd | Open · Closes 8 pm",https://www.google.com/maps/place/Office+Samriddhi+Ki+Aur+NGO/data=!4m7!3m6!1s0x390d030023102117:0x3db1b516fc064901!8m2!3d28.6321481!4d77.1456898!16s%2Fg%2F11zkllyq3r!19sChIJFyEQIwADDTkRAUkG_Ba1sT0?authuser=0&hl=en&g_ep=EgoyMDI2MDkyNy4xIJJjKgBIAVAD&rclk=1,NGO in Karol Bagh Delhi
Kalpvriksh-Ek Chota Prayas NGO,0.0,26,"Kalpvriksh-Ek Chota Prayas NGO | 5.0(26) | Non-governmental organization · Wz A23, Gali Number 3 | Open 24 hours",https://www.google.com/maps/place/Kalpvriksh-Ek+Chota+Prayas+NGO/data=!4m7!3m6!1s0x390d031f7c2d3465:0xec85294b573d005f!8m2!3d28.635441!4d77.10564!16s%2Fg%2F11q2tjfbpq!19sChIJZTQtfB8DDTkRXwA9V0sphew?authuser=0&hl=en&g_ep=EgoyMDI2MDkyNy4xIJJjKgBIAVAD&rclk=1,NGO in Karol Bagh Delhi
Hum Honge Kamyab Foundation,0.0,5,"Hum Honge Kamyab Foundation | 4.8(5) | Non-governmental organization · S. K. Tower, 9988/B-1, New Rohtak Rd | Closes soon · 6 pm · Opens 10 am Thu · 088606 19144",https://www.google.com/maps/place/Hum+Honge+Kamyab+Foundation/data=!4m7!3m6!1s0x390d03060e30b10b:0xb61b33328a833797!8m2!3d28.663635!4d77.1815484!16s%2Fg%2F11h6lz9f3z!19sChIJC7EwDgYDDTkRlzeDijIzG7Y?authuser=0&hl=en&g_ep=EgoyMDI2MDkyNy4xIJJjKgBIAVAD&rclk=1,NGO in Karol Bagh Delhi
CHILD CARE AND WOMAN WELFARE SOCIETY NGO ALL OVER INDIA,0.0,10,"CHILD CARE AND WOMAN WELFARE SOCIETY NGO ALL OVER INDIA | 3.9(10) | Social welfare center · GROUND FLOOR, DDA MARKET, H-29, Anand Vas | Open · Closes 7:30 pm · 098180 52111",https://www.google.com/maps/place/CHILD+CARE+AND+WOMAN+WELFARE+SOCIETY+NGO+ALL+OVER+INDIA/data=!4m7!3m6!1s0x390d03815fb5195b:0xe60944520d8fef7a!8m2!3d28.6897553!4d77.1482012!16s%2Fg%2F11h23wv2ff!19sChIJWxm1X4EDDTkReu-PDVJECeY?authuser=0&hl=en&g_ep=EgoyMDI2MDkyNy4xIJJjKgBIAVAD&rclk=1,NGO in Karol Bagh Delhi
punjabi welfare trust (ngo),0.0,12,"punjabi welfare trust (ngo) | 5.0(12) | Non-profit organization · N 77°07, 1/32 Sadar bazar Delhi cantt ground floor near DAV school 28°35'47.5, 20.5""E | Open · Closes 9 pm · 078349 92799",https://www.google.com/maps/place/punjabi+welfare+trust+%28ngo%29/data=!4m7!3m6!1s0x390d1df8f0b98dc1:0x2b62f07bbb3d68fc!8m2!3d28.5964599!4d77.1224329!16s%2Fg%2F11xp27bv4v!19sChIJwY258PgdDTkR_Gg9u3vwYis?authuser=0&hl=en&g_ep=EgoyMDI2MDkyNy4xIJJjKgBIAVAD&rclk=1,NGO in Karol Bagh Delhi
Sparsh Ngo,0.0,154,"Sparsh Ngo | 4.0(154) | Non-governmental organization ·  · Sumer Chand Bhawan, Som Bazar Rd | Closed · Opens 9 am Thu · 078386 54364",https://www.google.com/maps/place/Sparsh+Ngo/data=!4m7!3m6!1s0x390d014d6aaaaaab:0x735e0152e540f7dc!8m2!3d28.713972!4d77.105038!16s%2Fg%2F1thf6yw_!19sChIJq6qqak0BDTkR3PdA5VIBXnM?authuser=0&hl=en&g_ep=EgoyMDI2MDkyNy4xIJJjKgBIAVAD&rclk=1,NGO in Karol Bagh Delhi
VridhCare NGO,0.0,43,"VridhCare NGO | 4.9(43) | Non-profit organization · 5th Floor, Pearls Best Heights - 1 | Closes soon · 6 pm · Opens 10 am Thu · 087008 51044",https://www.google.com/maps/place/VridhCare+NGO/data=!4m7!3m6!1s0x390d023370000001:0xd21f687a98b72408!8m2!3d28.6927084!4d77.1516849!16s%2Fg%2F11jlmzpx0x!19sChIJAQAAcDMCDTkRCCS3mHpoH9I?authuser=0&hl=en&g_ep=EgoyMDI2MDkyNy4xIJJjKgBIAVAD&rclk=1,NGO in Karol Bagh Delhi
Aman Doot NGO (R),0.0,18,"Aman Doot NGO (R) | 4.4(18) | Non-profit organization · D-6, Main Road | Open 24 hours · 091362 47182",https://www.google.com/maps/place/Aman+Doot+NGO+%28R%29/data=!4m7!3m6!1s0x390cfcf5dc37d4fb:0x3f74265dd739d602!8m2!3d28.6714832!4d77.2581762!16s%2Fg%2F11c31r29y0!19sChIJ-9Q33PX8DDkRAtY5110mdD8?authuser=0&hl=en&g_ep=EgoyMDI2MDkyNy4xIJJjKgBIAVAD&rclk=1,NGO in Karol Bagh Delhi
Heal The Globe Foundation,0.0,33,"Heal The Globe Foundation | 4.9(33) | Non-governmental organization · 774/20, village | Open · Closes 7 pm · 074289 53363",https://www.google.com/maps/place/Heal+The+Globe+Foundation/data=!4m7!3m6!1s0x390d1f54f5c66e1d:0x8d97deeae86e5c34!8m2!3d28.4956835!4d77.1664945!16s%2Fg%2F11sn_2mb52!19sChIJHW7G9VQfDTkRNFxu6Orel40?authuser=0&hl=en&g_ep=EgoyMDI2MDkyNy4xIJJjKgBIAVAD&rclk=1,NGO in Karol Bagh Delhi
DELHI CRIME NGO,0.0,5,"DELHI CRIME NGO | 4.2(5) | Social services organization · B-8, 3rd FLOOR | Open 24 hours",https://www.google.com/maps/place/DELHI+CRIME+NGO/data=!4m7!3m6!1s0x390d039bdf9ee741:0x72d4a546f19abb15!8m2!3d28.6595247!4d77.142879!16s%2Fg%2F11jwt_x5mf!19sChIJQeee35sDDTkRFbua8Ual1HI?authuser=0&hl=en&g_ep=EgoyMDI2MDkyNy4xIJJjKgBIAVAD&rclk=1,NGO in Karol Bagh Delhi
Nirvana NGO,0.0,11,"Nirvana NGO | 4.6(11) | Non-governmental organization · 5/50 first floor, Sec 16 | Closes soon · 6 pm · Opens 11 am Thu · 078385 55663",https://www.google.com/maps/place/Nirvana+NGO/data=!4m7!3m6!1s0x390d01168610fadb:0xe6764b633c665608!8m2!3d28.7358942!4d77.1286829!16s%2Fg%2F11q8j_pyxl!19sChIJ2_oQhhYBDTkRCFZmPGNLduY?authuser=0&hl=en&g_ep=EgoyMDI2MDkyNy4xIJJjKgBIAVAD&rclk=1,NGO in Karol Bagh Delhi
Kranti foundation NGO,0.0,3,"Kranti foundation NGO | 4.3(3) | Social worker · D-113, Street No. 4, near happy time public school | Open 24 hours",https://www.google.com/maps/place/Kranti+foundation+NGO/data=!4m7!3m6!1s0x390cfd102b7a6efb:0x3c7a8358d1ee587a!8m2!3d28.6980457!4d77.2639604!16s%2Fg%2F11p5hl6zmx!19sChIJ-256KxD9DDkRelju0ViDejw?authuser=0&hl=en&g_ep=EgoyMDI2MDkyNy4xIJJjKgBIAVAD&rclk=1,NGO in Karol Bagh Delhi
Mobius Foundation - NGO Sustainability Development,0.0,20,"Mobius Foundation - NGO Sustainability Development | 4.2(20) | Non-profit organization · 301, 3rd floor, Antariksh Bhawan, 22, KG Marg | Closed · Opens 9:30 am Thu · 011 4985 4523",https://www.google.com/maps/place/Mobius+Foundation+-+NGO+Sustainability+Development/data=!4m7!3m6!1s0x390cfdf766482441:0xe67d6d72ef7dd41!8m2!3d28.628852!4d77.223125!16s%2Fg%2F11h75pt7wm!19sChIJQSRIZvf9DDkRQd33LtfWZw4?authuser=0&hl=en&g_ep=EgoyMDI2MDkyNy4xIJJjKgBIAVAD&rclk=1,NGO in Karol Bagh Delhi
Helping Hands NGO,0.0,10,"Helping Hands NGO | 4.5(10) | Non-profit organization · Kakrola, Near Dwarka Mor Metro Station, New delhi –110078. Regd office, A5/85A | Temporarily closed · 099907 73454",https://www.google.com/maps/place/Helping+Hands+NGO/data=!4m7!3m6!1s0x390d0383fa97140b:0xa14ccbb7e0a41e48!8m2!3d28.6639524!4d77.108912!16s%2Fg%2F11fzfd6q9c!19sChIJCxSX-oMDDTkRSB6k4LfLTKE?authuser=0&hl=en&g_ep=EgoyMDI2MDkyNy4xIJJjKgBIAVAD&rclk=1,NGO in Karol Bagh Delhi
Pete (Providing Education to Everyone),0.0,3,"Pete (Providing Education to Everyone) | 5.0(3) | Charity · 13, 20, W Patel Nagar Rd | Open 24 hours · 098111 05601",https://www.google.com/maps/place/Pete+%28Providing+Education+to+Everyone%29/data=!4m7!3m6!1s0x390d0338111a0411:0xe92bb5f6468d123c!8m2!3d28.6483067!4d77.1678225!16s%2Fg%2F11fk17d4p5!19sChIJEQQaETgDDTkRPBKNRva1K-k?authuser=0&hl=en&g_ep=EgoyMDI2MDkyNy4xIJJjKgBIAVAD&rclk=1,NGO in Patel Nagar Delhi
Human Impact Foundation,0.0,5,"Human Impact Foundation | 5.0(5) | Non-governmental organization ·  · 33/16, Basement | Open · Closes 10 pm · 099715 60072",https://www.google.com/maps/place/Human+Impact+Foundation/data=!4m7!3m6!1s0x390d03b824e58fa7:0x4d29748439b065c3!8m2!3d28.6465468!4d77.1748799!16s%2Fg%2F11pv6thlvy!19sChIJp4_lJLgDDTkRw2WwOYR0KU0?authuser=0&hl=en&g_ep=EgoyMDI2MDkyNy4xIJJjKgBIAVAD&rclk=1,NGO in Patel Nagar Delhi
"We, The People",0.0,1,"We, The People | 4.0(1) | Charity · 8/22 B-3, Lower Ground Floor | Open · Closes 7 pm","https://www.google.com/maps/place/We,+The+People/data=!4m7!3m6!1s0x390d03f9fb6defa5:0x8d6e466d8eb4c6cf!8m2!3d28.6468281!4d77.1753988!16s%2Fg%2F11h6rsdh4y!19sChIJpe9t-_kDDTkRz8a0jm1Gbo0?authuser=0&hl=en&g_ep=EgoyMDI2MDkyNy4xIJJjKgBIAVAD&rclk=1",NGO in Patel Nagar Delhi
Save Child Right Foundation,0.0,8,Save Child Right Foundation | 4.5(8) | Charity · T-583/1 | Open 24 hours · 099900 26070,https://www.google.com/maps/place/Save+Child+Right+Foundation/data=!4m7!3m6!1s0x390d03d01e6219b9:0x29b14cf1b687ce2a!8m2!3d28.652676!4d77.157815!16s%2Fg%2F11qsvkg17s!19sChIJuRliHtADDTkRKs6HtvFMsSk?authuser=0&hl=en&g_ep=EgoyMDI2MDkyNy4xIJJjKgBIAVAD&rclk=1,NGO in Patel Nagar Delhi
SaCh NGO,0.0,0,SaCh NGO | No reviews | Charity · B-1 | Open · Closes 11:30 pm · 088004 72698,https://www.google.com/maps/place/SaCh+NGO/data=!4m7!3m6!1s0x390d032d960febaf:0xdb858069d1086a1!8m2!3d28.6514283!4d77.1625547!16s%2Fg%2F11wwlzxm4s!19sChIJr-sPli0DDTkRoYYQnQZYuA0?authuser=0&hl=en&g_ep=EgoyMDI2MDkyNy4xIJJjKgBIAVAD&rclk=1,NGO in Patel Nagar Delhi
Save Child Life Foundation,0.0,1,Save Child Life Foundation | 5.0(1) | Non-profit organization | Open 24 hours · 078000 05353,https://www.google.com/maps/place/Save+Child+Life+Foundation/data=!4m7!3m6!1s0x390cfdce2aab6d39:0x5c75e745d065efff!8m2!3d28.6536915!4d77.1621719!16s%2Fg%2F11ns8p0gkf!19sChIJOW2rKs79DDkR_-9l0EXndVw?authuser=0&hl=en&g_ep=EgoyMDI2MDkyNy4xIJJjKgBIAVAD&rclk=1,NGO in Patel Nagar Delhi
Mymenia foundation delhi,0.0,33,"Mymenia foundation delhi | 5.0(33) | Social welfare center · metro, T403 first floor, Sitaram Marg, near shadipur | Open 24 hours · 095601 46096",https://www.google.com/maps/place/Mymenia+foundation+delhi/data=!4m7!3m6!1s0x390d0327e533ca35:0x145ab7f2ef6167c5!8m2!3d28.6535259!4d77.1592811!16s%2Fg%2F11t_lp6y6y!19sChIJNcoz5ScDDTkRxWdh7_K3WhQ?authuser=0&hl=en&g_ep=EgoyMDI2MDkyNy4xIJJjKgBIAVAD&rclk=1,NGO in Patel Nagar Delhi
Change The Scene,0.0,2,Change The Scene | 5.0(2) | Social services organization · 2151/9B | Closed · Opens 12 am Sun · 098733 41241,https://www.google.com/maps/place/Change+The+Scene/data=!4m7!3m6!1s0x390d03c122af6c6f:0xb22b8de71b41a190!8m2!3d28.6521213!4d77.1546279!16s%2Fg%2F11rfr7_189!19sChIJb2yvIsEDDTkRkKFBG-eNK7I?authuser=0&hl=en&g_ep=EgoyMDI2MDkyNy4xIJJjKgBIAVAD&rclk=1,NGO in Patel Nagar Delhi
CARE INDIA WELFARE TRUST,0.0,1674,"CARE INDIA WELFARE TRUST | 4.9(1,674) | Non-governmental organization · Basti Vikas Kendra Harijan Bast, Chuna Bhatti Near Nirankari Satsang Bhawan Kirti Nagar Delhi | Closed · Opens 10 am Thu · 1800 313 4006",https://www.google.com/maps/place/CARE+INDIA+WELFARE+TRUST/data=!4m7!3m6!1s0x390d02ffce917d3b:0x730e09bc9cc82e9b!8m2!3d28.6384893!4d77.1376828!16s%2Fg%2F11c47zwzxg!19sChIJO32Rzv8CDTkRmy7InLwJDnM?authuser=0&hl=en&g_ep=EgoyMDI2MDkyNy4xIJJjKgBIAVAD&rclk=1,NGO in Patel Nagar Delhi
The Muneer Social Welfare Society,0.0,3,"The Muneer Social Welfare Society | 4.3(3) | Non-profit organization · Second Floor, B-18 & 20 | Closed · Opens 10 am Thu · 011 4004 1441",https://www.google.com/maps/place/The+Muneer+Social+Welfare+Society/data=!4m7!3m6!1s0x390d02ee0fc7abed:0xedaf25042fd135ed!8m2!3d28.6522814!4d77.1646155!16s%2Fg%2F11fxccmlgb!19sChIJ7avHD-4CDTkR7TXRLwQlr-0?authuser=0&hl=en&g_ep=EgoyMDI2MDkyNy4xIJJjKgBIAVAD&rclk=1,NGO in Patel Nagar Delhi
Care For Life Charitable Trust,0.0,114,"Care For Life Charitable Trust | 4.9(114) | Non-governmental organization · Top Floor, Plot No 59, Left Side Portion, Industrial Area, Rama Rd, near Nissan Service Centre | Closed · Opens 11 am Thu · 011 4213 1884",https://www.google.com/maps/place/Care+For+Life+Charitable+Trust/data=!4m7!3m6!1s0x390d02fe73c9a4fd:0x10582ed25f717334!8m2!3d28.65932!4d77.1522031!16s%2Fg%2F11dxl7y49g!19sChIJ_aTJc_4CDTkRNHNxX9IuWBA?authuser=0&hl=en&g_ep=EgoyMDI2MDkyNy4xIJJjKgBIAVAD&rclk=1,NGO in Patel Nagar Delhi
SEWA Bharat,0.0,51,"SEWA Bharat | 4.5(51) | Association / Organization ·  · Block 7/5,First Floor,, South Patel Nagar, | Closed · Opens 9:30 am Thu · 011 2584 1369",https://www.google.com/maps/place/SEWA+Bharat/data=!4m7!3m6!1s0x390cfd8cab3a04f7:0x52fca96d27ee67a4!8m2!3d28.6464355!4d77.1654497!16s%2Fg%2F11cm197m3q!19sChIJ9wQ6q4z9DDkRpGfuJ22p_FI?authuser=0&hl=en&g_ep=EgoyMDI2MDkyNy4xIJJjKgBIAVAD&rclk=1,NGO in Patel Nagar Delhi
SEWA Bharat Branch 2,0.0,8,"SEWA Bharat Branch 2 | 4.8(8) | Non-profit organization · Block 9/1, First Floor | Closes soon · 6 pm · Opens 9 am Thu",https://www.google.com/maps/place/SEWA+Bharat+Branch+2/data=!4m7!3m6!1s0x390d035196ca446b:0xa36e10d535637672!8m2!3d28.6433006!4d77.1706784!16s%2Fg%2F11trzvxnq3!19sChIJa0TKllEDDTkRcnZjNdUQbqM?authuser=0&hl=en&g_ep=EgoyMDI2MDkyNy4xIJJjKgBIAVAD&rclk=1,NGO in Patel Nagar Delhi
Sachkhand Foundation,0.0,76,"Sachkhand Foundation | 5.0(76) | Non-profit organization · 108, Allied House | Open · Closes 7 pm",https://www.google.com/maps/place/Sachkhand+Foundation/data=!4m7!3m6!1s0x390d054a8ebad065:0x6f67dc8f51593fe4!8m2!3d28.6694118!4d77.1678184!16s%2Fg%2F11nxt9vc61!19sChIJZdC6jkoFDTkR5D9ZUY_cZ28?authuser=0&hl=en&g_ep=EgoyMDI2MDkyNy4xIJJjKgBIAVAD&rclk=1,NGO in Patel Nagar Delhi
Chetana Conscience of Women,0.0,9,"Chetana Conscience of Women | 3.9(9) | Non-profit organization · 35/13 , 2nd Floor,East Patel Nagar | Temporarily closed · 011 2353 8231",https://www.google.com/maps/place/Chetana+Conscience+of+Women/data=!4m7!3m6!1s0x390d02f28b1047c7:0xaae1e9fe5d24e0af!8m2!3d28.6484311!4d77.1727798!16s%2Fg%2F11csrslhlv!19sChIJx0cQi_ICDTkRr-AkXf7p4ao?authuser=0&hl=en&g_ep=EgoyMDI2MDkyNy4xIJJjKgBIAVAD&rclk=1,NGO in Patel Nagar Delhi
Vrikshit Foundation,0.0,1437,"Vrikshit Foundation | 5.0(1,437) | Foundation ·  · 64 , basement, B-6 /64 | Open · Closes 7 pm · 078271 38955",https://www.google.com/maps/place/Vrikshit+Foundation/data=!4m7!3m6!1s0x390d0172c19b47cd:0x9a0608e4bbd435e!8m2!3d28.7128186!4d77.1084598!16s%2Fg%2F11fm49qtw8!19sChIJzUebwXIBDTkRXkO9S45goAk?authuser=0&hl=en&g_ep=EgoyMDI2MDkyNy4xIJJjKgBIAVAD&rclk=1,NGO in Rohini Delhi
Bharte Kadam Foundation,0.0,235,Bharte Kadam Foundation | 4.9(235) | Non-governmental organization ·  · C 119 | Closes soon · 6 pm · Opens 8 am Thu · 097176 67888,https://www.google.com/maps/place/Bharte+Kadam+Foundation/data=!4m7!3m6!1s0x390d07a538fc5b93:0x3f8dc1e098875903!8m2!3d28.7065139!4d77.0951564!16s%2Fg%2F11tbv9z7f9!19sChIJk1v8OKUHDTkRA1mHmODBjT8?authuser=0&hl=en&g_ep=EgoyMDI2MDkyNy4xIJJjKgBIAVAD&rclk=1,NGO in Rohini Delhi
Nirmala Foundation,0.0,32,"Nirmala Foundation | 5.0(32) | Non-profit organization ·  · 3rd Floor, H No. 129-130 | Open · Closes 7 pm · 076690 01136",https://www.google.com/maps/place/Nirmala+Foundation/data=!4m7!3m6!1s0x390d07b637dc3d87:0xe131b0928f3c1516!8m2!3d28.7161849!4d77.0604922!16s%2Fg%2F11rrrg0l7_!19sChIJhz3cN7YHDTkRFhU8j5KwMeE?authuser=0&hl=en&g_ep=EgoyMDI2MDkyNy4xIJJjKgBIAVAD&rclk=1,NGO in Rohini Delhi
Helping People Foundation,0.0,53,"Helping People Foundation | 4.9(53) | Non-profit organization · Moon light Apartment, 120 | Open · Closes 7 pm",https://www.google.com/maps/place/Helping+People+Foundation/data=!4m7!3m6!1s0x390d05ead076767b:0x2f31d4e4518d4364!8m2!3d28.713071!4d77.071804!16s%2Fg%2F11sf1gn811!19sChIJe3Z20OoFDTkRZEONUeTUMS8?authuser=0&hl=en&g_ep=EgoyMDI2MDkyNy4xIJJjKgBIAVAD&rclk=1,NGO in Rohini Delhi
Pahal NGO,0.0,63,"Pahal NGO | 4.8(63) | Non-profit organization · C2, Pahal NGO, 48 | 098148 66230",https://www.google.com/maps/place/Pahal+NGO/data=!4m7!3m6!1s0x390d071638dbf0f7:0x21ea39cb411487ce!8m2!3d28.7108092!4d77.0704557!16s%2Fg%2F11scyhfplf!19sChIJ9_DbOBYHDTkRzocUQcs56iE?authuser=0&hl=en&g_ep=EgoyMDI2MDkyNy4xIJJjKgBIAVAD&rclk=1,NGO in Rohini Delhi
Aanchal,0.0,38,"Aanchal | 4.5(38) | Charity ·  · Plot No.4, Block – C, Sector -3, Rohini | Closes soon · 6 pm · Opens 10 am Thu · 011 2751 5581",https://www.google.com/maps/place/Aanchal/data=!4m7!3m6!1s0x390d03fd79d318ad:0x13b7a4e472b36ef3!8m2!3d28.703966!4d77.1111911!16s%2Fg%2F11cj_0hb6j!19sChIJrRjTef0DDTkR826zcuSktxM?authuser=0&hl=en&g_ep=EgoyMDI2MDkyNy4xIJJjKgBIAVAD&rclk=1,NGO in Rohini Delhi
Aadi foundation,0.0,143,Aadi foundation | 4.3(143) | Non-profit organization · 5/74 | Closes soon · 6 pm · Opens 10 am Thu · 087007 40824,https://www.google.com/maps/place/Aadi+foundation/data=!4m7!3m6!1s0x390d015edb6ae783:0xc126f3e3ecc75b0e!8m2!3d28.7339373!4d77.1253843!16s%2Fg%2F11t_k6vd2c!19sChIJg-dq214BDTkRDlvH7OPzJsE?authuser=0&hl=en&g_ep=EgoyMDI2MDkyNy4xIJJjKgBIAVAD&rclk=1,NGO in Rohini Delhi
SAKSHAM,0.0,44,"SAKSHAM | 4.6(44) | Non-governmental organization ·  · B-1/17, 1st FLOOR, NEAR, MAHARANA PRATAP CHOCK | Open · Closes 7:30 pm · 093111 24880",https://www.google.com/maps/place/SAKSHAM/data=!4m7!3m6!1s0x390d07f8ca7c83eb:0xaa90f8ef5cb9ac69!8m2!3d28.7422372!4d77.0944602!16s%2Fg%2F11gxtjdm98!19sChIJ64N8yvgHDTkRaay5XO_4kKo?authuser=0&hl=en&g_ep=EgoyMDI2MDkyNy4xIJJjKgBIAVAD&rclk=1,NGO in Rohini Delhi
NIDAAN (ngo),0.0,13,NIDAAN (ngo) | 5.0(13) | Non-profit organization | Closes soon · 6 pm · Opens 10 am Thu · 092111 11526,https://www.google.com/maps/place/NIDAAN+%28ngo%29/data=!4m7!3m6!1s0x390d07db7a92206d:0xbfd9a3083b071113!8m2!3d28.7054006!4d77.096731!16s%2Fg%2F11lmc06sln!19sChIJbSCSetsHDTkRExEHOwij2b8?authuser=0&hl=en&g_ep=EgoyMDI2MDkyNy4xIJJjKgBIAVAD&rclk=1,NGO in Rohini Delhi
Hope Of Life Foundation,0.0,22,"Hope Of Life Foundation | 4.7(22) | Charity · 1A, Shivam Chowk, near Pancham Sweets | Open · Closes 7 pm · 098710 48068",https://www.google.com/maps/place/Hope+Of+Life+Foundation/data=!4m7!3m6!1s0x390d010ce4eb9129:0xcf186a95b531d1ec!8m2!3d28.7326038!4d77.1402964!16s%2Fg%2F11c5whzgl4!19sChIJKZHr5AwBDTkR7NExtZVqGM8?authuser=0&hl=en&g_ep=EgoyMDI2MDkyNy4xIJJjKgBIAVAD&rclk=1,NGO in Rohini Delhi
Sampurna,0.0,104,"Sampurna | 4.0(104) | Non-governmental organization ·  · Basement No. 35, Vinoba Kunj | Closed · Opens 10 am Thu · 098681 04665",https://www.google.com/maps/place/Sampurna/data=!4m7!3m6!1s0x390d0160a4fffffd:0x9f4fae0992ffe373!8m2!3d28.7151958!4d77.1251459!16s%2Fg%2F11c2l09vsh!19sChIJ_f__pGABDTkRc-P_kgmuT58?authuser=0&hl=en&g_ep=EgoyMDI2MDkyNy4xIJJjKgBIAVAD&rclk=1,NGO in Rohini Delhi
Saras Prayas Ngo,0.0,20,Saras Prayas Ngo | 4.6(20) | Non-profit organization · A-2/66 | Closed · Opens 9 am Thu,https://www.google.com/maps/place/Saras+Prayas+Ngo/data=!4m7!3m6!1s0x390d03f92bdd9003:0xddfd0f1ed59474af!8m2!3d28.6979032!4d77.1059876!16s%2Fg%2F12hrxd7vp!19sChIJA5DdK_kDDTkRr3SU1R4P_d0?authuser=0&hl=en&g_ep=EgoyMDI2MDkyNy4xIJJjKgBIAVAD&rclk=1,NGO in Rohini Delhi
Khushi Foundation Delhi,0.0,3,"Khushi Foundation Delhi | 3.7(3) | Non-governmental organization · P4CF+943, Unnamed Road | Closes soon · 6 pm · Opens 10 am Thu · 080901 11100",https://www.google.com/maps/place/Khushi+Foundation+Delhi/data=!4m7!3m6!1s0x390d0141621bc0d5:0x825d30084ba2a395!8m2!3d28.7208966!4d77.1227836!16s%2Fg%2F11g4f7kfyg!19sChIJ1cAbYkEBDTkRlaOiSwgwXYI?authuser=0&hl=en&g_ep=EgoyMDI2MDkyNy4xIJJjKgBIAVAD&rclk=1,NGO in Rohini Delhi
Aashray Foundation,0.0,10,"Aashray Foundation | 5.0(10) | Non-profit organization · 216-17, B-5 | Closed · Opens 9 am Thu · 098151 51895",https://www.google.com/maps/place/Aashray+Foundation/data=!4m7!3m6!1s0x415728a49466222f:0x2d7f544db9be36da!8m2!3d28.7008179!4d77.1081942!16s%2Fg%2F11x1nsylbd!19sChIJLyJmlKQoV0ER2ja-uU1Ufy0?authuser=0&hl=en&g_ep=EgoyMDI2MDkyNy4xIJJjKgBIAVAD&rclk=1,NGO in Rohini Delhi
Bright Future Delhi Center,0.0,262,"Bright Future Delhi Center | 5.0(262) | Non-governmental organization ·  · Plot No 6, Khasra No. 42/16, 1st Floor, Main Bus stand | Closed · Opens 9 am Thu",https://www.google.com/maps/place/Bright+Future+Delhi+Center/data=!4m7!3m6!1s0x390d07933ad05989:0xe4615ee69b8e627b!8m2!3d28.714233!4d77.0773325!16s%2Fg%2F11tnfsbhxt!19sChIJiVnQOpMHDTkRe2KOm-ZeYeQ?authuser=0&hl=en&g_ep=EgoyMDI2MDkyNy4xIJJjKgBIAVAD&rclk=1,NGO in Rohini Delhi
EDU-SSA FOUNDATION - Top ten NGO in India,0.0,18,"EDU-SSA FOUNDATION - Top ten NGO in India | 4.8(18) | Non-governmental organization · Aggarwal Cyber Plaza -2, Unit-975 | Closes soon · 6 pm · Opens 9 am Thu · 011 4056 7262",https://www.google.com/maps/place/EDU-SSA+FOUNDATION+-+Top+ten+NGO+in+India/data=!4m7!3m6!1s0x390d0233161aaaab:0x59224aaa99522c30!8m2!3d28.693277!4d77.1499993!16s%2Fg%2F11mhbfdsll!19sChIJq6oaFjMCDTkRMCxSmapKIlk?authuser=0&hl=en&g_ep=EgoyMDI2MDkyNy4xIJJjKgBIAVAD&rclk=1,NGO in Rohini Delhi
Kamakhya Lok Sewa Samiti,0.0,32,"Kamakhya Lok Sewa Samiti | 4.8(32) | Non-governmental organization · House number. 779, 4 | Open 24 hours · 098113 87158",https://www.google.com/maps/place/Kamakhya+Lok+Sewa+Samiti/data=!4m7!3m6!1s0x390d077d13f315ab:0x9d6a711014bcd4a9!8m2!3d28.703278!4d77.0731028!16s%2Fg%2F11khtk4mqy!19sChIJqxXzE30HDTkRqdS8FBBxap0?authuser=0&hl=en&g_ep=EgoyMDI2MDkyNy4xIJJjKgBIAVAD&rclk=1,NGO in Rohini Delhi
Meals for Life Foundation (NGO),0.0,40,Meals for Life Foundation (NGO) | 5.0(40) | Non-profit organization | 080769 63256,https://www.google.com/maps/place/Meals+for+Life+Foundation+%28NGO%29/data=!4m7!3m6!1s0x2126df28129b0f1d:0x924e724bfa0a229b!8m2!3d28.7086453!4d77.1065694!16s%2Fg%2F11x_y_0mft!19sChIJHQ-bEijfJiERmyIK-ktyTpI?authuser=0&hl=en&g_ep=EgoyMDI2MDkyNy4xIJJjKgBIAVAD&rclk=1,NGO in Rohini Delhi
Walking Star NGO Roti Bank Delhi,0.0,2,Walking Star NGO Roti Bank Delhi | 5.0(2) | Food bank · Pocket No. 11 | Open 24 hours · 096676 34931,https://www.google.com/maps/place/Walking+Star+NGO+Roti+Bank+Delhi/data=!4m7!3m6!1s0x390d07eb2c6cfae1:0x35ad70e6179d50f5!8m2!3d28.7212378!4d77.0957676!16s%2Fg%2F11r9jdcn04!19sChIJ4fpsLOsHDTkR9VCdF-ZwrTU?authuser=0&hl=en&g_ep=EgoyMDI2MDkyNy4xIJJjKgBIAVAD&rclk=1,NGO in Rohini Delhi
SMB Foundation,0.0,23,SMB Foundation | 4.7(23) | Education center · KH No. 24/21/2 | Closed · Opens 9 am Thu · 099582 17769,https://www.google.com/maps/place/SMB+Foundation/data=!4m7!3m6!1s0x390d0747f1e40ea1:0xb16f596948c46864!8m2!3d28.7486513!4d77.100001!16s%2Fg%2F11yn3z26l6!19sChIJoQ7k8UcHDTkRZGjESGlZb7E?authuser=0&hl=en&g_ep=EgoyMDI2MDkyNy4xIJJjKgBIAVAD&rclk=1,NGO in Rohini Delhi
Navyug foundation ( ngo),0.0,1,"Navyug foundation ( ngo) | 1.0(1) | Charity · Rohini B-5, 258 | Closed · Opens 9 am Thu",https://www.google.com/maps/place/Navyug+foundation+%28+ngo%29/data=!4m7!3m6!1s0x390d0794a286b241:0x356dfe820458de51!8m2!3d28.7195781!4d77.0986804!16s%2Fg%2F11nsv7plrc!19sChIJQbKGopQHDTkRUd5YBIL-bTU?authuser=0&hl=en&g_ep=EgoyMDI2MDkyNy4xIJJjKgBIAVAD&rclk=1,NGO in Rohini Delhi
All India Society of Education,0.0,56,All India Society of Education | 4.6(56) | Vocational school · B-1/348 | Open · Closes 7 pm · 093115 68006,https://www.google.com/maps/place/All+India+Society+of+Education/data=!4m7!3m6!1s0x390d04022bf5de47:0x88e7ba2bd248e9bb!8m2!3d28.700895!4d77.096382!16s%2Fg%2F11cm0nqfk7!19sChIJR971KwIEDTkRu-lI0iu654g?authuser=0&hl=en&g_ep=EgoyMDI2MDkyNy4xIJJjKgBIAVAD&rclk=1,NGO in Rohini Delhi
Devyansh Foundation,0.0,15,Devyansh Foundation | 4.7(15) | Association / Organization · 51 | Closed · Opens 10 am Thu · 070119 48714,https://www.google.com/maps/place/Devyansh+Foundation/data=!4m7!3m6!1s0x390d037c6a19ea7d:0x8f14f9c2469f49be!8m2!3d28.7282318!4d77.1132229!16s%2Fg%2F11q4cf7w_k!19sChIJfeoZanwDDTkRvkmfRsL5FI8?authuser=0&hl=en&g_ep=EgoyMDI2MDkyNy4xIJJjKgBIAVAD&rclk=1,NGO in Rohini Delhi
SAT KARTAR NGO,0.0,1,"SAT KARTAR NGO | 5.0(1) | Social services organization · Balaji Babosa Chowk, Bus Stop, Plot No - 107 | Open · Closes 8 pm · 098109 72664",https://www.google.com/maps/place/SAT+KARTAR+NGO/data=!4m7!3m6!1s0x390d06c86f514959:0x8ec9d402ebe8b2aa!8m2!3d28.7280536!4d77.091998!16s%2Fg%2F11g6mdxyyk!19sChIJWUlRb8gGDTkRqrLo6wLUyY4?authuser=0&hl=en&g_ep=EgoyMDI2MDkyNy4xIJJjKgBIAVAD&rclk=1,NGO in Rohini Delhi
TREE AND YOU,0.0,18,TREE AND YOU | 4.4(18) | Non-profit organization · 122-123 | Closes soon · 6:30 pm · Opens 8 am Thu · 098916 24810,https://www.google.com/maps/place/TREE+AND+YOU/data=!4m7!3m6!1s0x390d068bd07e0439:0x2079d48ac0217338!8m2!3d28.7177504!4d77.0600879!16s%2Fg%2F11g8_0qjsf!19sChIJOQR-0IsGDTkROHMhwIrUeSA?authuser=0&hl=en&g_ep=EgoyMDI2MDkyNy4xIJJjKgBIAVAD&rclk=1,NGO in Rohini Delhi
Aarohan NGO,0.0,22,Aarohan NGO | 4.4(22) | Non-governmental organization ·  · 90 | 011 4100 7526,https://www.google.com/maps/place/Aarohan+NGO/data=!4m7!3m6!1s0x390d05f0d95d58cf:0xee902c03bd2e340b!8m2!3d28.6950095!4d77.0664958!16s%2Fg%2F11qsztj5p4!19sChIJz1hd2fAFDTkRCzQuvQMskO4?authuser=0&hl=en&g_ep=EgoyMDI2MDkyNy4xIJJjKgBIAVAD&rclk=1,NGO in Rohini Delhi
Manav Sewa Charitable Society,0.0,7,Manav Sewa Charitable Society | 5.0(7) | Social services organization · Brahmkumaris Marg | Open · Closes 7 pm · 098998 14442,https://www.google.com/maps/place/Manav+Sewa+Charitable+Society/data=!4m7!3m6!1s0x390d0159831d11b1:0xbbd1600c4b48137b!8m2!3d28.7106111!4d77.1167366!16s%2Fg%2F11fz297_03!19sChIJsREdg1kBDTkRexNISwxg0bs?authuser=0&hl=en&g_ep=EgoyMDI2MDkyNy4xIJJjKgBIAVAD&rclk=1,NGO in Rohini Delhi
Delight loving India foundation (NGO),0.0,0,Delight loving India foundation (NGO) | No reviews | Social services organization · A-4/147 | Open 24 hours,https://www.google.com/maps/place/Delight+loving+India+foundation+%28NGO%29/data=!4m7!3m6!1s0x390d074a17033a3f:0x4330b52fdf328c66!8m2!3d28.7111602!4d77.0717375!16s%2Fg%2F11ms87d4x6!19sChIJPzoDF0oHDTkRZowy3y-1MEM?authuser=0&hl=en&g_ep=EgoyMDI2MDkyNy4xIJJjKgBIAVAD&rclk=1,NGO in Rohini Delhi
GAYAN UDAY (NGO),0.0,9,GAYAN UDAY (NGO) | 5.0(9) | Corporate office | Open · Closes 10 pm · 098710 58586,https://www.google.com/maps/place/GAYAN+UDAY+%28NGO%29/data=!4m7!3m6!1s0x390d06d6cae3dc07:0xe2d3d64b4aaa69c8!8m2!3d28.7437591!4d77.0951213!16s%2Fg%2F11dxl9zwz9!19sChIJB9zjytYGDTkRyGmqSkvW0-I?authuser=0&hl=en&g_ep=EgoyMDI2MDkyNy4xIJJjKgBIAVAD&rclk=1,NGO in Rohini Delhi
Roti Bank Rohini,0.0,22,"Roti Bank Rohini | 5.0(22) | Non-profit organization · Block-B, Near, Aggarwal Bhavan Rd | Open · Closes 7 pm · 093110 16424",https://www.google.com/maps/place/Roti+Bank+Rohini/data=!4m7!3m6!1s0x390d01052678a109:0xf2ddf5dda9190b6!8m2!3d28.7114445!4d77.1320079!16s%2Fg%2F11fqt7myhl!19sChIJCaF4JgUBDTkRtpCR2l3fLQ8?authuser=0&hl=en&g_ep=EgoyMDI2MDkyNy4xIJJjKgBIAVAD&rclk=1,NGO in Rohini Delhi
Cancer Aid Society Delhi,0.0,12,"Cancer Aid Society Delhi | 4.5(12) | Non-profit organization · 163 Naharpur, Rohini Sector 7 | 093351 66600",https://www.google.com/maps/place/Cancer+Aid+Society+Delhi/data=!4m7!3m6!1s0x390d03e285555555:0xe322fbf106296a02!8m2!3d28.7037128!4d77.1157079!16s%2Fg%2F1tvry2__!19sChIJVVVVheIDDTkRAmopBvH7IuM?authuser=0&hl=en&g_ep=EgoyMDI2MDkyNy4xIJJjKgBIAVAD&rclk=1,NGO in Rohini Delhi
CHILDREN (The core of our existence),0.0,89,"CHILDREN (The core of our existence) | 4.3(89) | Community center ·  · Khasra No. 424, Opposite Hanuman Mandir, Bawana Road, Shahbad Daulatpur | Closed · Opens 9 am Thu · 099583 52221",https://www.google.com/maps/place/CHILDREN+%28The+core+of+our+existence%29/data=!4m7!3m6!1s0x390d01292f5a9eb3:0x8d843b527b96a627!8m2!3d28.7456355!4d77.1107155!16s%2Fg%2F11c2098xxt!19sChIJs55aLykBDTkRJ6aWe1I7hI0?authuser=0&hl=en&g_ep=EgoyMDI2MDkyNy4xIJJjKgBIAVAD&rclk=1,NGO in Rohini Delhi
Pratigya Educational Initiative Society,0.0,22,"Pratigya Educational Initiative Society | 4.5(22) | Non-governmental organization · 272/5, Bandh Gali Ambedkar Nagar | Closes soon · 6 pm · Opens 9 am Thu · 098919 82983",https://www.google.com/maps/place/Pratigya+Educational+Initiative+Society/data=!4m7!3m6!1s0x390d019d90d0c547:0xb0731d7f3ac00220!8m2!3d28.7241717!4d77.1487988!16s%2Fg%2F11h0w2lpb!19sChIJR8XQkJ0BDTkRIALAOn8dc7A?authuser=0&hl=en&g_ep=EgoyMDI2MDkyNy4xIJJjKgBIAVAD&rclk=1,NGO in Rohini Delhi
Vrikshit Foundation Public Library,0.0,24,"Vrikshit Foundation Public Library | 4.5(24) | Library · E-1, E1-165, 165 | Open 24 hours",https://www.google.com/maps/place/Vrikshit+Foundation+Public+Library/data=!4m7!3m6!1s0x390d0162c5f7f56f:0xea0d5193835d0866!8m2!3d28.7314111!4d77.1142344!16s%2Fg%2F11rvc3h7kh!19sChIJb_X3xWIBDTkRZghdg5NRDeo?authuser=0&hl=en&g_ep=EgoyMDI2MDkyNy4xIJJjKgBIAVAD&rclk=1,NGO in Rohini Delhi
Save greenery NGO,0.0,8,Save greenery NGO | 5.0(8) | Social services organization · D-4/470 | Open · Closes 7 pm,https://www.google.com/maps/place/Save+greenery+NGO/data=!4m7!3m6!1s0x390d053d6a8c1909:0x1388dfe104695d6d!8m2!3d28.699943!4d77.074223!16s%2Fg%2F11q96qry7l!19sChIJCRmMaj0FDTkRbV1pBOHfiBM?authuser=0&hl=en&g_ep=EgoyMDI2MDkyNy4xIJJjKgBIAVAD&rclk=1,NGO in Rohini Delhi
"""Umeed Ki Kiran"" NGO",0.0,2,"""Umeed Ki Kiran"" NGO | 4.5(2) | Corporate office · Pocket - 25 Park | Closed · Opens 10 am Thu",https://www.google.com/maps/place/%22Umeed+Ki+Kiran%22+NGO/data=!4m7!3m6!1s0x390d069637497959:0xcea0404ab3fe43a0!8m2!3d28.7166104!4d77.0783575!16s%2Fg%2F11f3xkp_sl!19sChIJWXlJN5YGDTkRoEP-s0pAoM4?authuser=0&hl=en&g_ep=EgoyMDI2MDkyNy4xIJJjKgBIAVAD&rclk=1,NGO in Rohini Delhi
Ashima Foundation Tata Power DDL VTC 2,0.0,49,"Ashima Foundation Tata Power DDL VTC 2 | 4.4(49) | Non-governmental organization ·  · Ashima Foundation Tata Power DDL Vocational Training Center H-2 10/11, opp. BPIT | Closed · Opens 9 am Thu",https://www.google.com/maps/place/Ashima+Foundation+Tata+Power+DDL+VTC+2/data=!4m7!3m6!1s0x390d01d7f72b0ce7:0x58e3fdb4713129ef!8m2!3d28.73609!4d77.11243!16s%2Fg%2F11lg2m9bg5!19sChIJ5wwr99cBDTkR7ykxcbT941g?authuser=0&hl=en&g_ep=EgoyMDI2MDkyNy4xIJJjKgBIAVAD&rclk=1,NGO in Rohini Delhi
Rightsavers Foundation NGO,0.0,0,"Rightsavers Foundation NGO | No reviews | Non-governmental organization · Top Floor, 168, Halar Rd | Open · Closes 8 pm · 092202 34033",https://www.google.com/maps/place/Rightsavers+Foundation+NGO/data=!4m7!3m6!1s0x390d03c045d1056d:0x59e5d4acfb0e8030!8m2!3d28.6991057!4d77.1236415!16s%2Fg%2F11z67kh988!19sChIJbQXRRcADDTkRMIAO-6zU5Vk?authuser=0&hl=en&g_ep=EgoyMDI2MDkyNy4xIJJjKgBIAVAD&rclk=1,NGO in Rohini Delhi
Nirbhayam NGO,0.0,2,"Nirbhayam NGO | 5.0(2) | Non-profit organization · H.NO. 229, NIRMAN MAJUR CAMP, BP 127 west | Open · Closes 8 pm · 081784 26645",https://www.google.com/maps/place/Nirbhayam+NGO/data=!4m7!3m6!1s0x390d01b40b0b59fb:0x5b942f472ba4ad2a!8m2!3d28.7224969!4d77.1446978!16s%2Fg%2F11m6sd89dg!19sChIJ-1kLC7QBDTkRKq2kK0cvlFs?authuser=0&hl=en&g_ep=EgoyMDI2MDkyNy4xIJJjKgBIAVAD&rclk=1,NGO in Rohini Delhi
Manthan Foundation,0.0,51,Manthan Foundation | 4.5(51) | Football club · P4GG+9HV | Open now,https://www.google.com/maps/place/Manthan+Foundation/data=!4m7!3m6!1s0x390d016a64864acd:0xa40963276242235b!8m2!3d28.725999!4d77.1264328!16s%2Fg%2F11byxgst9r!19sChIJzUqGZGoBDTkRWyNCYidjCaQ?authuser=0&hl=en&g_ep=EgoyMDI2MDkyNy4xIJJjKgBIAVAD&rclk=1,NGO in Rohini Delhi
Him Samajik Sangathan,0.0,15,"Him Samajik Sangathan | 4.8(15) | Social services organization · G-30, 349 | 098103 06709",https://www.google.com/maps/place/Him+Samajik+Sangathan/data=!4m7!3m6!1s0x390d04006eaaaaab:0x3106f642c460b71c!8m2!3d28.7057827!4d77.1066864!16s%2Fg%2F11gchhkt08!19sChIJq6qqbgAEDTkRHLdgxEL2BjE?authuser=0&hl=en&g_ep=EgoyMDI2MDkyNy4xIJJjKgBIAVAD&rclk=1,NGO in Rohini Delhi
SHIV ASHRAY - THE OLD AGE HOME,0.0,18,"SHIV ASHRAY - THE OLD AGE HOME | 3.1(18) | Old Age Home ·  · plot no 49, near japanese park gate no.1, sec 9, rohini | Closes soon · 6 pm · Opens 10 am Thu · 098188 98071",https://www.google.com/maps/place/SHIV+ASHRAY+-+THE+OLD+AGE+HOME/data=!4m7!3m6!1s0x390d07aa056ca8f9:0xe4afbff6e189b829!8m2!3d28.7186618!4d77.1230973!16s%2Fg%2F11bc6z7s81!19sChIJ-ahsBaoHDTkRKbiJ4fa_r-Q?authuser=0&hl=en&g_ep=EgoyMDI2MDkyNy4xIJJjKgBIAVAD&rclk=1,NGO in Rohini Delhi
Delhi rohini sec 3,0.0,1,Delhi rohini sec 3 | 5.0(1) | Playgroup ·  · P4CH+R98 | ,https://www.google.com/maps/place/Delhi+rohini+sec+3/data=!4m7!3m6!1s0x390d017ab8c2e049:0x7cb1e80d3c16878e!8m2!3d28.7220442!4d77.1284573!16s%2Fg%2F11s6033dpl!19sChIJSeDCuHoBDTkRjocWPA3osXw?authuser=0&hl=en&g_ep=EgoyMDI2MDkyNy4xIJJjKgBIAVAD&rclk=1,NGO in Rohini Delhi
Anugrah Jansewa Mandli Trust,0.0,75,"Anugrah Jansewa Mandli Trust | 4.9(75) | Association / Organization · Address:-Office No. A-4/82, Anugrah Jansewa Mandli Trust, Kailash Vihar, Pansali, near Kali mandir | Open 24 hours · 092112 02504",https://www.google.com/maps/place/Anugrah+Jansewa+Mandli+Trust/data=!4m7!3m6!1s0x390d072025555555:0xe0d1051f46455b43!8m2!3d28.7498846!4d77.0801899!16s%2Fg%2F11rsbbtb_x!19sChIJVVVVJSAHDTkRQ1tFRh8F0eA?authuser=0&hl=en&g_ep=EgoyMDI2MDkyNy4xIJJjKgBIAVAD&rclk=1,NGO in Rohini Delhi
Marooned Paws,0.0,8,"Marooned Paws | 4.0(8) | Animal protection organization · B-49, 1ST FLOOR, VILLAGE, Naharpur Village Rd | Open · Closes 7 pm · 092894 82529",https://www.google.com/maps/place/Marooned+Paws/data=!4m7!3m6!1s0x390d031b959d7a29:0x6e94fb3ac81c106f!8m2!3d28.7049663!4d77.1183513!16s%2Fg%2F11s8jwt6yl!19sChIJKXqdlRsDDTkRbxAcyDr7lG4?authuser=0&hl=en&g_ep=EgoyMDI2MDkyNy4xIJJjKgBIAVAD&rclk=1,NGO in Rohini Delhi
Rishi keshav Ngo Library,0.0,4,"Rishi keshav Ngo Library | 5.0(4) | Library · Csc mkt d7 sector 6, Friday Market Rd, near Delhi jal board office | Open · Closes 8 pm · 092122 18628",https://www.google.com/maps/place/Rishi+keshav+Ngo+Library/data=!4m7!3m6!1s0x390d0167d5c6ab0d:0x520981d7f4db3dc!8m2!3d28.7095167!4d77.1062356!16s%2Fg%2F11y8jfr5gk!19sChIJDavG1WcBDTkR3LNNfx2YIAU?authuser=0&hl=en&g_ep=EgoyMDI2MDkyNy4xIJJjKgBIAVAD&rclk=1,NGO in Rohini Delhi
prayas ngo,0.0,2,"prayas ngo | 5.0(2) | Volunteer organization · H.no. 229, nirman mazdur camp | ",https://www.google.com/maps/place/prayas+ngo/data=!4m7!3m6!1s0x390d01006bed0a81:0x2e4eec70db8c34b2!8m2!3d28.7268772!4d77.1480879!16s%2Fg%2F11w_cqq31t!19sChIJgQrtawABDTkRsjSM23DsTi4?authuser=0&hl=en&g_ep=EgoyMDI2MDkyNy4xIJJjKgBIAVAD&rclk=1,NGO in Rohini Delhi
GROW(Youth)- Dr. Reddy's Foundation,0.0,26,"GROW(Youth)- Dr. Reddy's Foundation | 4.2(26) | Training center · 2nd Floor, Block B, House No. 64, Laxmi Dharam Kanta, Village Extension | Closes soon · 6 pm · Opens 9:30 am Thu",https://www.google.com/maps/place/GROW%28Youth%29-+Dr.+Reddy%27s+Foundation/data=!4m7!3m6!1s0x390d01bc4a15b481:0x898a4f571f152a05!8m2!3d28.730874!4d77.1425097!16s%2Fg%2F11pxwby7p8!19sChIJgbQVSrwBDTkRBSoVH1dPiok?authuser=0&hl=en&g_ep=EgoyMDI2MDkyNy4xIJJjKgBIAVAD&rclk=1,NGO in Rohini Delhi
NGO Muskan,0.0,0,NGO Muskan | No reviews | Non-governmental organization · C-9/246 | Closes soon · 6 pm · Opens 11 am Thu · 098702 21738,https://www.google.com/maps/place/NGO+Muskan/data=!4m7!3m6!1s0x390d03e3c9f8a0d3:0x5c653b91713adfec!8m2!3d28.7023634!4d77.1183404!16s%2Fg%2F11rwl49fvt!19sChIJ06D4yeMDDTkR7N86cZE7ZVw?authuser=0&hl=en&g_ep=EgoyMDI2MDkyNy4xIJJjKgBIAVAD&rclk=1,NGO in Rohini Delhi
World Human Rights Organization,0.0,11,World Human Rights Organization | 5.0(11) | Social worker · 23 | Open · Closes 9 pm · 070114 90810,https://www.google.com/maps/place/World+Human+Rights+Organization/data=!4m7!3m6!1s0x390d03d504fa5ac3:0xa9e74ca0fabf39e2!8m2!3d28.698823!4d77.103108!16s%2Fg%2F11tnm02vls!19sChIJw1r6BNUDDTkR4jm_-qBM56k?authuser=0&hl=en&g_ep=EgoyMDI2MDkyNy4xIJJjKgBIAVAD&rclk=1,NGO in Rohini Delhi
Taoveda Dimensions NGO,0.0,0,"Taoveda Dimensions NGO | No reviews | Foundation · 121, FF Aggarwal City Plaza | Closed · Opens 11 am Thu · 093156 62021",https://www.google.com/maps/place/Taoveda+Dimensions+NGO/data=!4m7!3m6!1s0x390d03e48fffffff:0x20e077f3c3ced015!8m2!3d28.6989303!4d77.1161561!16s%2Fg%2F11h_1ldjkt!19sChIJ____j-QDDTkRFdDOw_N34CA?authuser=0&hl=en&g_ep=EgoyMDI2MDkyNy4xIJJjKgBIAVAD&rclk=1,NGO in Rohini Delhi
Kanyadaan Foundation,0.0,23,Kanyadaan Foundation | 4.9(23) | Social services organization · 358 | Open now,https://www.google.com/maps/place/Kanyadaan+Foundation/data=!4m7!3m6!1s0x390d01ec9f01dab3:0x75aac1e1326c2e37!8m2!3d28.7066596!4d77.1201904!16s%2Fg%2F11s8bgczz8!19sChIJs9oBn-wBDTkRNy5sMuHBqnU?authuser=0&hl=en&g_ep=EgoyMDI2MDkyNy4xIJJjKgBIAVAD&rclk=1,NGO in Rohini Delhi
twinkling miles foundation,0.0,5,"twinkling miles foundation | 4.4(5) | Non-governmental organization · House No. 3, Ground Floor | Closed · Opens 11 am Thu · 093545 29443",https://www.google.com/maps/place/twinkling+miles+foundation/data=!4m7!3m6!1s0x390d015815cc2795:0xcdd928591e232a07!8m2!3d28.706554!4d77.1151366!16s%2Fg%2F11v_19r93y!19sChIJlSfMFVgBDTkRByojHlko2c0?authuser=0&hl=en&g_ep=EgoyMDI2MDkyNy4xIJJjKgBIAVAD&rclk=1,NGO in Rohini Delhi
ECOTROOP FOUNDATION,0.0,0,"ECOTROOP FOUNDATION | No reviews | Non-governmental organization · 2nd floor C, 8/5 | Open 24 hours · 096256 65588",https://www.google.com/maps/place/ECOTROOP+FOUNDATION/data=!4m7!3m6!1s0x390d011518142903:0x9d4a9de8bb03aade!8m2!3d28.7309194!4d77.1277312!16s%2Fg%2F11rq1r604m!19sChIJAykUGBUBDTkR3qoDu-idSp0?authuser=0&hl=en&g_ep=EgoyMDI2MDkyNy4xIJJjKgBIAVAD&rclk=1,NGO in Rohini Delhi
Govind Ram Foundation-NGO,0.0,1,Govind Ram Foundation-NGO | 5.0(1) | Corporate office · P462+CGH | ,https://www.google.com/maps/place/Govind+Ram+Foundation-NGO/data=!4m7!3m6!1s0x390d07a312578025:0xcad5a7cd3c628ca5!8m2!3d28.7110715!4d77.1013658!16s%2Fg%2F11fr0s2t8s!19sChIJJYBXEqMHDTkRpYxiPM2n1co?authuser=0&hl=en&g_ep=EgoyMDI2MDkyNy4xIJJjKgBIAVAD&rclk=1,NGO in Rohini Delhi
DHURI HOON MAI NGO,0.0,0,"DHURI HOON MAI NGO | No reviews | Social services organization · STREET NO. 23, H. NO. A1, 45/46, Sharma Colony Rd | Closes soon · 6 pm · Opens 12 pm Thu · 078383 98878",https://www.google.com/maps/place/DHURI+HOON+MAI+NGO/data=!4m7!3m6!1s0x390d0739e3c7a663:0xa853a6fb89d7efac!8m2!3d28.7217388!4d77.0899698!16s%2Fg%2F11yr9mtv17!19sChIJY6bH4zkHDTkRrO_XifumU6g?authuser=0&hl=en&g_ep=EgoyMDI2MDkyNy4xIJJjKgBIAVAD&rclk=1,NGO in Rohini Delhi
Shubhakshika Bal Ashray,0.0,15,"Shubhakshika Bal Ashray | 4.4(15) | c2 68, C2/68 | Closes soon · 6 pm · Opens 8 am Thu",https://www.google.com/maps/place/Shubhakshika+Bal+Ashray/data=!4m7!3m6!1s0x390d0117620bb679:0xe65c74f3057460ae!8m2!3d28.7410161!4d77.1293872!16s%2Fg%2F11b7k10nq2!19sChIJebYLYhcBDTkRrmB0BfN0XOY?authuser=0&hl=en&g_ep=EgoyMDI2MDkyNy4xIJJjKgBIAVAD&rclk=1,NGO in Rohini Delhi
Samkaksha Foundation,0.0,1,"Samkaksha Foundation | 5.0(1) | Non-profit organization ·  · 64, Pocket, 1 | Closed · Opens 10 am Thu · 093133 72162",https://www.google.com/maps/place/Samkaksha+Foundation/data=!4m7!3m6!1s0x390d01c1254e3e5f:0xd4cfed2a042891d3!8m2!3d28.7383364!4d77.1164827!16s%2Fg%2F11h_3zg1fc!19sChIJXz5OJcEBDTkR05EoBCrtz9Q?authuser=0&hl=en&g_ep=EgoyMDI2MDkyNy4xIJJjKgBIAVAD&rclk=1,NGO in Rohini Delhi
Aim of Care Youth Empowerment Foundation,0.0,2,"Aim of Care Youth Empowerment Foundation | 5.0(2) | Non-governmental organization · Office no - 104, 1st floor, Best Sky Tower | Open · Closes 7 pm · 093555 33166",https://www.google.com/maps/place/Aim+of+Care+Youth+Empowerment+Foundation/data=!4m7!3m6!1s0x390d015d2729912d:0x4241d304d3836ef2!8m2!3d28.6922865!4d77.1490107!16s%2Fg%2F11c6s58vrs!19sChIJLZEpJ10BDTkR8m6D0wTTQUI?authuser=0&hl=en&g_ep=EgoyMDI2MDkyNy4xIJJjKgBIAVAD&rclk=1,NGO in Rohini Delhi
Vishuddha Heeling Foundation,0.0,1,Vishuddha Heeling Foundation | 5.0(1) | Non-governmental organization | Open 24 hours,https://www.google.com/maps/place/Vishuddha+Heeling+Foundation/data=!4m7!3m6!1s0x390d01e721578b27:0x1e3fef058d8afb4b!8m2!3d28.5273522!4d77.2089851!16s%2Fg%2F11hzxpyg4d!19sChIJJ4tXIecBDTkRS_uKjQXvPx4?authuser=0&hl=en&g_ep=EgoyMDI2MDkyNy4xIJJjKgBIAVAD&rclk=1,NGO in Rohini Delhi
ZINDGI SMILE FOUNDATION,0.0,1,"ZINDGI SMILE FOUNDATION | 5.0(1) | Education center · D-2/129, Shiv Durga Mandir, Sunday, Market Rd, near Nahar Place | ",https://www.google.com/maps/place/ZINDGI+SMILE+FOUNDATION/data=!4m7!3m6!1s0x390d07a5af86fddd:0x81e36f921697839d!8m2!3d28.7364473!4d77.0747574!16s%2Fg%2F11t89zx8h6!19sChIJ3f2Gr6UHDTkRnYOXFpJv44E?authuser=0&hl=en&g_ep=EgoyMDI2MDkyNy4xIJJjKgBIAVAD&rclk=1,NGO in Rohini Delhi
Indraprastha All India Sports Foundation,0.0,3,"Indraprastha All India Sports Foundation | 5.0(3) | Corporate office · C - 9/19, Sector - 7, Rohini | Closed · Opens 9 am Thu · 097177 90397",https://www.google.com/maps/place/Indraprastha+All+India+Sports+Foundation/data=!4m7!3m6!1s0x390d0157692bb9ad:0xf9caa2ae1917e15c!8m2!3d28.7090323!4d77.113127!16s%2Fg%2F11c2087_03!19sChIJrbkraVcBDTkRXOEXGa6iyvk?authuser=0&hl=en&g_ep=EgoyMDI2MDkyNy4xIJJjKgBIAVAD&rclk=1,NGO in Rohini Delhi
Humanify Foundation,0.0,18,"Humanify Foundation | 5.0(18) | Non-governmental organization · 414, Upper Ground Floor | 098102 95333",https://www.google.com/maps/place/Humanify+Foundation/data=!4m7!3m6!1s0x390d03d1b4d6aaab:0xd31d5c27a22b35c!8m2!3d28.6963143!4d77.1396812!16s%2Fg%2F11frdst9lt!19sChIJq6rWtNEDDTkRXLMiesLVMQ0?authuser=0&hl=en&g_ep=EgoyMDI2MDkyNy4xIJJjKgBIAVAD&rclk=1,NGO in Rohini Delhi
MINAKSHI PARIWAR,0.0,3,"MINAKSHI PARIWAR | 5.0(3) | Non-governmental organization · A/156, Rani Bagh | 088261 06671",https://www.google.com/maps/place/MINAKSHI+PARIWAR/data=!4m7!3m6!1s0x390d03c509a719b5:0x73cfd5cef74adf59!8m2!3d28.6930443!4d77.135095!16s%2Fg%2F11f15l5r5q!19sChIJtRmnCcUDDTkRWd9K987Vz3M?authuser=0&hl=en&g_ep=EgoyMDI2MDkyNy4xIJJjKgBIAVAD&rclk=1,NGO in Rohini Delhi
Youth Veerangnayen,0.0,147,"Youth Veerangnayen | 4.9(147) | Corporate office · Pocket E-18, 238 | 072064 40270",https://www.google.com/maps/place/Youth+Veerangnayen/data=!4m7!3m6!1s0x390d03e3608134a3:0xa791d9c67f069eb3!8m2!3d28.6997606!4d77.1154123!16s%2Fg%2F11q93f0st7!19sChIJozSBYOMDDTkRs54Gf8bZkac?authuser=0&hl=en&g_ep=EgoyMDI2MDkyNy4xIJJjKgBIAVAD&rclk=1,NGO in Rohini Delhi
AHYS NGO,0.0,1,"AHYS NGO | 3.0(1) | Social services organization · P22X+MF2, Mubarak Pur Dabas Rd | ",https://www.google.com/maps/place/AHYS+NGO/data=!4m7!3m6!1s0x390d07e3556c17ff:0xe38b683b34987c36!8m2!3d28.7016272!4d77.0486508!16s%2Fg%2F11vhqhz97g!19sChIJ_xdsVeMHDTkRNnyYNDtoi-M?authuser=0&hl=en&g_ep=EgoyMDI2MDkyNy4xIJJjKgBIAVAD&rclk=1,NGO in Rohini Delhi
Child Home NGO,0.0,7,"Child Home NGO | 4.1(7) | Charity · Sangam Complex, Samaypur - Libaspur Rd | 092120 08898",https://www.google.com/maps/place/Child+Home+NGO/data=!4m7!3m6!1s0x390d0101aa8dfa87:0xff12a0366b204ae3!8m2!3d28.7501908!4d77.1424717!16s%2Fg%2F11bzrb7_w9!19sChIJh_qNqgEBDTkR40ogazagEv8?authuser=0&hl=en&g_ep=EgoyMDI2MDkyNy4xIJJjKgBIAVAD&rclk=1,NGO in Rohini Delhi
Little Feet Kindercare NGO,0.0,0,"Little Feet Kindercare NGO | No reviews | Education center · JD Block, behind JD Market | Closed · Opens 9:30 am Thu",https://www.google.com/maps/place/Little+Feet+Kindercare+NGO/data=!4m7!3m6!1s0x390d038e77f75407:0x6a54cd9918bc566!8m2!3d28.7008779!4d77.1366276!16s%2Fg%2F11nj8m5cc6!19sChIJB1T3d44DDTkRZsWLkdlMpQY?authuser=0&hl=en&g_ep=EgoyMDI2MDkyNy4xIJJjKgBIAVAD&rclk=1,NGO in Rohini Delhi
Swami Vivekananda Samajik Chetna Trust,0.0,16,"Swami Vivekananda Samajik Chetna Trust | 4.3(16) | Non-profit organization · 639, Prahladpur Rd, near Chaudharana Mandir | 098991 92314",https://www.google.com/maps/place/Swami+Vivekananda+Samajik+Chetna+Trust/data=!4m7!3m6!1s0x390d069ffce414db:0xc231e16e3b904f69!8m2!3d28.7177836!4d77.0768441!16s%2Fg%2F11f2grz9c2!19sChIJ2xTk_J8GDTkRaU-QO27hMcI?authuser=0&hl=en&g_ep=EgoyMDI2MDkyNy4xIJJjKgBIAVAD&rclk=1,NGO in Rohini Delhi
Sukoon Villa Foundation,0.0,31,Sukoon Villa Foundation | 4.9(31) | Addiction treatment center | Open · Closes 8 pm · 098710 50596,https://www.google.com/maps/place/Sukoon+Villa+Foundation/data=!4m7!3m6!1s0x390d0690e8ffffff:0x56d96838f80e3c6c!8m2!3d28.7145421!4d77.0721109!16s%2Fg%2F11f3t020bz!19sChIJ____6JAGDTkRbDwO-Dho2VY?authuser=0&hl=en&g_ep=EgoyMDI2MDkyNy4xIJJjKgBIAVAD&rclk=1,NGO in Rohini Delhi
Alpha library,0.0,203,"Alpha library | 4.6(203) | Library ·  · H.no 1, Gali No. 17, opposite to ICICI Bank | Open · Closes 11 pm · 088603 37542",https://www.google.com/maps/place/Alpha+library/data=!4m7!3m6!1s0x390d03d39d74dffb:0xe5ce209d573bf689!8m2!3d28.6968133!4d77.1059825!16s%2Fg%2F11rxskz5db!19sChIJ-990ndMDDTkRifY7V50gzuU?authuser=0&hl=en&g_ep=EgoyMDI2MDkyNy4xIJJjKgBIAVAD&rclk=1,NGO in Rohini Delhi
Kamyadaan Charitable Trust,0.0,1,"Kamyadaan Charitable Trust | 5.0(1) | Charity · F-11/45, 2nd Floor, North | 093152 21839",https://www.google.com/maps/place/Kamyadaan+Charitable+Trust/data=!4m7!3m6!1s0x390d011518142903:0xe915b048328920aa!8m2!3d28.7309976!4d77.1277794!16s%2Fg%2F11j83sj0cw!19sChIJAykUGBUBDTkRqiCJMkiwFek?authuser=0&hl=en&g_ep=EgoyMDI2MDkyNy4xIJJjKgBIAVAD&rclk=1,NGO in Rohini Delhi
The Shri Ram Wonder Years,0.0,77,"The Shri Ram Wonder Years | 4.6(77) | Preschool ·  · Near, Veer Apartments Rd | Closed · Opens 8 am Thu · 088001 82982",https://www.google.com/maps/place/The+Shri+Ram+Wonder+Years/data=!4m7!3m6!1s0x390d0142724a4bcf:0x6061ff59b1b14460!8m2!3d28.721767!4d77.1250562!16s%2Fg%2F11bx9pjcn4!19sChIJz0tKckIBDTkRYESxsVn_YWA?authuser=0&hl=en&g_ep=EgoyMDI2MDkyNy4xIJJjKgBIAVAD&rclk=1,NGO in Rohini Delhi
Apeksha Welfare Society,0.0,1,"Apeksha Welfare Society | 5.0(1) | Social services organization · C-2/37, Badli Rd | 092121 21855",https://www.google.com/maps/place/Apeksha+Welfare+Society/data=!4m7!3m6!1s0x390d01130784cfdd:0xff405760e71e273c!8m2!3d28.7327103!4d77.1335401!16s%2Fg%2F12hslbgdy!19sChIJ3c-EBxMBDTkRPCce52BXQP8?authuser=0&hl=en&g_ep=EgoyMDI2MDkyNy4xIJJjKgBIAVAD&rclk=1,NGO in Rohini Delhi
Ashima Foundation Tata Power DDL VTC 3,0.0,8,Ashima Foundation Tata Power DDL VTC 3 | 4.6(8) | Non-governmental organization · P398+RF7 | Closed · Opens 9 am Thu,https://www.google.com/maps/place/Ashima+Foundation+Tata+Power+DDL+VTC+3/data=!4m7!3m6!1s0x390d0708f860e915:0x7cd1e14791b1ff8!8m2!3d28.7195274!4d77.0661602!16s%2Fg%2F11qq94w2bv!19sChIJFelg-AgHDTkR-B8beRQezQc?authuser=0&hl=en&g_ep=EgoyMDI2MDkyNy4xIJJjKgBIAVAD&rclk=1,NGO in Rohini Delhi
Bhartiya chaurasiya Sanghthan,0.0,6,Bhartiya chaurasiya Sanghthan | 4.8(6) | Non-profit organization · new delhi | Closed · Opens 9 am Thu · 093543 76104,https://www.google.com/maps/place/Bhartiya+chaurasiya+Sanghthan/data=!4m7!3m6!1s0x390d01009d9cf587:0xd7147f260be7e62c!8m2!3d28.7153451!4d77.1088008!16s%2Fg%2F11khw2b1f5!19sChIJh_WcnQABDTkRLObnCyZ_FNc?authuser=0&hl=en&g_ep=EgoyMDI2MDkyNy4xIJJjKgBIAVAD&rclk=1,NGO in Rohini Delhi
Vrikshandolan Foundation,0.0,0,Vrikshandolan Foundation | No reviews | Non-profit organization · North | 097185 70571,https://www.google.com/maps/place/Vrikshandolan+Foundation/data=!4m7!3m6!1s0x390d010d42d9b401:0xd60f232dd41d6dab!8m2!3d28.7168314!4d77.1234954!16s%2Fg%2F11lkntzqj3!19sChIJAbTZQg0BDTkRq20d1C0jD9Y?authuser=0&hl=en&g_ep=EgoyMDI2MDkyNy4xIJJjKgBIAVAD&rclk=1,NGO in Rohini Delhi
Shaheed Smriti Chetna Samiti,0.0,9,"Shaheed Smriti Chetna Samiti | 5.0(9) | Non-governmental organization · Flat No.104, Grond Floor | Open · Closes 8 pm · 081306 35755",https://www.google.com/maps/place/Shaheed+Smriti+Chetna+Samiti/data=!4m7!3m6!1s0x390d06c7d7b1ea0f:0xa227c404de148eb2!8m2!3d28.7320013!4d77.0937237!16s%2Fg%2F11f13qb27l!19sChIJD-qx18cGDTkRso4U3gTEJ6I?authuser=0&hl=en&g_ep=EgoyMDI2MDkyNy4xIJJjKgBIAVAD&rclk=1,NGO in Rohini Delhi
Ank NGO Vocational Training Center,0.0,1,Ank NGO Vocational Training Center | 5.0(1) | Education center · S53 | ,https://www.google.com/maps/place/Ank+NGO+Vocational+Training+Center/data=!4m7!3m6!1s0x390d0100754d8b21:0x4c945c0a3c103129!8m2!3d28.7479411!4d77.1321865!16s%2Fg%2F11whx8_gj6!19sChIJIYtNdQABDTkRKTEQPApclEw?authuser=0&hl=en&g_ep=EgoyMDI2MDkyNy4xIJJjKgBIAVAD&rclk=1,NGO in Rohini Delhi
BPMS Library,0.0,14,BPMS Library | 4.8(14) | Government office · P48M+GPG | Closes soon · 6 pm · Opens 10 am Thu,https://www.google.com/maps/place/BPMS+Library/data=!4m7!3m6!1s0x390d01b8d79172ff:0x27955366561a407a!8m2!3d28.7163223!4d77.1343255!16s%2Fg%2F11f6fzt1h0!19sChIJ_3KR17gBDTkRekAaVmZTlSc?authuser=0&hl=en&g_ep=EgoyMDI2MDkyNy4xIJJjKgBIAVAD&rclk=1,NGO in Rohini Delhi
"NGO, SHAKTI SAMADHAN FOUNDATION ( MEENA ARORA)",0.0,0,"NGO, SHAKTI SAMADHAN FOUNDATION ( MEENA ARORA) | No reviews | Housing society · 140 | ","https://www.google.com/maps/place/NGO,+SHAKTI+SAMADHAN+FOUNDATION+%28+MEENA+ARORA%29/data=!4m7!3m6!1s0x390d03006f05b009:0x1b9cc6c49edba971!8m2!3d28.6934064!4d77.1294608!16s%2Fg%2F11xw4bkr1d!19sChIJCbAFbwADDTkRcanbnsTGnBs?authuser=0&hl=en&g_ep=EgoyMDI2MDkyNy4xIJJjKgBIAVAD&rclk=1",NGO in Rohini Delhi
Being Human Clothing,0.0,83,"Being Human Clothing | 4.2(83) | Clothing store · MLCP Plot, West Metro Station, Shop No: G-27, Ground Floor Unity One | Open · Closes 9:30 pm · 099539 26208",https://www.google.com/maps/place/Being+Human+Clothing/data=!4m7!3m6!1s0x390d015ae700f9ed:0x9ae32eb9a9f15210!8m2!3d28.7150217!4d77.1162251!16s%2Fg%2F11c5h30xc1!19sChIJ7fkA51oBDTkREFLxqbku45o?authuser=0&hl=en&g_ep=EgoyMDI2MDkyNy4xIJJjKgBIAVAD&rclk=1,NGO in Rohini Delhi
Om Documentation,0.0,27,"Om Documentation | 5.0(27) | Consultant · G- 20/234, near LG showroom | Open · Closes 9 pm · 098990 20185",https://www.google.com/maps/place/Om+Documentation/data=!4m7!3m6!1s0x4655616c0129a439:0x473ef44405ed27aa!8m2!3d28.7113977!4d77.1144206!16s%2Fg%2F11yq38pszy!19sChIJOaQpAWxhVUYRqiftBUT0Pkc?authuser=0&hl=en&g_ep=EgoyMDI2MDkyNy4xIJJjKgBIAVAD&rclk=1,NGO in Rohini Delhi
SWAMI VIVEKANAND SAMAJIK CHETNA TRUST,0.0,0,"SWAMI VIVEKANAND SAMAJIK CHETNA TRUST | No reviews | Corporate office · Second Floor, H. No. 5 | 098991 92314",https://www.google.com/maps/place/SWAMI+VIVEKANAND+SAMAJIK+CHETNA+TRUST/data=!4m7!3m6!1s0x390d068e90000001:0x129c231342719f18!8m2!3d28.7168469!4d77.0643614!16s%2Fg%2F11n0ryrx07!19sChIJAQAAkI4GDTkRGJ9xQhMjnBI?authuser=0&hl=en&g_ep=EgoyMDI2MDkyNy4xIJJjKgBIAVAD&rclk=1,NGO in Rohini Delhi
Advocate Neha Batra & Associates,0.0,482,Advocate Neha Batra & Associates | 4.9(482) | Divorce lawyer · 58 | Open 24 hours · 089201 11892,https://www.google.com/maps/place/Advocate+Neha+Batra+%26+Associates/data=!4m7!3m6!1s0x390d0704b64cdd55:0xc0739c471c15b59b!8m2!3d28.7319512!4d77.086545!16s%2Fg%2F11r2g59xkl!19sChIJVd1MtgQHDTkRm7UVHEecc8A?authuser=0&hl=en&g_ep=EgoyMDI2MDkyNy4xIJJjKgBIAVAD&rclk=1,NGO in Rohini Delhi
Studykul Library,0.0,24,"Studykul Library | 4.4(24) | Library · 76, Ch Gugan Singh Marg | Open · Closes 8 pm",https://www.google.com/maps/place/Studykul+Library/data=!4m7!3m6!1s0x390d0726a7741ab5:0x7e841aa4635e9d08!8m2!3d28.7097341!4d77.08164!16s%2Fg%2F11j1bzk905!19sChIJtRp0pyYHDTkRCJ1eY6QahH4?authuser=0&hl=en&g_ep=EgoyMDI2MDkyNy4xIJJjKgBIAVAD&rclk=1,NGO in Rohini Delhi
Udaan-The Center Of Theatre Art & Child Development,0.0,108,"Udaan-The Center Of Theatre Art & Child Development | 4.9(108) | Children's theater · Workshop Available at All locations in India, Mother Divine Pubic School | 098735 70750",https://www.google.com/maps/place/Udaan-The+Center+Of+Theatre+Art+%26+Child+Development/data=!4m7!3m6!1s0x390d03baa4866a35:0xa2d82a5794b0c7c9!8m2!3d28.7067128!4d77.1035897!16s%2Fg%2F11qh26jg5v!19sChIJNWqGpLoDDTkRycewlFcq2KI?authuser=0&hl=en&g_ep=EgoyMDI2MDkyNy4xIJJjKgBIAVAD&rclk=1,NGO in Rohini Delhi
Tax Deliver,0.0,290,"Tax Deliver | 4.9(290) | Tax preparation service · First Floor, C-9/28 | Open · Closes 7:30 pm · 095600 26399",https://www.google.com/maps/place/Tax+Deliver/data=!4m7!3m6!1s0x390d015815cc270b:0xbc7e88e0fb4e56f6!8m2!3d28.7095172!4d77.1228296!16s%2Fg%2F11g6njjt6j!19sChIJCyfMFVgBDTkR9lZO--CIfrw?authuser=0&hl=en&g_ep=EgoyMDI2MDkyNy4xIJJjKgBIAVAD&rclk=1,NGO in Rohini Delhi
NATIONAL CRIME INFORMATION BUREAU - NCIB Delhi,0.0,3,"NATIONAL CRIME INFORMATION BUREAU - NCIB Delhi | 4.0(3) | Non-governmental organization · DRM Palick School, Redat H No Q 77A Rajiv Nagar Exe, Sec 37, Gali No. 3 | Open 24 hours · 098863 59499",https://www.google.com/maps/place/NATIONAL+CRIME+INFORMATION+BUREAU+-+NCIB+Delhi/data=!4m7!3m6!1s0x390d06a93b88d26f:0x38a0cd898f055e3d!8m2!3d28.7079951!4d77.0948111!16s%2Fg%2F11n0cj17gc!19sChIJb9KIO6kGDTkRPV4Fj4nNoDg?authuser=0&hl=en&g_ep=EgoyMDI2MDkyNy4xIJJjKgBIAVAD&rclk=1,NGO in Rohini Delhi
NGO rAHi - NGO in Delhi (NGO in India),0.0,64,"NGO rAHi - NGO in Delhi (NGO in India) | 4.4(64) | Non-governmental organization ·  · H. No.51, Munshi Ram Colony | Closed · Opens 9 am Thu · 099588 09459",https://www.google.com/maps/place/NGO+rAHi+-+NGO+in+Delhi+%28NGO+in+India%29/data=!4m7!3m6!1s0x390cfe082bf42833:0xad733c2e9f90684a!8m2!3d28.714598!4d77.208607!16s%2Fg%2F11d_72v89j!19sChIJMyj0Kwj-DDkRSmiQny48c60?authuser=0&hl=en&g_ep=EgoyMDI2MDkyNy4xIJJjKgBIAVAD&rclk=1,NGO in Rohini Delhi
Cry Child Foundation,0.0,94,"Cry Child Foundation | 5.0(94) | Social welfare center · OFFICE NO.3 IIInd FLOOR, JAGDEV SINGH COMPLEX | Closes soon · 6 pm · Opens 9:30 am Thu · 095823 75405",https://www.google.com/maps/place/Cry+Child+Foundation/data=!4m7!3m6!1s0x390d06f4b8eca331:0xa2cc2ac8d049f096!8m2!3d28.7007168!4d77.1308883!16s%2Fg%2F11tdtbz5sf!19sChIJMaPsuPQGDTkRlvBJ0MgqzKI?authuser=0&hl=en&g_ep=EgoyMDI2MDkyNy4xIJJjKgBIAVAD&rclk=1,NGO in Pitampura Delhi
YOUTH EMPOWERMENT FOUNDATION,0.0,505,"YOUTH EMPOWERMENT FOUNDATION | 4.8(505) | Non-governmental organization · 3rd Floor, 3426B | Closed · Opens 9 am Thu · 093116 98690",https://www.google.com/maps/place/YOUTH+EMPOWERMENT+FOUNDATION/data=!4m7!3m6!1s0x390d1d8fd0ba7465:0xbc9f909f34315eb5!8m2!3d28.6837139!4d77.1339797!16s%2Fg%2F11hbpt69bn!19sChIJZXS60I8dDTkRtV4xNJ-Qn7w?authuser=0&hl=en&g_ep=EgoyMDI2MDkyNy4xIJJjKgBIAVAD&rclk=1,NGO in Pitampura Delhi
Womenite,0.0,611,"Womenite | 4.9(611) | Non-profit organization ·  · Vardhman Plaza, Plot No 12, Rd Number 44 | Closes soon · 6 pm · Opens 10 am Thu · 097179 73658",https://www.google.com/maps/place/Womenite/data=!4m7!3m6!1s0x390d046b6f806add:0xada9b1d3772a9779!8m2!3d28.6890232!4d77.1342424!16s%2Fg%2F11ggzm7wfl!19sChIJ3WqAb2sEDTkReZcqd9Oxqa0?authuser=0&hl=en&g_ep=EgoyMDI2MDkyNy4xIJJjKgBIAVAD&rclk=1,NGO in Pitampura Delhi
SMILE FOR ALL,0.0,16,"SMILE FOR ALL | 4.9(16) | Non-governmental organization · pp-8, opp. NDPL Office | Closed · Opens 9 am Thu · 092121 31416",https://www.google.com/maps/place/SMILE+FOR+ALL/data=!4m7!3m6!1s0x390d022cb602e665:0x36d69a6f6c9a0357!8m2!3d28.7013421!4d77.1488983!16s%2Fg%2F1txfmjhp!19sChIJZeYCtiwCDTkRVwOabG-a1jY?authuser=0&hl=en&g_ep=EgoyMDI2MDkyNy4xIJJjKgBIAVAD&rclk=1,NGO in Pitampura Delhi
Nanhe Pakshi,0.0,244,"Nanhe Pakshi | 5.0(244) | Non-governmental organization · Ground Floor, C-7/226 | Open 24 hours · 088260 22832",https://www.google.com/maps/place/Nanhe+Pakshi/data=!4m7!3m6!1s0x390d03d9f656f2d7:0xaa732eb7fad224d1!8m2!3d28.691207!4d77.158664!16s%2Fg%2F11gmwfn_pq!19sChIJ1_JW9tkDDTkR0STS-rcuc6o?authuser=0&hl=en&g_ep=EgoyMDI2MDkyNy4xIJJjKgBIAVAD&rclk=1,NGO in Pitampura Delhi
NGO PARTNERS,0.0,24,"NGO PARTNERS | 3.7(24) | Social services organization · 3426b, 3rd floor | 093116 98690",https://www.google.com/maps/place/NGO+PARTNERS/data=!4m7!3m6!1s0x390d03c796aaaaab:0xebce94bfc6c4eddb!8m2!3d28.6853636!4d77.1352137!16s%2Fg%2F11pyj984vw!19sChIJq6qqlscDDTkR2-3Exr-Uzus?authuser=0&hl=en&g_ep=EgoyMDI2MDkyNy4xIJJjKgBIAVAD&rclk=1,NGO in Pitampura Delhi
Gyan Elevate Education India Foundation,0.0,12,Gyan Elevate Education India Foundation | 5.0(12) | Non-governmental organization · KP-40 | Open · Closes 8 pm · 084482 71829,https://www.google.com/maps/place/Gyan+Elevate+Education+India+Foundation/data=!4m7!3m6!1s0x390d03d41a5b0455:0x2e5665cd809cc5ca!8m2!3d28.7000804!4d77.1474986!16s%2Fg%2F11jt6ysg_6!19sChIJVQRbGtQDDTkRysWcgM1lVi4?authuser=0&hl=en&g_ep=EgoyMDI2MDkyNy4xIJJjKgBIAVAD&rclk=1,NGO in Pitampura Delhi
Shama Foundation Rehabilitation Centre,0.0,11,Shama Foundation Rehabilitation Centre | 5.0(11) | Non-profit organization · 37 | Open · Closes 9 pm · 098914 45414,https://www.google.com/maps/place/Shama+Foundation+Rehabilitation+Centre/data=!4m7!3m6!1s0x390d030eec7d7a31:0xfb14623790a7508c!8m2!3d28.698779!4d77.137731!16s%2Fg%2F11j3_ydkwn!19sChIJMXp97A4DDTkRjFCnkDdiFPs?authuser=0&hl=en&g_ep=EgoyMDI2MDkyNy4xIJJjKgBIAVAD&rclk=1,NGO in Pitampura Delhi
Mansingh Foundation,0.0,1,"Mansingh Foundation | 5.0(1) | Non-profit organization · Address: First Floor, Plot No. 10 | 099993 59343",https://www.google.com/maps/place/Mansingh+Foundation/data=!4m7!3m6!1s0x390d035af09b281b:0xcebfb4b6a7615ed3!8m2!3d28.69905!4d77.137708!16s%2Fg%2F11vrkd_80t!19sChIJGyib8FoDDTkR015hp7a0v84?authuser=0&hl=en&g_ep=EgoyMDI2MDkyNy4xIJJjKgBIAVAD&rclk=1,NGO in Pitampura Delhi
Mission Child Care,0.0,9,Mission Child Care | 5.0(9) | Non-governmental organization · J-100 | Closes soon · 6:30 pm · Opens 10 am Thu · 088003 64302,https://www.google.com/maps/place/Mission+Child+Care/data=!4m7!3m6!1s0x390d03c7796b91f9:0xdf09fd72a4e6a85f!8m2!3d28.697019!4d77.126736!16s%2Fg%2F11gcpy_d5h!19sChIJ-ZFreccDDTkRX6jmpHL9Cd8?authuser=0&hl=en&g_ep=EgoyMDI2MDkyNy4xIJJjKgBIAVAD&rclk=1,NGO in Pitampura Delhi
NIPUN NGO,0.0,99,"NIPUN NGO | 4.7(99) | Non-governmental organization · Rzc-96, 50 Feet Rd | Closes soon · 6 pm · Opens 9 am Thu · 083769 41500",https://www.google.com/maps/place/NIPUN+NGO/data=!4m7!3m6!1s0x390d0443056f6265:0xe54f874d3fc8850b!8m2!3d28.6692582!4d77.0759556!16s%2Fg%2F11g8vpw49t!19sChIJZWJvBUMEDTkRC4XIP02HT-U?authuser=0&hl=en&g_ep=EgoyMDI2MDkyNy4xIJJjKgBIAVAD&rclk=1,NGO in Pitampura Delhi
Neelkanth Foundation,0.0,72,"Neelkanth Foundation | 4.9(72) | Foundation · A 2nd Floor, G-1/35 | Open 24 hours · 099909 11117",https://www.google.com/maps/place/Neelkanth+Foundation/data=!4m7!3m6!1s0x390d07be61ada309:0xea2cd6837e1d21c8!8m2!3d28.7094109!4d77.0875337!16s%2Fg%2F11n_y4nh55!19sChIJCaOtYb4HDTkRyCEdfoPWLOo?authuser=0&hl=en&g_ep=EgoyMDI2MDkyNy4xIJJjKgBIAVAD&rclk=1,NGO in Pitampura Delhi
Sewah Welfare Foundation,0.0,11,"Sewah Welfare Foundation | 5.0(11) | Social services organization · House No. 29, Parking Floor Anand Vihar, near Hanuman Mandir | Open now · 093104 01130",https://www.google.com/maps/place/Sewah+Welfare+Foundation/data=!4m7!3m6!1s0x390d03b3c30dc4db:0xcc428aeb4061ebfa!8m2!3d28.6931023!4d77.1264824!16s%2Fg%2F11ll9r5g04!19sChIJ28QNw7MDDTkR-uthQOuKQsw?authuser=0&hl=en&g_ep=EgoyMDI2MDkyNy4xIJJjKgBIAVAD&rclk=1,NGO in Pitampura Delhi
